date,discharge,water_level,recruits,mortality,mortality_anoxia,mortality_shear,mortality_sediment,mortality_drought,present_cells,presence_fraction,mean_age_days,mean_effective_age_days,mean_biomass,biomass_integral_m,mean_carrying_capacity,mean_groundwater_depth_m,mean_growth_rate,mean_flood_decay_rate,growth_cells,decay_cells
2023-01-01,60.0,2.474401235432747,0,0,0,0,0,0,10,0.06289308176100629,1.0,0.0,0.02772241076616654,1.0894205571907154,0.9367540842667202,1.2355830412968127,0.00011967204630585114,0.0,159,242
2023-01-02,60.0,2.474401235432747,0,0,0,0,0,0,11,0.06918238993710692,1.9090909090909092,0.0,0.02784258530070394,1.094152071577483,0.9367540842667202,1.2355830412968127,0.00012017453453739305,0.0,159,242
2023-01-03,60.0,2.474401235432747,0,0,0,0,0,0,11,0.06918238993710692,2.9090909090909087,0.0,0.02796326428175955,1.0989034846846886,0.9367540842667202,1.2355830412968127,0.00012067898105562534,0.0,159,242
2023-01-04,60.0,2.474401235432747,0,0,0,0,0,0,11,0.06918238993710692,3.9090909090909087,0.0,0.028084449673911875,1.103674874171729,0.9367540842667202,1.2355830412968127,0.00012118539215231501,0.0,159,242
2023-01-05,60.0,2.474401235432747,0,0,0,0,0,0,14,0.0880503144654088,4.071428571428571,0.0,0.028206143448039442,1.108466317947813,0.9367540842667202,1.2355830412968127,0.00012169377412756239,0.0,159,242
2023-01-06,60.0,2.474401235432747,0,0,0,0,0,0,14,0.0880503144654088,5.071428571428571,0.0,0.028328347581329127,1.11327789417229,0.9367540842667202,1.2355830412968127,0.00012220413328969376,0.0,159,242
2023-01-07,60.0,2.474401235432747,0,0,0,0,0,0,15,0.09433962264150944,5.733333333333333,0.0,0.02845106405728428,1.1181096812549784,0.9367540842667202,1.2355830412968127,0.0001227164759551529,0.0,159,242
2023-01-08,60.0,2.474401235432747,0,0,0,0,0,0,15,0.09433962264150944,6.733333333333333,0.0,0.028574294865732677,1.1229617578564857,0.9367540842667202,1.2355830412968127,0.00012323080844839067,0.0,159,242
2023-01-09,60.0,2.474401235432747,0,0,0,0,0,0,18,0.11320754716981132,6.611111111111111,0.0,0.028698042002834427,1.127834202888528,0.9367540842667202,1.2355830412968127,0.00012374713710175378,0.0,159,242
2023-01-10,60.0,2.474401235432747,0,0,0,0,0,0,18,0.11320754716981132,7.611111111111111,0.0,0.0288223074710898,1.1327270955142437,0.9367540842667202,1.2355830412968127,0.00012426546825537166,0.0,159,242
2023-01-11,60.0,2.474401235432747,0,0,0,0,0,0,20,0.12578616352201258,7.8500000000000005,0.0,0.028947093279346844,1.1376405151485014,0.9367540842667202,1.2355830412968127,0.00012478580825704236,0.0,159,242
2023-01-12,60.0,2.474401235432747,0,0,0,0,0,0,22,0.13836477987421383,8.136363636363637,0.0,0.02907240144280896,1.1425745414582038,0.9367540842667202,1.2355830412968127,0.0001253081634621168,0.0,159,242
2023-01-13,60.0,2.474401235432747,0,0,0,0,0,0,24,0.1509433962264151,8.458333333333334,0.0,0.029198233983042336,1.1475292543625901,0.9367540842667202,1.2355830412968127,0.00012583254023338183,0.0,159,242
2023-01-14,60.0,2.474401235432747,0,0,0,0,0,0,24,0.1509433962264151,9.458333333333334,0.0,0.029324592927983284,1.1525047340335284,0.9367540842667202,1.2355830412968127,0.00012635894494094125,0.0,159,242
2023-01-15,60.0,2.474401235432747,0,0,0,0,0,0,24,0.1509433962264151,10.458333333333334,0.0,0.02945148031194538,1.1575010608958074,0.9367540842667202,1.2355830412968127,0.00012688738396209636,0.0,159,242
2023-01-16,60.0,2.474401235432747,0,0,0,0,0,0,24,0.1509433962264151,11.458333333333334,0.0,0.029578898175626603,1.1625183156274217,0.9367540842667202,1.2355830412968127,0.0001274178636812241,0.0,159,242
2023-01-17,60.0,2.474401235432747,0,0,0,0,0,0,24,0.1509433962264151,12.458333333333334,0.0,0.029706848566116252,1.167556579159853,0.9367540842667202,1.2355830412968127,0.00012795039048965436,0.0,159,242
2023-01-18,60.0,2.474401235432747,0,0,0,0,0,0,25,0.15723270440251572,12.96,0.0,0.0298353335369018,1.1726159326783454,0.9367540842667202,1.2355830412968127,0.00012848497078554565,0.0,159,242
2023-01-19,60.0,2.474401235432747,0,0,0,0,0,0,25,0.15723270440251572,13.96,0.0,0.029964355147875557,1.1776964576221771,0.9367540842667202,1.2355830412968127,0.00012902161097375913,0.0,159,242
2023-01-20,60.0,2.474401235432747,0,0,0,0,0,0,27,0.16981132075471697,13.925925925925926,0.0,0.03009391546534129,1.1827982356849258,0.9367540842667202,1.2355830412968127,0.00012956031746573136,0.0,159,242
2023-01-21,60.0,2.474401235432747,0,0,0,0,0,0,27,0.16981132075471697,14.925925925925926,0.0,0.030224016562020634,1.1879213488147289,0.9367540842667202,1.2355830412968127,0.00013010109667934544,0.0,159,242
2023-01-22,60.0,2.474401235432747,0,0,0,0,0,0,27,0.16981132075471697,15.925925925925926,0.0,0.030354660517059432,1.1930658792145408,0.9367540842667202,1.2355830412968127,0.00013064395503880065,0.0,159,242
2023-01-23,60.0,2.474401235432747,0,0,0,0,0,0,27,0.16981132075471697,16.925925925925927,0.0,0.03048584941603392,1.1982319093423826,0.9367540842667202,1.2355830412968127,0.00013118889897448076,0.0,159,242
2023-01-24,60.0,2.474401235432747,0,0,0,0,0,0,27,0.16981132075471697,17.925925925925927,0.0,0.030617585350956735,1.203419521911587,0.9367540842667202,1.2355830412968127,0.00013173593492282038,0.0,159,242
2023-01-25,60.0,2.474401235432747,0,0,0,0,0,0,28,0.1761006289308176,18.285714285714285,0.0,0.030749870420282904,1.208628799891039,0.9367540842667202,1.2355830412968127,0.00013228506932617032,0.0,159,242
2023-01-26,60.0,2.474401235432747,0,0,0,0,0,0,28,0.1761006289308176,19.285714285714285,0.0,0.030882706728915573,1.2138598265054101,0.9367540842667202,1.2355830412968127,0.00013283630863266082,0.0,159,242
2023-01-27,60.0,2.474401235432747,0,0,0,0,0,0,31,0.1949685534591195,18.419354838709676,0.0,0.031016096388211636,1.2191126852353877,0.9367540842667202,1.2355830412968127,0.00013338965929606393,0.0,159,242
2023-01-28,60.0,2.474401235432747,0,0,0,0,0,0,31,0.1949685534591195,19.419354838709676,0.0,0.031150041515987287,1.2243874598178983,0.9367540842667202,1.2355830412968127,0.00013394512777565353,0.0,159,242
2023-01-29,60.0,2.474401235432747,0,0,0,0,0,0,31,0.1949685534591195,20.419354838709676,0.0,0.03128454423652335,1.2296842342463263,0.9367540842667202,1.2355830412968127,0.0001345027205360644,0.0,159,242
2023-01-30,60.0,2.474401235432747,0,0,0,0,0,0,32,0.20125786163522014,20.78125,0.0,0.0314196066805705,1.235003092770726,0.9367540842667202,1.2355830412968127,0.00013506244404714945,0.0,159,242
2023-01-31,60.0,2.474401235432747,0,0,0,0,0,0,33,0.20754716981132076,21.151515151515152,0.0,0.03155523098535434,1.2403441198980283,0.9367540842667202,1.2355830412968127,0.00013562430478383528,0.0,159,242
2023-02-01,60.0,2.474401235432747,0,0,0,0,0,0,35,0.22012578616352202,20.942857142857143,0.0,0.03169141929458032,1.245707400392242,0.9367540842667202,1.2355830412968127,0.00013618830922597645,0.0,159,242
2023-02-02,60.0,2.474401235432747,0,0,0,0,0,0,36,0.22641509433962265,21.36111111111111,0.0,0.03182817375843852,1.2510930192746492,0.9367540842667202,1.2355830412968127,0.0001367544638582076,0.0,159,242
2023-02-03,60.0,2.474401235432747,0,0,0,0,0,0,36,0.22641509433962265,22.36111111111111,0.0,0.03196549653360831,1.2565010618239942,0.9367540842667202,1.2355830412968127,0.00013732277516979453,0.0,159,242
2023-02-04,60.00000000000001,2.4744012354327465,0,0,0,0,0,0,36,0.22641509433962265,23.36111111111111,0.0,0.0321033897832628,1.2619316135766676,0.9367540842667202,1.2355830412968132,0.0001378932496544833,0.0,159,242
2023-02-05,60.00000000000001,2.4744012354327465,0,0,0,0,0,0,37,0.23270440251572327,23.72972972972973,0.0,0.03224185567707314,1.2673847603268826,0.9367540842667202,1.2355830412968132,0.0001384658938103478,0.0,159,242
2023-02-06,60.000000000000014,2.4744012354327474,0,0,0,0,0,0,37,0.23270440251572327,24.72972972972973,0.0,0.032380896391212784,1.2728605881268478,0.9367540842667202,1.2355830412968125,0.00013904071413963555,0.0,159,242
2023-02-07,60.00000000000003,2.474401235432749,0,0,0,0,0,0,38,0.2389937106918239,25.078947368421055,0.0,0.0325205141083614,1.2783591832869305,0.9367540842667206,1.2355830412968107,0.00013961771714861198,0.0,159,242
2023-02-08,60.000000000000064,2.474401235432749,0,0,0,0,0,0,38,0.2389937106918239,26.078947368421055,0.0,0.032660711017708795,1.2838806323758178,0.9367540842667206,1.2355830412968107,0.000140196909347403,0.0,159,242
2023-02-09,60.00000000000013,2.474401235432749,0,0,0,0,0,0,40,0.25157232704402516,25.775000000000002,0.0,0.032801489314958625,1.2894250222206676,0.9367540842667206,1.2355830412968107,0.00014077829724983576,0.0,159,242
2023-02-10,60.00000000000025,2.474401235432752,0,0,0,0,0,0,40,0.25157232704402516,26.775000000000002,0.0,0.03294285120233191,1.2949924399072557,0.9367540842667209,1.2355830412968078,0.00014136188737327808,0.0,159,242
2023-02-11,60.0000000000005,2.474401235432757,0,0,0,0,0,0,41,0.2578616352201258,27.121951219512194,0.0,0.03308479888857039,1.3005829727801164,0.9367540842667214,1.2355830412968025,0.00014194768623847565,0.0,159,242
2023-02-12,60.00000000000097,2.4744012354327665,0,0,0,0,0,0,42,0.2641509433962264,27.476190476190478,0.0,0.03322733458893977,1.3061967084426747,0.936754084266722,1.2355830412967932,0.0001425357003693879,0.0,159,242
2023-02-13,60.0000000000019,2.4744012354327842,0,0,0,0,0,0,42,0.2641509433962264,28.476190476190478,0.0,0.03337046052523279,1.3118337347573734,0.9367540842667231,1.2355830412967757,0.00014312593629302203,0.0,159,242
2023-02-14,60.00000000000369,2.4744012354328184,0,0,0,0,0,0,43,0.27044025157232704,28.813953488372093,0.0,0.03351417892577207,1.317494139845795,0.9367540842667264,1.2355830412967412,0.00014371840053926545,0.0,159,242
2023-02-15,60.000000000007105,2.474401235432887,0,0,0,0,0,0,43,0.27044025157232704,29.813953488372093,0.0,0.033658492025412774,1.3231780120887744,0.9367540842667317,1.235583041296673,0.00014431309964071636,0.0,159,242
2023-02-16,60.00000000001361,2.4744012354330174,0,0,0,0,0,0,43,0.27044025157232704,30.813953488372093,0.0,0.033803402065545295,1.3288854401265038,0.9367540842667424,1.2355830412965425,0.0001449100401325127,0.0,159,242
2023-02-17,60.000000000025864,2.4744012354332616,0,0,0,0,0,0,44,0.27672955974842767,31.113636363636363,0.0,0.033948911294097446,1.3346165128586365,0.9367540842667619,1.235583041296298,0.0001455092285521593,0.0,159,242
2023-02-18,60.00000000004882,2.474401235433719,0,0,0,0,0,0,44,0.27672955974842767,32.11363636363637,0.0,0.034095021965536806,1.3403713194443778,0.9367540842667988,1.2355830412958406,0.0001461106714393538,0.0,159,242
2023-02-19,60.00000000009153,2.4744012354345712,0,0,0,0,0,0,44,0.27672955974842767,33.11363636363637,0.0,0.03424173634087262,1.3461499493025717,0.9367540842668679,1.2355830412949884,0.000146714375335811,0.0,159,242
2023-02-20,60.00000000017041,2.474401235436145,0,0,0,0,0,0,44,0.27672955974842767,34.11363636363637,0.0,0.03438905668765769,1.3519524921117807,0.9367540842669951,1.2355830412934146,0.00014732034678508586,0.0,159,242
2023-02-21,60.00000000031506,2.4744012354390317,0,0,0,0,0,0,45,0.2830188679245283,34.355555555555554,0.0,0.03453698527999009,1.3577790378103574,0.9367540842672286,1.2355830412905278,0.0001479285923323959,0.0,159,242
2023-02-22,60.00000000057848,2.474401235444286,0,0,0,0,0,0,45,0.2830188679245283,35.355555555555554,0.0,0.034685524398514536,1.3636296765965104,0.9367540842676543,1.2355830412852735,0.00014853911852444421,0.0,159,242
2023-02-23,60.000000001054794,2.4744012354537874,0,0,0,0,0,0,45,0.2830188679245283,36.355555555555554,0.0,0.03483467633042379,1.3695044989283627,0.9367540842684227,1.2355830412757722,0.00014915193190924344,0.0,159,242
2023-02-24,60.00000000190999,2.474401235470848,0,0,0,0,0,0,45,0.2830188679245283,37.355555555555554,0.0,0.034984443369459724,1.3754035955240034,0.9367540842698033,1.2355830412587117,0.00014976703903594435,0.0,159,242
2023-02-25,60.0000000034346,2.474401235501263,0,0,0,0,0,0,46,0.2893081761006289,37.54347826086957,0.0,0.0351348278159144,1.3813270573615317,0.9367540842722643,1.2355830412282969,0.00015038444645467197,0.0,159,242
2023-02-26,60.00000000613348,2.4744012355551006,0,0,0,0,0,0,47,0.29559748427672955,37.744680851063826,0.0,0.03528583197663078,1.3872749756790983,0.9367540842766204,1.235583041174459,0.00015100416071637792,0.0,159,242
2023-02-27,60.00000001087731,2.4744012356497316,0,0,0,0,0,0,48,0.3018867924528302,37.958333333333336,0.0,0.035437458165003495,1.3932474419749377,0.9367540842842773,1.2355830410798283,0.0001516261883727183,0.0,159,242
2023-02-28,60.00000001915667,2.4744012358148906,0,0,0,0,0,0,49,0.3081761006289308,38.183673469387756,0.0,0.03558970870097948,1.3992445480074012,0.9367540842976413,1.235583040914669,0.00015225053597597827,0.0,159,242
2023-03-01,60.00000003350447,2.474401236101106,0,0,0,0,0,0,49,0.3081761006289308,39.183673469387756,0.0,0.03574258591105855,1.4052663857949874,0.9367540843208001,1.2355830406284536,0.00015287721007907243,0.0,159,242
2023-03-02,60.00000005819283,2.4744012365935997,0,0,0,0,0,0,50,0.31446540880503143,39.4,0.0,0.03589609212829422,1.4113130476163795,0.9367540843606499,1.23558304013596,0.0001535062172356728,0.0,159,242
2023-03-03,60.00000010037379,2.4744012374350413,0,0,0,0,0,0,51,0.32075471698113206,39.627450980392155,0.0,0.036050229692294766,1.4173846260104925,0.936754084428734,1.2355830392945186,0.0001541375640005431,0.0,159,242
2023-03-04,60.000000171931404,2.4744012388625,0,0,0,0,0,0,51,0.32075471698113206,40.627450980392155,0.0,0.03620500094922497,1.4234812137765505,0.9367540845442359,1.2355830378670598,0.00015477125693020866,0.0,159,242
2023-03-05,60.00000029246517,2.4744012412669534,0,0,0,0,0,0,52,0.3270440251572327,40.84615384615385,0.0,0.036360408251809126,1.4296029039742082,0.9367540847387902,1.2355830354626065,0.00015540730258416203,0.0,159,242
2023-03-06,60.00000049405712,2.474401245288386,0,0,0,0,0,0,52,0.3270440251572327,41.84615384615385,0.0,0.03651645395933606,1.4357497899237517,0.9367540850641807,1.235583031441174,0.00015604570752691984,0.0,159,242
2023-03-07,60.00000082882766,2.474401251966515,0,0,0,0,0,0,54,0.33962264150943394,41.2962962962963,0.0,0.03667314043766747,1.441921965206435,0.9367540856045359,1.2355830247630446,0.00015668647833141783,0.0,159,242
2023-03-08,60.00000138081462,2.4744012629777585,0,0,0,0,0,0,54,0.33962264150943394,42.2962962962963,0.0,0.03683047005925196,1.4481195236650275,0.936754086495501,1.2355830137518011,0.00015732962158449196,0.0,159,242
2023-03-09,60.000002284496965,2.474401281004753,0,0,0,0,0,0,54,0.33962264150943394,43.2962962962963,0.0,0.03698844520314754,1.4543425594047013,0.9367540879541396,1.2355829957248066,0.00015797514389558388,0.0,159,242
2023-03-10,60.000003753443295,2.4744013103078393,0,0,0,0,0,0,54,0.33962264150943394,44.2962962962963,0.0,0.03714706825505793,1.460591166794449,0.9367540903251733,1.2355829664217202,0.00015862305191038524,0.0,159,242
2023-03-11,60.000006124254064,2.4744013576016517,0,0,0,0,0,0,54,0.33962264150943394,45.2962962962963,0.0,0.037306341607389916,1.4668654404693302,0.9367540941519106,1.235582919127908,0.00015927335233198396,0.0,159,242
2023-03-12,60.00000992340246,2.474401433388418,0,0,0,0,0,0,55,0.34591194968553457,45.47272727272727,0.0,0.03746626765934321,1.473165475333978,0.9367541002841303,1.2355828433411418,0.00015992605195330016,0.0,159,242
2023-03-13,60.00001596805712,2.474401553969344,0,0,0,0,0,0,55,0.34591194968553457,46.47272727272727,0.0,0.03762684881704959,1.4794913665680292,0.936754110040828,1.2355827227602154,0.000160581157706375,0.0,159,242
2023-03-14,60.000025516882616,2.47440174445219,0,0,0,0,0,0,56,0.3522012578616352,46.64285714285714,0.0,0.03778808749378614,1.4858432096344472,0.9367541254535737,1.2355825322773697,0.00016123867673655537,0.0,159,242
2023-03-15,60.00004049367755,2.474402043213772,0,0,0,0,0,0,57,0.3584905660377358,46.824561403508774,0.0,0.03794998611029938,1.4922211002921624,0.936754149627587,1.2355822335157873,0.000161898616513235,0.0,159,242
2023-03-16,60.000063816192764,2.474402508458277,0,0,0,0,0,0,57,0.3584905660377358,47.824561403508774,0.0,0.038112547095292944,1.498625134615095,0.9367541872723901,1.2355817682712829,0.0001625609849935576,0.0,159,242
2023-03-17,60.000099875422045,2.474403227773545,0,0,0,0,0,0,58,0.36477987421383645,48.0,0.0,0.038275772886155246,1.5050554090205344,0.9367542454750333,1.2355810489560148,0.0001632257908623088,0.0,159,242
2023-03-18,60.00015522813167,2.474404331958243,0,0,0,0,0,0,58,0.36477987421383645,49.0,0.0,0.038439665930036185,1.5115120203111245,0.9367543348188735,1.2355799447713167,0.00016389304388093277,0.0,159,242
2023-03-19,60.000239588682426,2.4744060147703637,0,0,0,0,0,0,58,0.36477987421383645,50.0,0.0,0.03860422868542504,1.5179950657364005,0.936754470981431,1.235578261959196,0.00016456275538885524,0.0,159,242
2023-03-20,60.00036723683363,2.474408561077306,0,0,0,0,0,0,58,0.36477987421383645,51.0,0.0,0.03876946362444691,1.5245046430823366,0.9367546770119582,1.235575715652254,0.0001652349390218738,0.0,159,242
2023-03-21,60.00055899797581,2.4744123860872524,0,0,0,0,0,0,58,0.36477987421383645,52.0,0.0,0.03893537323616637,1.5310408508001767,0.9367549865054408,1.2355718906423072,0.00016590961171946068,0.0,159,242
2023-03-22,60.00084500310044,2.474418090957562,0,0,0,0,0,0,58,0.36477987421383645,53.0,0.0,0.03910196003132548,1.5376037881911953,0.9367554481012971,1.235566185771998,0.00016658679515911136,0.0,159,242
2023-03-23,60.0012684998953,2.4744265383386863,0,0,0,0,0,0,58,0.36477987421383645,54.0,0.0,0.03926922654904355,1.544193555667961,0.9367561315942425,1.2355577383908736,0.0001672665177180681,0.0,159,242
2023-03-24,60.001891065776555,2.4744389549839196,0,0,0,0,0,0,59,0.3710691823899371,54.08474576271186,0.0,0.039437175366197445,1.550810255120133,0.9367571362333069,1.23554532174564,0.000167948817153896,0.0,159,242
2023-03-25,60.002799670367025,2.474457076473062,0,0,0,0,0,0,61,0.3836477987421384,53.31147540983607,0.0,0.03960580911059483,1.55745399042817,0.9367586024246669,1.2355272002564979,0.00016863374439739137,0.0,159,242
2023-03-26,60.0041161503721,2.4744833265120905,0,0,0,0,0,0,61,0.3836477987421384,54.31147540983607,0.0,0.039775130478899336,1.5641248681623563,0.9367607262247171,1.2355009502174694,0.0001693213683044977,0.0,159,242
2023-03-27,60.00600979460894,2.4745210849550077,0,0,0,0,0,0,61,0.3836477987421384,55.31147540983607,0.0,0.03994514226164248,1.5708229985581985,0.9367637809970746,1.2354631917745522,0.0001700117827431381,0.0,159,242
2023-03-28,60.00871389040611,2.474574962573334,0,0,0,0,0,0,61,0.3836477987421384,56.31147540983607,0.0,0.04011584737567767,1.5775484967820619,0.9367681395879861,1.235409314156226,0.00017070511403519806,0.0,159,242
2023-03-29,60.01254725208446,2.474651340191919,0,0,0,0,0,0,63,0.39622641509433965,55.523809523809526,0.0,0.04028724891090137,1.5843014847531929,0.9367743178364724,1.235332936537641,0.00017140153522370429,0.0,159,242
2023-03-30,60.017941932537155,2.474758826226521,0,0,0,0,0,0,63,0.39622641509433965,56.523809523809526,0.0,0.040459350189552136,1.5910820934562975,0.9367830113834045,1.2352254505030387,0.0001721012786507577,0.0,159,242
2023-03-31,60.02547850148421,2.4749087616961023,0,0,0,0,0,0,65,0.4088050314465409,55.784615384615385,0.0,0.04063215483958902,1.5978904658032365,0.9367951361480173,1.2350755150334574,0.00017280465003688964,0.0,159,242
2023-04-01,5.0359304461239285,1.1507223771795911,0,0,0,0,0,0,65,0.4088050314465409,56.784615384615385,0.0,0.0407524340983186,1.602644496450868,0.7332828404505131,2.5592618995499685,0.00012027925872957984,0.0,327,74
2023-04-02,60.05031939418538,2.4754018336599946,0,0,0,0,0,0,66,0.41509433962264153,56.92424242424243,0.0,0.04092609608405745,1.6094866592844004,0.9368351307953977,1.2345849703252885,0.00017366202168706633,3.594821696759234e-11,158,243
2023-04-03,60.06998295302586,2.4757914942141146,0,0,0,0,0,0,68,0.4276729559748428,56.25,0.0,0.04110047291935752,1.616357036146737,0.9368667435517414,1.2341977604664773,0.0001743769061074631,7.080739478691384e-11,158,243
2023-04-04,60.09665697308529,2.476320076731719,0,0,0,0,0,0,68,0.4276729559748428,57.25,0.0,0.04127557080996333,1.6232558704851132,0.9369096003754983,1.2336725023672226,0.00017509800870031819,1.180945110764488e-10,158,243
2023-04-05,60.13257394604026,2.4770267789401763,0,0,0,0,0,0,69,0.4339622641509434,57.42028985507247,0.0,0.041451397025856825,1.6301834472538776,0.9369668512140024,1.232970244826743,0.00017582639720959168,1.8131609664131067e-10,158,243
2023-04-06,60.18057899922423,2.4779713261642633,0,0,0,0,0,0,70,0.44025157232704404,57.6,0.0,0.0416275953600832,1.6371256019915608,0.9370435923746698,1.232037223011807,0.00017619868073014743,3.465037674110477e-10,157,244
2023-04-07,60.24426450723618,2.479210524125023,0,0,0,0,0,0,71,0.44654088050314467,57.7887323943662,0.0,0.04180417268787349,1.6440826015861967,0.93714416675039,1.2308138882798514,0.00017657790175393406,5.739636500139389e-10,156,245
2023-04-08,60.32812366772743,2.4808422627091335,0,0,0,0,0,0,72,0.4528301886792453,57.986111111111114,0.0,0.0419815069678364,1.6510694615035657,0.93727689107979,1.229212937216196,0.00017733529702310783,1.0170601901626723e-09,156,245
2023-04-09,60.43772244291014,2.482918672059499,0,0,0,0,0,0,72,0.4528301886792453,58.986111111111114,0.0,0.042159242197521145,1.6580720211455935,0.9374459472657372,1.22718620019357,0.00017773696400529847,1.7343205570154882e-09,155,246
2023-04-10,60.57988802092092,2.4856120774829593,0,0,0,0,0,0,72,0.4528301886792453,59.986111111111114,0.0,0.042337021423243394,1.6650760786174414,0.9376655894812864,1.2245761141201712,0.00017778216742286325,2.941700618259207e-09,153,248
2023-04-11,60.7629103846519,2.489079537285712,0,0,0,0,0,0,72,0.4528301886792453,60.986111111111114,0.0,0.04251523418659359,1.6720971019954762,0.9379490652540048,1.2212494360539106,0.00017821775189486648,4.988544672692873e-09,152,249
2023-04-12,60.99675169241121,2.4933311581361868,0,0,0,0,0,0,72,0.4528301886792453,61.986111111111114,0.0,0.04269352395047316,1.6791209023951836,0.9382976003408838,1.2172190332048551,0.00017829798017527596,8.216295700290933e-09,150,251
2023-04-13,61.29325600324493,2.4987220957864924,0,0,0,0,0,0,72,0.4528301886792453,62.986111111111114,0.0,0.04287153731545399,1.6861334085203046,0.9387411980786448,1.2121877479206642,0.00017802684801950772,1.3483038674422253e-08,147,254
2023-04-14,61.66634948073634,2.5023490447707464,0,0,0,0,0,0,73,0.4591194968553459,63.12328767123287,0.0,0.04304960099748108,1.6931476409375839,0.9390413509234842,1.2088640786681872,0.00017808162060983437,1.7938582744982314e-08,145,256
2023-04-15,62.13221868101055,2.5068778932354547,0,0,0,0,0,0,74,0.46540880503144655,63.27027027027027,0.0,0.04322849622922374,1.7001946346859533,0.9394153915137586,1.2047339967349626,0.0001789190329650951,2.380122243636967e-08,145,256
2023-04-16,62.70945201296719,2.5119857369657823,0,0,0,0,0,0,74,0.46540880503144655,64.27027027027027,0.0,0.043408241009326255,1.707275092527197,0.939834782830681,1.2000759002513304,0.00017977519322079876,3.041311828669285e-08,145,256
2023-04-17,63.41912713254185,2.5182655365016156,0,0,0,0,0,0,74,0.46540880503144655,65.27027027027027,0.0,0.04358886823444496,1.7143902975791665,0.9403468134382541,1.1943490390394071,0.00018066576684581864,3.854172710899343e-08,145,256
2023-04-18,64.28482511768256,2.525918565946403,0,0,0,0,0,0,74,0.46540880503144655,66.27027027027027,0.0,0.04377041581070414,1.7215417279892953,0.9409654637275173,1.1873698612438464,0.00018159602357748286,4.844731830672189e-08,145,256
2023-04-19,65.33255101721717,2.535013055999084,0,0,0,0,0,0,75,0.4716981132075472,66.38666666666667,0.0,0.043952923181332995,1.7287309215881703,0.9416929983545866,1.1790761439002062,0.0001825675884280699,6.021779921361138e-08,145,256
2023-04-20,66.59054004351111,2.545932675998069,0,0,0,0,0,0,75,0.4716981132075472,67.38666666666667,0.0,0.04413565601074322,1.7359286509070535,0.9425600261558312,1.1691983697724186,0.00018280840630093098,7.557689071012619e-08,143,258
2023-04-21,68.08892955459343,2.5586501137652524,0,0,0,0,0,0,75,0.4716981132075472,68.38666666666667,0.0,0.04431943889289235,1.7431676565636947,0.9435585655232722,1.1577606741704864,0.00018387735873365806,9.447658452125815e-08,143,258
2023-04-22,69.85927929247957,2.5736757879649157,0,0,0,0,0,0,75,0.4716981132075472,69.38666666666667,0.0,0.04450433026105207,1.7504502144651248,0.9447177213733234,1.144247017500349,0.00018500817206997273,1.1680391024939811e-07,143,258
2023-04-23,71.93392630773415,2.59069886569373,0,0,0,0,0,0,76,0.4779874213836478,69.47368421052632,0.0,0.04468958378887083,1.7577466178169976,0.9460121103967878,1.12908302089182,0.00018539788204669492,1.4435422794492936e-07,141,260
2023-04-24,74.3451667248808,2.6104837894625135,0,0,0,0,0,0,76,0.4779874213836478,70.47368421052632,0.0,0.044876054309088045,1.7650907915639849,0.9474853070135988,1.1115378998138428,0.00018664811248223526,1.7759226502070464e-07,141,260
2023-04-25,77.12426400145304,2.6328035602875968,0,0,0,0,0,0,76,0.4779874213836478,71.47368421052632,0.0,0.045062994571101106,1.7724529831350617,0.9491113659748869,1.0919231816934263,0.00018715812346166948,2.178614485999285e-07,139,262
2023-04-26,80.30029248549191,2.6576839467721114,0,0,0,0,0,0,76,0.4779874213836478,72.47368421052632,0.0,0.045250852608004204,1.7798509530621371,0.9508750633692278,1.0701965406341714,0.00018812293579300205,2.648988899064874e-07,138,263
2023-04-27,83.89883561088229,2.6858742303891683,0,0,0,0,0,0,76,0.4779874213836478,73.47368421052632,0.0,0.045439687812249885,1.7872870005987511,0.9528183212008655,1.0458765097614375,0.00018915804511069226,3.2284086501647994e-07,137,264
2023-04-28,87.94056955465514,2.7160235497623226,0,0,0,0,0,0,76,0.4779874213836478,74.47368421052632,0.0,0.045629117927256276,1.7947458965819583,0.9548279588853675,1.0201290736173798,0.00018981904996458865,3.8893495820625037e-07,135,266
2023-04-29,92.4397750244831,2.7495853785522364,0,0,0,0,0,0,76,0.4779874213836478,75.47368421052632,0.0,0.04581918875049038,1.8022294017443286,0.9569828594307341,0.9917882222947186,0.00019053838699275427,4.675637586332551e-07,133,268
2023-04-30,97.40283131659442,2.7847573653235274,0,0,0,0,0,0,76,0.4779874213836478,76.47368421052632,0.0,0.046009903198152256,1.8097376074551057,0.9591505482804404,0.9624676859477662,0.0001912704102720063,5.559626101323223e-07,131,270
2023-05-01,102.82675704574788,2.8231954229972787,0,0,0,0,0,0,76,0.4779874213836478,77.47368421052632,0.0,0.046201703620812204,1.8172880447632722,0.9614167354133772,0.9308960982750842,0.00019246047191654104,6.60049256600502e-07,130,271
2023-05-02,108.69787010375246,2.8624242617545623,0,0,0,0,0,0,76,0.4779874213836478,78.47368421052632,0.0,0.046394061141633636,1.8248596844705283,0.9636195957947713,0.8991599073248226,0.00019313193223435084,7.744114129118148e-07,128,273
2023-05-03,114.99064456105107,2.9041427563361117,0,0,0,0,0,0,77,0.48427672955974843,78.45454545454545,0.0,0.04658694490802041,1.8324512659372347,0.9658423759769569,0.8659402709828006,0.00019378914490337195,9.053785166125983e-07,126,275
2023-05-04,121.66684357607812,2.9484031973107148,0,0,0,0,0,0,77,0.48427672955974843,79.45454545454545,0.0,0.04677957941211272,1.8400319304151092,0.9680685733007612,0.8312999697630223,0.00019369083604940478,1.0563319570842113e-06,123,278
2023-05-05,128.67500426574213,2.992042083121445,0,0,0,0,0,0,77,0.48427672955974843,80.45454545454545,0.0,0.046972511723826944,1.8476234457342957,0.9701337596282185,0.7977619996371392,0.00019415025265072936,1.217940936502943e-06,121,280
2023-05-06,135.9503424972151,3.0373446479992645,0,0,0,0,0,0,77,0.48427672955974843,81.45454545454545,0.0,0.04716485008396972,1.8551903497978914,0.9721451896571336,0.7636045484449903,0.0001937382653889395,1.3999052461673817e-06,118,283
2023-05-07,143.4151325659813,3.081614039831458,0,0,0,0,0,0,77,0.48427672955974843,82.45454545454545,0.0,0.04735704883041117,1.8627507313065836,0.9739864541998378,0.7309254489279927,0.0001937933139879377,1.5945675464802899e-06,116,285
2023-05-08,150.97959895689502,3.126474554805882,0,0,0,0,0,0,77,0.48427672955974843,83.45454545454545,0.0,0.04754896063509503,1.8702987375430435,0.975727921519889,0.6984710739127638,0.00019372070988684026,1.8089052029839196e-06,114,287
2023-05-09,158.5433354473903,3.1687634732825263,0,0,0,0,0,0,77,0.48427672955974843,84.45454545454545,0.0,0.047739590882117225,1.8777948827680557,0.9772589436235481,0.6685047450669156,0.000192658434764333,2.0281877421427184e-06,111,290
2023-05-10,165.99724167865742,3.2104383297959327,0,0,0,0,0,0,77,0.48427672955974843,85.45454545454545,0.0,0.04792963061528771,1.8852666558951428,0.9786673202950931,0.6396012393222851,0.0001923014167744034,2.2616836039143117e-06,109,292
2023-05-11,173.2259402983511,3.2508540485355524,0,0,0,0,0,0,80,0.5031446540880503,83.25,0.0,0.04811882715731661,1.8927040412633587,0.9799384570971184,0.6121283551783808,0.0001917012138907071,2.5046718618139667e-06,107,294
2023-05-12,180.1106104375212,3.287434987054917,0,0,0,0,0,0,80,0.5031446540880503,84.25,0.0,0.04830711704654456,1.900104577692703,0.9810109179099871,0.5877394739574447,0.0001910292726459938,2.73938341803004e-06,105,296
2023-05-13,186.53214735963516,3.321555118099569,0,0,0,0,0,0,81,0.5094339622641509,84.20987654320987,0.0,0.04849430509121372,1.9074605462050054,0.981946054775923,0.5653998291556251,0.0001901594838992383,2.9714392300913354e-06,103,298
2023-05-14,192.3745353876893,3.351623543140437,0,0,0,0,0,0,83,0.5220125786163522,83.18072289156626,0.0,0.04868129714649795,1.914808012605572,0.9827190540437273,0.5460365740021516,0.00019017859778371654,3.186542499483657e-06,102,299
2023-05-15,197.52830335980434,3.37814791728393,0,0,0,0,0,0,83,0.5220125786163522,84.18072289156626,0.0,0.0488668339752456,1.9220969708515294,0.9833644209893035,0.5292505237207988,0.00018892354858113142,3.3867198334883572e-06,100,301
2023-05-16,201.89392033601482,3.4000290493622876,0,0,0,0,0,0,83,0.5220125786163522,85.18072289156626,0.0,0.04905103745848679,1.9293323255687604,0.9838670265272291,0.5155284790094077,0.00018775941755897155,3.5559343177667986e-06,98,303
2023-05-17,205.38498517145163,3.417526793936437,0,0,0,0,0,0,83,0.5220125786163522,86.18072289156628,0.0,0.04923605487007497,1.9365994851922474,0.9842557494055917,0.5047437056240827,0.00018871469023346105,3.6972786452872993e-06,98,303
2023-05-18,207.93106751158743,3.43028814342506,0,0,0,0,0,0,83,0.5220125786163522,87.18072289156628,0.0,0.049421880704226435,1.9438982877749813,0.9845261602934356,0.4968782197757492,0.00018962544309376994,3.799608942300289e-06,98,303
2023-05-19,209.48006984555536,3.4379371905208655,0,0,0,0,0,0,84,0.5283018867924528,87.14285714285715,0.0,0.04960594671571678,1.9511267059332749,0.98468578641991,0.4922150715513432,0.00018792799380821837,3.861982317868668e-06,96,305
2023-05-20,210.0,3.4405046303178666,0,0,0,0,0,0,84,0.5283018867924528,88.14285714285715,0.0,0.049790805597480677,1.958386268908388,0.9847393197279647,0.4906649192210784,0.00018874075488333042,3.8818731194425566e-06,96,305
2023-05-21,209.48006984555536,3.4379371905208655,0,0,0,0,0,0,84,0.5283018867924528,89.14285714285715,0.0,0.049976458526697846,1.9656770844129294,0.98468578641991,0.4922150715513432,0.00018950999818365745,3.8570689664897445e-06,96,305
2023-05-22,207.93106751158743,3.43028814342506,0,0,0,0,0,0,84,0.5283018867924528,90.14285714285715,0.0,0.05016546792199856,1.9731010703430965,0.9845261602934356,0.4968782197757492,0.00019279932200533644,3.7899267046214954e-06,98,303
2023-05-23,205.38498517145163,3.417526793936437,0,0,0,0,0,0,84,0.5283018867924528,91.14285714285715,0.0,0.05035527354174198,1.9805565216188366,0.9842557494055917,0.5047437056240827,0.00019348873258641456,3.683112842990079e-06,98,303
2023-05-24,201.89392033601482,3.4000290493622876,0,0,0,0,0,0,84,0.5283018867924528,92.14285714285715,0.0,0.05054586454441971,1.9880430703671532,0.9838670265272291,0.5155284790094077,0.00019412869488762247,3.537692209901603e-06,98,303
2023-05-25,197.52830335980434,3.37814791728393,0,0,0,0,0,0,85,0.5345911949685535,92.05882352941177,0.0,0.05073939038279398,1.9956462197347773,0.9833644209893035,0.5292505237207988,0.00019689074554745856,3.364907173177566e-06,100,301
2023-05-26,192.3745353876893,3.351623543140437,0,0,0,0,0,0,85,0.5345911949685535,93.05882352941177,0.0,0.05093598296173044,2.0033712832000816,0.9827190540437273,0.5460365740021516,0.00019975434666927105,3.161767732810591e-06,102,299
2023-05-27,186.53214735963516,3.321555118099569,0,0,0,0,0,0,86,0.5408805031446541,92.97674418604652,0.0,0.05113438758409059,2.011168447065529,0.981946054775923,0.5653998291556251,0.00020134895938043776,2.9443370202931394e-06,103,298
2023-05-28,180.1106104375212,3.287434987054917,0,0,0,0,0,0,86,0.5408805031446541,93.97674418604652,0.0,0.05133550863447964,2.0190737330965907,0.9810109179099871,0.5877394739574447,0.00020383170662145253,2.7106562324098676e-06,105,296
2023-05-29,173.2259402983511,3.2508540485355524,0,0,0,0,0,0,88,0.5534591194968553,92.84090909090908,0.0,0.051539152595691286,2.0270795039608904,0.9799384570971184,0.6121283551783808,0.00020611892635815697,2.4749651464988812e-06,107,294
2023-05-30,165.99724167865742,3.2104383297959327,0,0,0,0,0,0,88,0.5534591194968553,93.84090909090908,0.0,0.05174525246377579,2.035183176290228,0.9786673202950931,0.6396012393222851,0.00020833158447767068,2.231716393177999e-06,109,292
2023-05-31,158.5433354473903,3.1687634732825263,0,0,0,0,0,0,88,0.5534591194968553,94.84090909090908,0.0,0.05195355175933982,2.0433746008649623,0.9772589436235481,0.6685047450669156,0.00021029780923702979,1.998513672997684e-06,111,290
2023-06-01,150.97959895689502,3.126474554805882,0,0,0,0,0,0,89,0.559748427672956,94.7752808988764,0.0,0.052164735255136645,2.0516810351303167,0.975727921519889,0.6984710739127638,0.0002129634812681068,1.7799854712862302e-06,114,287
2023-06-02,143.4151325659813,3.081614039831458,0,0,0,0,0,0,90,0.5660377358490566,94.72222222222223,0.0,0.052377802647950854,2.060062789546322,0.9739864541998378,0.7309254489279927,0.00021463433005163685,1.5669372374205324e-06,116,285
2023-06-03,135.9503424972151,3.0373446479992645,0,0,0,0,0,0,90,0.5660377358490566,95.72222222222223,0.0,0.052592596793553,2.068513639406537,0.9721451896571336,0.7636045484449903,0.00021616799051695705,1.3738449148222563e-06,118,283
2023-06-04,128.67500426574213,2.992042083121445,0,0,0,0,0,0,90,0.5660377358490566,96.72222222222223,0.0,0.052809553731611635,2.0770509679825526,0.9701337596282185,0.7977619996371392,0.00021815070804943987,1.193769990790299e-06,121,280
2023-06-05,121.66684357607812,2.9484031973107148,0,0,0,0,0,0,90,0.5660377358490566,97.72222222222223,0.0,0.05302777856166134,2.0856392050379413,0.9680685733007612,0.8312999697630223,0.00021925897797857622,1.0341479288664374e-06,123,278
2023-06-06,114.99064456105107,2.9041427563361117,0,0,0,0,0,0,90,0.5660377358490566,98.72222222222223,0.0,0.05324779330091323,2.0942991445495793,0.9658423759769569,0.8659402709828006,0.00022090011327289337,8.853740210057261e-07,126,275
2023-06-07,108.69787010375246,2.8624242617545623,0,0,0,0,0,0,90,0.5660377358490566,99.72222222222223,0.0,0.053468821211369075,2.10299989288087,0.9636195957947713,0.8991599073248226,0.0002217844389780476,7.56528522194014e-07,128,273
2023-06-08,102.82675704574788,2.8231954229972787,0,0,0,0,0,0,90,0.5660377358490566,100.72222222222223,0.0,0.0536908203028488,2.111739759343412,0.9614167354133772,0.9308960982750842,0.00022264329554410881,6.442040643951185e-07,130,271
2023-06-09,97.40283131659442,2.7847573653235274,0,0,0,0,0,0,90,0.5660377358490566,101.72222222222223,0.0,0.05391325084718602,2.1204973000617056,0.9591505482804404,0.9624676859477662,0.00022297269081594402,5.421464787212064e-07,131,270
2023-06-10,92.4397750244831,2.7495853785522364,0,0,0,0,0,0,90,0.5660377358490566,102.72222222222223,0.0,0.05413653995865913,2.12928944822889,0.9569828594307341,0.9917882222947186,0.00022374470291182006,4.5559143871502693e-07,133,268
2023-06-11,87.94056955465514,2.7160235497623226,0,0,0,0,0,0,90,0.5660377358490566,103.72222222222223,0.0,0.05436067871905187,2.138115836429382,0.9548279588853675,1.0201290736173798,0.0002245174693888801,3.7870899615208073e-07,135,266
2023-06-12,83.89883561088229,2.6858742303891683,0,0,0,0,0,0,90,0.5660377358490566,104.72222222222223,0.0,0.05458571198317762,2.1469781915005517,0.9528183212008655,1.0458765097614375,0.00022534741990188871,3.141557761245708e-07,137,264
2023-06-13,80.30029248549191,2.6576839467721114,0,0,0,0,0,0,90,0.5660377358490566,105.72222222222223,0.0,0.054811259840393374,2.155861384634216,0.9508750633692278,1.0701965406341714,0.00022580548493684606,2.5762772109639013e-07,138,263
2023-06-14,77.12426400145304,2.6328035602875968,0,0,0,0,0,0,90,0.5660377358490566,106.72222222222223,0.0,0.05503738374606492,2.1647677969813564,0.9491113659748869,1.0919231816934263,0.0002263356900916116,2.1178442006540728e-07,139,262
2023-06-15,74.3451667248808,2.6104837894625135,0,0,0,0,0,0,90,0.5660377358490566,107.72222222222223,0.0,0.05526452311454256,2.1737148473663805,0.9474853070135988,1.1115378998138428,0.00022731193535828676,1.7256688063454023e-07,141,260
2023-06-16,71.93392630773415,2.59069886569373,0,0,0,0,0,0,91,0.5723270440251572,107.53846153846155,0.0,0.05549195600232596,2.182673788345124,0.9460121103967878,1.12908302089182,0.00022757311052208715,1.4022273870499677e-07,141,260
2023-06-17,69.85927929247957,2.5736757879649157,0,0,0,0,0,0,91,0.5723270440251572,108.53846153846155,0.0,0.05572052208350612,2.1916779385361873,0.9447177213733234,1.144247017500349,0.0002286795079558199,1.1342677565380286e-07,143,258
2023-06-18,68.08892955459343,2.5586501137652524,0,0,0,0,0,0,93,0.5849056603773585,107.20430107526882,0.0,0.0559495039538024,2.200698738980355,0.9435585655232722,1.1577606741704864,0.0002290735957762908,9.172548001143838e-08,143,258
2023-06-19,66.59054004351111,2.545932675998069,0,0,0,0,0,0,93,0.5849056603773585,108.20430107526882,0.0,0.05617896654990892,2.209738719217775,0.9425600261558312,1.1691983697724186,0.00022953595675915772,7.336065263896787e-08,143,258
2023-06-20,65.33255101721717,2.535013055999084,0,0,0,0,0,0,93,0.5849056603773585,109.20430107526882,0.0,0.05640971801689503,2.2188299623460375,0.9416929983545866,1.1790761439002062,0.0002308099086269935,5.8441640888697213e-08,145,256
2023-06-21,64.28482511768256,2.525918565946403,0,0,0,0,0,0,94,0.5911949685534591,109.04255319148938,0.0,0.05664106001206006,2.227944666542081,0.9409654637275173,1.1873698612438464,0.00023138900833647472,4.701317143285503e-08,145,256
2023-06-22,63.41912713254185,2.5182655365016156,0,0,0,0,0,0,94,0.5911949685534591,110.04255319148938,0.0,0.05687303783143494,2.2370845982248295,0.9403468134382541,1.1943490390394071,0.00023201521632080813,3.7396945920873395e-08,145,256
2023-06-23,62.70945201296719,2.5119857369657823,0,0,0,0,0,0,96,0.6037735849056604,108.75,0.0,0.05710569618884855,2.246251501530486,0.939834782830681,1.2000759002513304,0.0002326878641679264,2.950675432492215e-08,145,256
2023-06-24,62.13221868101055,2.5068778932354547,0,0,0,0,0,0,98,0.6163522012578616,107.53061224489795,0.0,0.05733907439485426,2.255446910251765,0.9394153915137586,1.2047339967349626,0.00023340129539906558,2.3089393355875763e-08,145,256
2023-06-25,61.66634948073634,2.5023490447707464,0,0,0,0,0,0,98,0.6163522012578616,108.53061224489795,0.0,0.05757319241920046,2.2646716042495543,0.9390413509234842,1.2088640786681872,0.00023413542409090867,1.7399744720858444e-08,145,256
2023-06-26,61.29325600324493,2.4987220957864924,0,0,0,0,0,0,98,0.6163522012578616,109.53061224489795,0.0,0.0578088140354033,2.273955920809068,0.9387411980786448,1.2121877479206642,0.00023563469229662834,1.3076093770647442e-08,147,254
2023-06-27,60.99675169241121,2.4933311581361868,0,0,0,0,0,0,98,0.6163522012578616,110.53061224489795,0.0,0.058046240866786634,2.283311896715907,0.9382976003408838,1.2172190332048551,0.00023743479820104293,7.966817716566533e-09,150,251
2023-06-28,60.7629103846519,2.489079537285712,0,0,0,0,0,0,98,0.6163522012578616,111.53061224489795,0.0,0.05828514971970813,2.292726656073318,0.9379490652540048,1.2212494360539106,0.0002389136892507943,4.836329293691219e-09,152,249
2023-06-29,60.57988802092092,2.4856120774829593,0,0,0,0,0,0,98,0.6163522012578616,112.53061224489795,0.0,0.058525208405276405,2.302186974328582,0.9376655894812864,1.2245761141201712,0.00024006153712920528,2.851560944279716e-09,153,248
2023-06-30,60.43772244291014,2.482918672059499,0,0,0,0,0,0,98,0.6163522012578616,113.53061224489795,0.0,0.05876680417148245,2.3117082244410927,0.9374459472657372,1.22718620019357,0.00024159744720282902,1.6809967691636565e-09,155,246
2023-07-01,60.32812366772743,2.4808422627091335,0,0,0,0,0,0,98,0.6163522012578616,114.53061224489795,0.0,0.05900960422073138,2.3212771614425494,0.93727689107979,1.229212937216196,0.00024280103495126823,9.85702335397247e-10,156,245
2023-07-02,60.24426450723618,2.479210524125023,0,0,0,0,0,0,98,0.6163522012578616,115.53061224489795,0.0,0.05925327197544172,2.330880394510717,0.93714416675039,1.2308138882798514,0.00024366831093355616,5.562232121061809e-10,156,245
2023-07-03,60.18057899922423,2.4779713261642633,0,0,0,0,0,0,98,0.6163522012578616,116.53061224489795,0.0,0.05949817713347908,2.340532608506723,0.9370435923746698,1.232037223011807,0.00024490549381751456,3.35780174298139e-10,157,244
2023-07-04,60.13257394604026,2.4770267789401763,0,0,0,0,0,0,98,0.6163522012578616,117.53061224489795,0.0,0.059744332966709675,2.3502343228732925,0.9369668512140024,1.232970244826743,0.00024615600892210354,1.7569149234513447e-10,158,243
2023-07-05,60.09665697308529,2.476320076731719,0,0,0,0,0,0,98,0.6163522012578616,118.53061224489795,0.0,0.05999140134053584,2.3599720900884824,0.9369096003754983,1.2336725023672226,0.00024706848825688927,1.1443072796919115e-10,158,243
2023-07-06,60.06998295302586,2.4757914942141146,0,0,0,0,0,0,98,0.6163522012578616,119.53061224489795,0.0,0.06023939160849613,2.369746276835953,0.9368667435517414,1.2341977604664773,0.000247990336570802,6.861051297875484e-11,158,243
2023-07-07,60.05031939418538,2.4754018336599946,0,0,0,0,0,0,98,0.6163522012578616,120.53061224489795,0.0,0.06048831174422444,2.3795571959638364,0.9368351307953977,1.2345849703252885,0.00024892017056114726,3.4832841012714486e-11,158,243
2023-07-08,60.03593044612393,2.4751166967974196,0,0,0,0,0,0,98,0.6163522012578616,121.53061224489795,0.0,0.060738168493120304,2.3894051123998814,0.9368119874216959,1.2348683138742624,0.00024985675901168533,1.011582600569272e-11,158,243
2023-07-09,60.02547850148421,2.4749087616961023,0,0,0,0,0,0,98,0.6163522012578616,122.53061224489795,0.0,0.06098931199838176,2.3993039418560906,0.9367951361480173,1.2350755150334574,0.0002511435052614612,0.0,159,242
2023-07-10,60.017941932537155,2.474758826226521,0,0,0,0,0,0,98,0.6163522012578616,123.53061224489795,0.0,0.061241404598619514,2.409240260320385,0.9367830113834045,1.2352254505030387,0.00025209260023774686,0.0,159,242
2023-07-11,60.01254725208446,2.474651340191919,0,0,0,0,0,0,98,0.6163522012578616,124.53061224489795,0.0,0.061494450810444704,2.4192142457712658,0.9367743178364724,1.235332936537641,0.0002530462118251963,0.0,159,242
2023-07-12,60.00871389040611,2.474574962573334,0,0,0,0,0,0,98,0.6163522012578616,125.53061224489795,0.0,0.06174845473709583,2.42922606005979,0.9367681395879861,1.235409314156226,0.0002540039266511154,0.0,159,242
2023-07-13,60.00600979460894,2.4745210849550077,0,0,0,0,0,0,98,0.6163522012578616,126.53061224489795,0.0,0.062003420166799,2.439275852747672,0.9367637809970746,1.2354631917745522,0.000254965429703182,0.0,159,242
2023-07-14,60.0041161503721,2.4744833265120905,0,0,0,0,0,0,99,0.6226415094339622,126.25252525252525,0.0,0.06225935065378248,2.449363764268622,0.9367607262247171,1.2355009502174694,0.0002559304869834797,0.0,159,242
2023-07-15,60.002799670367025,2.474457076473062,0,0,0,0,0,0,99,0.6226415094339622,127.25252525252525,0.0,0.06251624958326188,2.459489928464274,0.9367586024246669,1.2355272002564979,0.00025689892947939024,0.0,159,242
2023-07-16,60.001891065776555,2.4744389549839196,0,0,0,0,0,0,99,0.6226415094339622,128.25252525252526,0.0,0.06277412021667984,2.4696544743495723,0.9367571362333069,1.23554532174564,0.0002578706334179784,0.0,159,242
2023-07-17,60.0012684998953,2.4744265383386863,0,0,0,0,0,0,99,0.6226415094339622,129.25252525252526,0.0,0.06303296572712994,2.4798575274951435,0.9367561315942425,1.2355577383908736,0.0002588455104500988,0.0,159,242
2023-07-18,60.00084500310044,2.474418090957562,0,0,0,0,0,0,99,0.6226415094339622,130.25252525252526,0.0,0.0632927892249463,2.490099211025914,0.9367554481012971,1.235566185771998,0.00025982349781634827,0.0,159,242
2023-07-19,60.00055899797581,2.4744123860872524,0,0,0,0,0,0,100,0.6289308176100629,129.95000000000002,0.0,0.06355359377673006,2.5003796463636028,0.9367549865054408,1.2355718906423072,0.0002608045517837539,0.0,159,242
2023-07-20,60.00036723683363,2.474408561077306,0,0,0,0,0,0,100,0.6289308176100629,130.95000000000002,0.0,0.06381538241901497,2.5106989537600155,0.9367546770119582,1.235575715652254,0.0002617886422849077,0.0,159,242
2023-07-21,60.000239588682426,2.4744060147703637,0,0,0,0,0,0,100,0.6289308176100629,131.95000000000002,0.0,0.06407815816811958,2.5210572526815205,0.936754470981431,1.235578261959196,0.00026277574910462786,0.0,159,242
2023-07-22,60.00015522813167,2.474404331958243,0,0,0,0,0,0,100,0.6289308176100629,132.95000000000002,0.0,0.06434192402717492,2.531454662083293,0.9367543348188735,1.2355799447713167,0.0002637658590553286,0.0,159,242
2023-07-23,60.000099875422045,2.474403227773545,0,0,0,0,0,0,100,0.6289308176100629,133.95000000000002,0.0,0.06460668299105851,2.5418913006018675,0.9367542454750333,1.2355810489560148,0.00026475896388359715,0.0,159,242
2023-07-24,60.000063816192764,2.474402508458277,0,0,0,0,0,0,100,0.6289308176100629,134.95000000000002,0.0,0.06487243804984509,2.552367286689778,0.9367541872723901,1.2355817682712829,0.00026575505878659214,0.0,159,242
2023-07-25,60.00004049367755,2.474402043213772,0,0,0,0,0,0,100,0.6289308176100629,135.95000000000002,0.0,0.06513919219118612,2.5628827387084145,0.936754149627587,1.2355822335157873,0.00026675414134101914,0.0,159,242
2023-07-26,60.000025516882616,2.47440174445219,0,0,0,0,0,0,100,0.6289308176100629,136.95000000000002,0.0,0.06540694840193394,2.573437774991388,0.9367541254535737,1.2355825322773697,0.0002677562107478105,0.0,159,242
2023-07-27,60.00001596805712,2.474401553969344,0,0,0,0,0,0,100,0.6289308176100629,137.95000000000002,0.0,0.06567570966923421,2.5840325138871467,0.936754110040828,1.2355827227602154,0.00026876126730027654,0.0,159,242
2023-07-28,60.00000992340246,2.474401433388418,0,0,0,0,0,0,100,0.6289308176100629,138.95000000000002,0.0,0.06594547898124872,2.5946670737871615,0.9367541002841303,1.2355828433411418,0.0002697693120145061,0.0,159,242
2023-07-29,60.000006124254064,2.4744013576016517,0,0,0,0,0,0,101,0.6352201257861635,138.57425742574256,0.0,0.06621625932762297,2.6053415731441603,0.9367540941519106,1.235582919127908,0.0002707803463742612,0.0,159,242
2023-07-30,60.000003753443295,2.4744013103078393,0,0,0,0,0,0,102,0.6415094339622641,138.2156862745098,0.0,0.06648805369977934,2.6160561304835395,0.9367540903251733,1.2355829664217202,0.0002717943721563517,0.0,159,242
2023-07-31,60.000002284496965,2.474401281004753,0,0,0,0,0,0,102,0.6415094339622641,139.2156862745098,0.0,0.06676086509109153,2.6268108644101593,0.9367540879541396,1.2355829957248066,0.00027281139131219226,0.0,159,242
2023-08-01,60.00000138081462,2.4744012629777585,0,0,0,0,0,0,102,0.6415094339622641,140.2156862745098,0.0,0.06703469649697956,2.6376058936120197,0.936754086495501,1.2355830137518011,0.00027383140588802836,0.0,159,242
2023-08-02,60.00000082882766,2.474401251966515,0,0,0,0,0,0,103,0.6477987421383647,139.85436893203885,0.0,0.06730955091495118,2.64844133686186,0.9367540856045359,1.2355830247630446,0.00027485441797162156,0.0,159,242
2023-08-03,60.00000049405712,2.474401245288386,0,0,0,0,0,0,103,0.6477987421383647,140.85436893203885,0.0,0.06758543134460802,2.659317313017371,0.9367540850641807,1.235583031441174,0.00027588042965685084,0.0,159,242
2023-08-04,60.00000029246517,2.4744012412669534,0,0,0,0,0,0,104,0.6540880503144654,140.5,0.0,0.06786234078762837,2.6702339410204994,0.9367540847387902,1.2355830354626065,0.00027690944302033915,0.0,159,242
2023-08-05,60.000000171931404,2.4744012388625,0,0,0,0,0,0,104,0.6540880503144654,141.5,0.0,0.06814028224773444,2.68119133989615,0.9367540845442359,1.2355830378670598,0.0002779414601060848,0.0,159,242
2023-08-06,60.00000010037379,2.4744012374350413,0,0,0,0,0,0,104,0.6540880503144654,142.5,0.0,0.0684192587306498,2.692189628750492,0.936754084428734,1.2355830392945186,0.000278976482915369,0.0,159,242
2023-08-07,60.00000005819283,2.4744012365935997,0,0,0,0,0,0,104,0.6540880503144654,143.5,0.0,0.06869927324404992,2.7032289267690093,0.9367540843606499,1.23558304013596,0.0002800145134001133,0.0,159,242
2023-08-08,60.00000003350447,2.474401236101106,0,0,0,0,0,0,104,0.6540880503144654,144.5,0.0,0.06898032879750841,2.7143093532143756,0.9367540843208001,1.2355830406284536,0.0002810555534584748,0.0,159,242
2023-08-09,60.00000001915667,2.4744012358148906,0,0,0,0,0,0,104,0.6540880503144654,145.5,0.0,0.06926242840244028,2.7254310274242144,0.9367540842976413,1.235583040914669,0.0002820996049318758,0.0,159,242
2023-08-10,60.00000001087731,2.4744012356497316,0,0,0,0,0,0,104,0.6540880503144654,146.5,0.0,0.06954557507204323,2.7365940688087775,0.9367540842842773,1.2355830410798283,0.00028314666960295004,0.0,159,242
2023-08-11,60.00000000613348,2.4744012355551006,0,0,0,0,0,0,104,0.6540880503144654,147.5,0.0,0.06982977182123729,2.7477985968485688,0.9367540842766204,1.235583041174459,0.00028419674919406574,0.0,159,242
2023-08-12,60.0000000034346,2.474401235501263,0,0,0,0,0,0,104,0.6540880503144654,148.5,0.0,0.07011502166660351,2.759044731091918,0.9367540842722643,1.2355830412282969,0.0002852498453662099,0.0,159,242
2023-08-13,60.00000000190999,2.474401235470848,0,0,0,0,0,0,104,0.6540880503144654,149.5,0.0,0.0704013276263216,2.770332591152528,0.9367540842698033,1.2355830412587117,0.0002863059597180978,0.0,159,242
2023-08-14,60.000000001054794,2.4744012354537874,0,0,0,0,0,0,104,0.6540880503144654,150.5,0.0,0.07068869272010703,2.7816622967069824,0.9367540842684227,1.2355830412757722,0.00028736509378541865,0.0,159,242
2023-08-15,60.00000000057848,2.474401235444286,0,0,0,0,0,0,104,0.6540880503144654,151.5,0.0,0.07097711996914717,2.793033967492234,0.9367540842676543,1.2355830412852735,0.00028842724904016567,0.0,159,242
2023-08-16,60.00000000031506,2.4744012354390317,0,0,0,0,0,0,104,0.6540880503144654,152.5,0.0,0.0712666123960372,2.804447723303067,0.9367540842672286,1.2355830412905278,0.00028949242689001533,0.0,159,242
2023-08-17,60.00000000017041,2.474401235436145,0,0,0,0,0,0,104,0.6540880503144654,153.5,0.0,0.07155717302471494,2.815903683989534,0.9367540842669951,1.2355830412934146,0.0002905606286777375,0.0,159,242
2023-08-18,60.00000000009153,2.4744012354345712,0,0,0,0,0,0,104,0.6540880503144654,154.5,0.0,0.07184880488039555,2.827401969454372,0.9367540842668679,1.2355830412949884,0.00029163185568062156,0.0,159,242
2023-08-19,60.00000000004882,2.474401235433719,0,0,0,0,0,0,104,0.6540880503144654,155.5,0.0,0.07214151098950547,2.838942699650395,0.9367540842667988,1.2355830412958406,0.00029270610910991224,0.0,159,242
2023-08-20,60.000000000025864,2.4744012354332616,0,0,0,0,0,0,104,0.6540880503144654,156.5,0.0,0.07243529437961573,2.8505259945778647,0.9367540842667619,1.235583041296298,0.00029378339011025117,0.0,159,242
2023-08-21,60.00000000001361,2.4744012354330174,0,0,0,0,0,0,104,0.6540880503144654,157.5,0.0,0.07273015807937484,2.862151974281841,0.9367540842667424,1.2355830412965425,0.0002948636997591198,0.0,159,242
2023-08-22,60.000000000007105,2.474401235432887,0,0,0,0,0,0,104,0.6540880503144654,158.5,0.0,0.07302610511844113,2.873820758849506,0.9367540842667317,1.235583041296673,0.0002959470390662843,0.0,159,242
2023-08-23,60.00000000000369,2.4744012354328184,0,0,0,0,0,0,105,0.660377358490566,157.9904761904762,0.0,0.07332313852741436,2.8855324684074724,0.9367540842667264,1.2355830412967412,0.00029703340897323943,0.0,159,242
2023-08-24,60.0000000000019,2.4744012354327842,0,0,0,0,0,0,105,0.660377358490566,158.9904761904762,0.0,0.07362126133776702,2.8972872231190623,0.9367540842667231,1.2355830412967757,0.00029812281035265255,0.0,159,242
2023-08-25,60.00000000000097,2.4744012354327665,0,0,0,0,0,0,107,0.6729559748427673,157.01869158878506,0.0,0.07392047658177482,2.9090851431815716,0.936754084266722,1.2355830412967932,0.0002992152440078063,0.0,159,242
2023-08-26,60.0000000000005,2.474401235432757,0,0,0,0,0,0,107,0.6729559748427673,158.01869158878506,0.0,0.07422078729244687,2.920926348823504,0.9367540842667214,1.2355830412968025,0.00030031071067204045,0.0,159,242
2023-08-27,60.00000000000025,2.474401235432752,0,0,0,0,0,0,107,0.6729559748427673,159.01869158878506,0.0,0.07452219650345507,2.932810960301793,0.9367540842667209,1.2355830412968078,0.0003014092110081933,0.0,159,242
2023-08-28,60.00000000000013,2.474401235432749,0,0,0,0,0,0,107,0.6729559748427673,160.01869158878506,0.0,0.07482470724906311,2.9447390978989914,0.9367540842667206,1.2355830412968107,0.00030251074560804105,0.0,159,242
2023-08-29,60.000000000000064,2.474401235432749,0,0,0,0,0,0,107,0.6729559748427673,161.01869158878506,0.0,0.07512832256405484,2.9567108819204435,0.9367540842667206,1.2355830412968107,0.00030361531499173617,0.0,159,242
2023-08-30,60.00000000000003,2.474401235432749,0,0,0,0,0,0,107,0.6729559748427673,162.01869158878506,0.0,0.07543304548366209,2.9687264326914367,0.9367540842667206,1.2355830412968107,0.00030472291960724577,0.0,159,242
2023-08-31,60.000000000000014,2.4744012354327474,0,0,0,0,0,0,107,0.6729559748427673,163.01869158878506,0.0,0.07573887904349187,2.980785870554328,0.9367540842667202,1.2355830412968125,0.0003058335598297875,0.0,159,242
2023-09-01,60.00000000000001,2.4744012354327465,0,0,0,0,0,0,107,0.6729559748427673,164.01869158878506,0.0,0.07604582627945314,2.992889315865649,0.9367540842667202,1.2355830412968132,0.0003069472359612658,0.0,159,242
2023-09-02,60.00000000000001,2.4744012354327465,0,0,0,0,0,0,107,0.6729559748427673,165.01869158878506,0.0,0.07635389022768284,3.0050368889931844,0.9367540842667202,1.2355830412968132,0.0003080639482297058,0.0,159,242
2023-09-03,60.0,2.474401235432747,0,0,0,0,0,0,107,0.6729559748427673,166.01869158878506,0.0,0.07666307392447154,3.017228710313038,0.9367540842667202,1.2355830412968127,0.00030918369678868744,0.0,159,242
2023-09-04,60.0,2.474401235432747,0,0,0,0,0,0,107,0.6729559748427673,167.01869158878506,0.0,0.0769733804061883,3.029464900206667,0.9367540842667202,1.2355830412968127,0.00031030648171677735,0.0,159,242
2023-09-05,60.0,2.474401235432747,0,0,0,0,0,0,107,0.6729559748427673,168.01869158878506,0.0,0.07728481270920526,3.0417455790578947,0.9367540842667202,1.2355830412968127,0.0003114323030169616,0.0,159,242
2023-09-06,60.0,2.474401235432747,0,0,0,0,0,0,107,0.6729559748427673,169.01869158878506,0.0,0.07759737386982132,3.0540708672499073,0.9367540842667202,1.2355830412968127,0.000312561160616076,0.0,159,242
2023-09-07,60.0,2.474401235432747,0,0,0,0,0,0,108,0.6792452830188679,168.4537037037037,0.0,0.07791106692418558,3.0664408851622187,0.9367540842667202,1.2355830412968127,0.00031369305436423586,0.0,159,242
2023-09-08,60.0,2.474401235432747,0,0,0,0,0,0,109,0.6855345911949685,167.90825688073394,0.0,0.07822589490821984,3.0788557531676215,0.9367540842667202,1.2355830412968127,0.000314827984034266,0.0,159,242
2023-09-09,60.0,2.474401235432747,0,0,0,0,0,0,109,0.6855345911949685,168.90825688073394,0.0,0.07854186085754099,3.0913155916291095,0.9367540842667202,1.2355830412968127,0.0003159659493211284,0.0,159,242
2023-09-10,60.0,2.474401235432747,0,0,0,0,0,0,109,0.6855345911949685,169.90825688073394,0.0,0.07885896780738234,3.1038205208967775,0.9367540842667202,1.2355830412968127,0.0003171069498413503,0.0,159,242
2023-09-11,60.0,2.474401235432747,0,0,0,0,0,0,109,0.6855345911949685,170.90825688073394,0.0,0.07917721879251478,3.1163706613047033,0.9367540842667202,1.2355830412968127,0.00031825098513245127,0.0,159,242
2023-09-12,60.0,2.474401235432747,0,0,0,0,0,0,109,0.6855345911949685,171.90825688073394,0.0,0.07949661684716715,3.1289661331678027,0.9367540842667202,1.2355830412968127,0.0003193980546523692,0.0,159,242
2023-09-13,60.0,2.474401235432747,0,0,0,0,0,0,109,0.6855345911949685,172.90825688073394,0.0,0.07981716500494604,3.1416070567786605,0.9367540842667202,1.2355830412968127,0.0003205481577788862,0.0,159,242
2023-09-14,60.0,2.474401235432747,0,0,0,0,0,0,109,0.6855345911949685,173.90825688073394,0.0,0.08013886629875508,3.1542935524043445,0.9367540842667202,1.2355830412968127,0.00032170129380905394,0.0,159,242
2023-09-15,60.0,2.474401235432747,0,0,0,0,0,0,109,0.6855345911949685,174.90825688073394,0.0,0.0804617237607137,3.16702574028319,0.9367540842667202,1.2355830412968127,0.00032285746195861726,0.0,159,242
2023-09-16,60.0,2.474401235432747,0,0,0,0,0,0,109,0.6855345911949685,175.90825688073394,0.0,0.08078574042207515,3.1798037406215673,0.9367540842667202,1.2355830412968127,0.0003240166613614393,0.0,159,242
2023-09-17,60.0,2.474401235432747,0,0,0,0,0,0,109,0.6855345911949685,176.90825688073394,0.0,0.08111091931314407,3.1926276735906205,0.9367540842667202,1.2355830412968127,0.0003251788910689245,0.0,159,242
2023-09-18,60.0,2.474401235432747,0,0,0,0,0,0,109,0.6855345911949685,177.90825688073394,0.0,0.0814372634631935,3.2054976593229885,0.9367540842667202,1.2355830412968127,0.0003263441500494411,0.0,159,242
2023-09-19,60.0,2.474401235432747,0,0,0,0,0,0,110,0.6918238993710691,177.29090909090908,0.0,0.08176477590038125,3.218413817909502,0.9367540842667202,1.2355830412968127,0.0003275124371877447,0.0,159,242
2023-09-20,60.0,2.474401235432747,0,0,0,0,0,0,110,0.6918238993710691,178.29090909090908,0.0,0.08209345965166565,3.2313762693958514,0.9367540842667202,1.2355830412968127,0.00032868375128440006,0.0,159,242
2023-09-21,60.0,2.474401235432747,0,0,0,0,0,0,110,0.6918238993710691,179.29090909090908,0.0,0.08242331774272085,3.244385133779245,0.9367540842667202,1.2355830412968127,0.00032985809105520286,0.0,159,242
2023-09-22,60.0,2.474401235432747,0,0,0,0,0,0,110,0.6918238993710691,180.29090909090908,0.0,0.08275435319785145,3.2574405310050283,0.9367540842667202,1.2355830412968127,0.0003310354551306015,0.0,159,242
2023-09-23,60.0,2.474401235432747,0,0,0,0,0,0,110,0.6918238993710691,181.29090909090908,0.0,0.08308656903990656,3.270542580963294,0.9367540842667202,1.2355830412968127,0.00033221584205511863,0.0,159,242
2023-09-24,60.0,2.474401235432747,0,0,0,0,0,0,110,0.6918238993710691,182.29090909090908,0.0,0.08341996829019335,3.2836914034854594,0.9367540842667202,1.2355830412968127,0.00033339925028677195,0.0,159,242
2023-09-25,60.0,2.474401235432747,0,0,0,0,0,0,111,0.6981132075471698,181.64864864864865,0.0,0.08375455396838984,3.296887118340827,0.9367540842667202,1.2355830412968127,0.0003345856781964953,0.0,159,242
2023-09-26,60.0,2.474401235432747,0,0,0,0,0,0,111,0.6981132075471698,182.64864864864865,0.0,0.08409032909245741,3.3101298452331163,0.9367540842667202,1.2355830412968127,0.0003357751240675596,0.0,159,242
2023-09-27,60.0,2.474401235432747,0,0,0,0,0,0,111,0.6981132075471698,183.64864864864865,0.0,0.08442729667855241,3.3234197037969833,0.9367540842667202,1.2355830412968127,0.0003369675860949934,0.0,159,242
2023-09-28,60.0,2.474401235432747,0,0,0,0,0,0,111,0.6981132075471698,184.64864864864865,0.0,0.0847654597409374,3.3367568135944996,0.9367540842667202,1.2355830412968127,0.0003381630623850036,0.0,159,242
2023-09-29,60.0,2.474401235432747,0,0,0,0,0,0,111,0.6981132075471698,185.64864864864865,0.0,0.0851048212918918,3.350141294111628,0.9367540842667202,1.2355830412968127,0.00033936155095439614,0.0,159,242
2023-09-30,60.0,2.474401235432747,0,0,0,0,0,0,112,0.7044025157232704,184.99107142857144,0.0,0.08544538434162179,3.363573264754659,0.9367540842667202,1.2355830412968127,0.0003405630497299968,0.0,159,242
2023-10-01,60.0,2.474401235432747,0,0,0,0,0,0,112,0.7044025157232704,185.99107142857144,0.0,0.08578715189816985,3.3770528448466344,0.9367540842667202,1.2355830412968127,0.00034176755654807177,0.0,159,242
2023-10-02,60.0,2.474401235432747,0,0,0,0,0,0,112,0.7044025157232704,186.99107142857144,0.0,0.08613012696732361,3.3905801536237443,0.9367540842667202,1.2355830412968127,0.0003429750691537485,0.0,159,242
2023-10-03,60.0,2.474401235432747,0,0,0,0,0,0,112,0.7044025157232704,187.99107142857144,0.0,0.08647431255252405,3.4041553102317,0.9367540842667202,1.2355830412968127,0.0003441855852004373,0.0,159,242
2023-10-04,60.0,2.474401235432747,0,0,0,0,0,0,113,0.710691823899371,187.32743362831857,0.0,0.08681971165477331,3.4177784337220856,0.9367540842667202,1.2355830412968127,0.00034539910224925196,0.0,159,242
2023-10-05,60.0,2.474401235432747,0,0,0,0,0,0,113,0.710691823899371,188.32743362831857,0.0,0.08716632727254173,3.4314496430486874,0.9367540842667202,1.2355830412968127,0.00034661561776843134,0.0,159,242
2023-10-06,60.0,2.474401235432747,0,0,0,0,0,0,113,0.710691823899371,189.32743362831857,0.0,0.0875141624016745,3.445169057063798,0.9367540842667202,1.2355830412968127,0.00034783512913276184,0.0,159,242
2023-10-07,60.0,2.474401235432747,0,0,0,0,0,0,114,0.7169811320754716,188.66666666666666,0.0,0.08786322003529749,3.4589367945144986,0.9367540842667202,1.2355830412968127,0.00034905763362299885,0.0,159,242
2023-10-08,60.0,2.474401235432747,0,0,0,0,0,0,114,0.7169811320754716,189.66666666666666,0.0,0.08821350316372278,3.472752974038919,0.9367540842667202,1.2355830412968127,0.00035028312842528956,0.0,159,242
2023-10-09,60.0,2.474401235432747,0,0,0,0,0,0,114,0.7169811320754716,190.66666666666666,0.0,0.08856501477435338,3.486617714162474,0.9367540842667202,1.2355830412968127,0.00035151161063059604,0.0,159,242
2023-10-10,60.0,2.474401235432747,0,0,0,0,0,0,114,0.7169811320754716,191.66666666666666,0.0,0.0889177578515875,3.5005311332940763,0.9367540842667202,1.2355830412968127,0.00035274307723411915,0.0,159,242
2023-10-11,60.0,2.474401235432747,0,0,0,0,0,0,114,0.7169811320754716,192.66666666666666,0.0,0.08927173537672223,3.514493349722328,0.9367540842667202,1.2355830412968127,0.00035397752513472135,0.0,159,242
2023-10-12,60.0,2.474401235432747,0,0,0,0,0,0,114,0.7169811320754716,193.66666666666666,0.0,0.08962695032785659,3.5285044816116864,0.9367540842667202,1.2355830412968127,0.00035521495113435294,0.0,159,242
2023-10-13,60.0,2.474401235432747,0,0,0,0,0,0,114,0.7169811320754716,194.66666666666666,0.0,0.08998340567979404,3.5425646469986143,0.9367540842667202,1.2355830412968127,0.0003564553519374761,0.0,159,242
2023-10-14,60.0,2.474401235432747,0,0,0,0,0,0,114,0.7169811320754716,195.66666666666666,0.0,0.09034110440394455,3.556673963787695,0.9367540842667202,1.2355830412968127,0.0003576987241504914,0.0,159,242
2023-10-15,60.0,2.474401235432747,0,0,0,0,0,0,114,0.7169811320754716,196.66666666666666,0.0,0.0907000494682257,3.5708325497477356,0.9367540842667202,1.2355830412968127,0.00035894506428116427,0.0,159,242
2023-10-16,60.0,2.474401235432747,0,0,0,0,0,0,114,0.7169811320754716,197.66666666666666,0.0,0.09106024383696375,3.585040522507845,0.9367540842667202,1.2355830412968127,0.00036019436873805283,0.0,159,242
2023-10-17,60.0,2.474401235432747,0,0,0,0,0,0,115,0.7232704402515723,196.94782608695652,0.0,0.09142169047079371,3.5992979995534853,0.9367540842667202,1.2355830412968127,0.00036144663382993566,0.0,159,242
2023-10-18,60.0,2.474401235432747,0,0,0,0,0,0,115,0.7232704402515723,197.94782608695652,0.0,0.09178439232655893,3.6136050982225028,0.9367540842667202,1.2355830412968127,0.0003627018557652415,0.0,159,242
2023-10-19,60.0,2.474401235432747,0,0,0,0,0,0,115,0.7232704402515723,198.94782608695652,0.0,0.09214835235721042,3.627961935701139,0.9367540842667202,1.2355830412968127,0.00036396003065147927,0.0,159,242
2023-10-20,60.0,2.474401235432747,0,0,0,0,0,0,116,0.7295597484276729,198.23275862068965,0.0,0.09251357351170508,3.6423686290200137,0.9367540842667202,1.2355830412968127,0.000365221154494669,0.0,159,242
2023-10-21,60.0,2.474401235432747,0,0,0,0,0,0,116,0.7295597484276729,199.23275862068965,0.0,0.09288005873490385,3.656825295050091,0.9367540842667202,1.2355830412968127,0.0003664852231987743,0.0,159,242
2023-10-22,60.0,2.474401235432747,0,0,0,0,0,0,116,0.7295597484276729,200.23275862068965,0.0,0.093247810967469,3.6713320504986187,0.9367540842667202,1.2355830412968127,0.00036775223256513555,0.0,159,242
2023-10-23,60.0,2.474401235432747,0,0,0,0,0,0,116,0.7295597484276729,201.23275862068965,0.0,0.09361683314576091,3.6858890119050463,0.9367540842667202,1.2355830412968127,0.00036902217829190434,0.0,159,242
2023-10-24,60.0,2.474401235432747,0,0,0,0,0,0,116,0.7295597484276729,202.23275862068965,0.0,0.09398712820173437,3.7004962956369236,0.9367540842667202,1.2355830412968127,0.0003702950559734789,0.0,159,242
2023-10-25,60.0,2.474401235432747,0,0,0,0,0,0,116,0.7295597484276729,203.23275862068965,0.0,0.09435869906283433,3.7151540178857703,0.9367540842667202,1.2355830412968127,0.0003715708610999417,0.0,159,242
2023-10-26,60.0,2.474401235432747,0,0,0,0,0,0,116,0.7295597484276729,204.23275862068965,0.0,0.0947315486518908,3.7298622946629316,0.9367540842667202,1.2355830412968127,0.00037284958905649674,0.0,159,242
2023-10-27,60.0,2.474401235432747,0,0,0,0,0,0,116,0.7295597484276729,205.23275862068965,0.0,0.09510567988701371,3.744621241795403,0.9367540842667202,1.2355830412968127,0.00037413123512291017,0.0,159,242
2023-10-28,60.0,2.474401235432747,0,0,0,0,0,0,116,0.7295597484276729,206.23275862068965,0.0,0.09548109568148667,3.759430974921639,0.9367540842667202,1.2355830412968127,0.0003754157944729504,0.0,159,242
2023-10-29,60.0,2.474401235432747,0,0,0,0,0,0,117,0.7358490566037735,205.47008547008548,0.0,0.0958577989436605,3.77429160948734,0.9367540842667202,1.2355830412968127,0.0003767032621738313,0.0,159,242
2023-10-30,60.0,2.474401235432747,0,0,0,0,0,0,117,0.7358490566037735,206.47008547008548,0.0,0.09623579257684617,3.7892032607412105,0.9367540842667202,1.2355830412968127,0.0003779936331856561,0.0,159,242
2023-10-31,60.0,2.474401235432747,0,0,0,0,0,0,117,0.7358490566037735,207.47008547008548,0.0,0.09661507947920703,3.804166043730701,0.9367540842667202,1.2355830412968127,0.00037928690236086284,0.0,159,242
2023-11-01,60.0,2.474401235432747,0,0,0,0,0,0,117,0.7358490566037735,208.47008547008548,0.0,0.0969956625436507,3.819180073297729,0.9367540842667202,1.2355830412968127,0.00038058306444367195,0.0,159,242
2023-11-02,60.0,2.474401235432747,0,0,0,0,0,0,117,0.7358490566037735,209.47008547008548,0.0,0.09737754465772024,3.8342454640743733,0.9367540842667202,1.2355830412968127,0.0003818821140695354,0.0,159,242
2023-11-03,60.0,2.474401235432747,0,0,0,0,0,0,117,0.7358490566037735,210.47008547008548,0.0,0.09776072870348483,3.8493623304785474,0.9367540842667202,1.2355830412968127,0.0003831840457645871,0.0,159,242
2023-11-04,60.0,2.474401235432747,0,0,0,0,0,0,117,0.7358490566037735,211.47008547008548,0.0,0.09814521755742991,3.864530786709655,0.9367540842667202,1.2355830412968127,0.0003844888539450963,0.0,159,242
2023-11-05,60.0,2.474401235432747,0,0,0,0,0,0,117,0.7358490566037735,212.47008547008548,0.0,0.09853101409034686,3.8797509467442195,0.9367540842667202,1.2355830412968127,0.0003857965329169212,0.0,159,242
2023-11-06,60.0,2.474401235432747,0,0,0,0,0,0,117,0.7358490566037735,213.47008547008548,0.0,0.0989181211672218,3.895022924331496,0.9367540842667202,1.2355830412968127,0.0003871070768749663,0.0,159,242
2023-11-07,60.0,2.474401235432747,0,0,0,0,0,0,117,0.7358490566037735,214.47008547008548,0.0,0.09930654164712445,3.910346832989056,0.9367540842667202,1.2355830412968127,0.0003884204799026406,0.0,159,242
2023-11-08,60.0,2.474401235432747,0,0,0,0,0,0,117,0.7358490566037735,215.47008547008548,0.0,0.09969627838309576,3.925722785998358,0.9367540842667202,1.2355830412968127,0.0003897367359713181,0.0,159,242
2023-11-09,60.0,2.474401235432747,0,0,0,0,0,0,117,0.7358490566037735,216.47008547008548,0.0,0.10008733422203557,3.9411508964002877,0.9367540842667202,1.2355830412968127,0.00039105583893980095,0.0,159,242
2023-11-10,60.0,2.474401235432747,0,0,0,0,0,0,117,0.7358490566037735,217.47008547008548,0.0,0.10047971200458934,3.956631276990687,0.9367540842667202,1.2355830412968127,0.000392377782553784,0.0,159,242
2023-11-11,60.0,2.474401235432747,0,0,0,0,0,0,117,0.7358490566037735,218.47008547008548,0.0,0.10087341456503465,3.972164040315854,0.9367540842667202,1.2355830412968127,0.000393702560445322,0.0,159,242
2023-11-12,60.0,2.474401235432747,0,0,0,0,0,0,117,0.7358490566037735,219.47008547008548,0.0,0.10126844473116696,3.987749298668024,0.9367540842667202,1.2355830412968127,0.0003950301661322999,0.0,159,242
2023-11-13,60.0,2.474401235432747,0,0,0,0,0,0,117,0.7358490566037735,220.47008547008548,0.0,0.10166480532418488,4.003387164080834,0.9367540842667202,1.2355830412968127,0.0003963605930179035,0.0,159,242
2023-11-14,60.0,2.474401235432747,0,0,0,0,0,0,118,0.7421383647798742,219.60169491525423,0.0,0.10206249915857496,4.01907774832476,0.9367540842667202,1.2355830412968127,0.00039769383439009506,0.0,159,242
2023-11-15,60.0,2.474401235432747,0,0,0,0,0,0,118,0.7421383647798742,220.60169491525423,0.0,0.10246152904199604,4.03482116290253,0.9367540842667202,1.2355830412968127,0.0003990298834210895,0.0,159,242
2023-11-16,60.0,2.474401235432747,0,0,0,0,0,0,119,0.7484276729559748,219.7478991596639,0.0,0.10286189777516287,4.050617519044534,0.9367540842667202,1.2355830412968127,0.00040036873316683384,0.0,159,242
2023-11-17,60.0,2.474401235432747,0,0,0,0,0,0,119,0.7484276729559748,220.7478991596639,0.0,0.10326360815172937,4.0664669277041945,0.9367540842667202,1.2355830412968127,0.00040171037656649007,0.0,159,242
2023-11-18,60.0,2.474401235432747,0,0,0,0,0,0,119,0.7484276729559748,221.7478991596639,0.0,0.1036666629581713,4.082369499553324,0.9367540842667202,1.2355830412968127,0.0004030548064419189,0.0,159,242
2023-11-19,60.0,2.474401235432747,0,0,0,0,0,0,120,0.7547169811320755,220.9,0.0,0.10407106497366848,4.098325344977461,0.9367540842667202,1.2355830412968127,0.00040440201549716843,0.0,159,242
2023-11-20,60.0,2.474401235432747,0,0,0,0,0,0,120,0.7547169811320755,221.9,0.0,0.10447681696998644,4.114334574071188,0.9367540842667202,1.2355830412968127,0.0004057519963179636,0.0,159,242
2023-11-21,60.0,2.474401235432747,0,0,0,0,0,0,120,0.7547169811320755,222.9,0.0,0.10488392171135762,4.13039729663343,0.9367540842667202,1.2355830412968127,0.00040710474137120047,0.0,159,242
2023-11-22,60.0,2.474401235432747,0,0,0,0,0,0,120,0.7547169811320755,223.9,0.0,0.10529238195436207,4.1465136221627255,0.9367540842667202,1.2355830412968127,0.00040846024300444196,0.0,159,242
2023-11-23,60.0,2.474401235432747,0,0,0,0,0,0,120,0.7547169811320755,224.9,0.0,0.10570220044780748,4.162683659852484,0.9367540842667202,1.2355830412968127,0.00040981849344541723,0.0,159,242
2023-11-24,60.0,2.474401235432747,0,0,0,0,0,0,120,0.7547169811320755,225.9,0.0,0.10611337993260901,4.178907518586228,0.9367540842667202,1.2355830412968127,0.00041117948480152457,0.0,159,242
2023-11-25,60.0,2.474401235432747,0,0,0,0,0,0,120,0.7547169811320755,226.9,0.0,0.10652592314166838,4.195185306932802,0.9367540842667202,1.2355830412968127,0.0004125432090593365,0.0,159,242
2023-11-26,60.0,2.474401235432747,0,0,0,0,0,0,120,0.7547169811320755,227.9,0.0,0.10693983279975247,4.211517133141573,0.9367540842667202,1.2355830412968127,0.0004139096580841091,0.0,159,242
2023-11-27,60.0,2.474401235432747,0,0,0,0,0,0,120,0.7547169811320755,228.9,0.0,0.10735511162337176,4.22790310513761,0.9367540842667202,1.2355830412968127,0.00041527882361929434,0.0,159,242
2023-11-28,60.0,2.474401235432747,0,0,0,0,0,0,120,0.7547169811320755,229.9,0.0,0.1077717623206578,4.244343330516841,0.9367540842667202,1.2355830412968127,0.00041665069728605476,0.0,159,242
2023-11-29,60.0,2.474401235432747,0,0,0,0,0,0,120,0.7547169811320755,230.9,0.0,0.10818978759124061,4.260837916541188,0.9367540842667202,1.2355830412968127,0.00041802527058278386,0.0,159,242
2023-11-30,60.0,2.474401235432747,0,0,0,0,0,0,120,0.7547169811320755,231.9,0.0,0.10860919012612526,4.277386970133698,0.9367540842667202,1.2355830412968127,0.0004194025348846273,0.0,159,242
2023-12-01,60.0,2.474401235432747,0,0,0,0,0,0,120,0.7547169811320755,232.9,0.0,0.10902997260756823,4.293990597873629,0.9367540842667202,1.2355830412968127,0.0004207824814430099,0.0,159,242
2023-12-02,60.0,2.474401235432747,0,0,0,0,0,0,120,0.7547169811320755,233.9,0.0,0.10945213770895339,4.310648905991549,0.9367540842667202,1.2355830412968127,0.0004221651013851654,0.0,159,242
2023-12-03,60.0,2.474401235432747,0,0,0,0,0,0,120,0.7547169811320755,234.9,0.0,0.10987568809466705,4.327362000364387,0.9367540842667202,1.2355830412968127,0.0004235503857136694,0.0,159,242
2023-12-04,60.0,2.474401235432747,0,0,0,0,0,0,120,0.7547169811320755,235.9,0.0,0.11030062641997304,4.344129986510487,0.9367540842667202,1.2355830412968127,0.00042493832530597734,0.0,159,242
2023-12-05,60.0,2.474401235432747,0,0,0,0,0,0,120,0.7547169811320755,236.9,0.0,0.11072695533088701,4.3609529695846305,0.9367540842667202,1.2355830412968127,0.0004263289109139654,0.0,159,242
2023-12-06,60.0,2.474401235432747,0,0,0,0,0,0,120,0.7547169811320755,237.9,0.0,0.11115467746405049,4.377831054373049,0.9367540842667202,1.2355830412968127,0.0004277221331634755,0.0,159,242
2023-12-07,60.0,2.474401235432747,0,0,0,0,0,0,120,0.7547169811320755,238.9,0.0,0.11158379544660434,4.39476434528841,0.9367540842667202,1.2355830412968127,0.00042911798255386495,0.0,159,242
2023-12-08,60.0,2.474401235432747,0,0,0,0,0,0,120,0.7547169811320755,239.9,0.0,0.11201431189606192,4.411752946364796,0.9367540842667202,1.2355830412968127,0.0004305164494575588,0.0,159,242
2023-12-09,60.0,2.474401235432747,0,0,0,0,0,0,120,0.7547169811320755,240.9,0.0,0.1124462294201815,4.42879696125266,0.9367540842667202,1.2355830412968127,0.00043191752411960826,0.0,159,242
2023-12-10,60.0,2.474401235432747,0,0,0,0,0,0,121,0.7610062893081762,239.9090909090909,0.0,0.11287955061683878,4.445896493213758,0.9367540842667202,1.2355830412968127,0.0004333211966572515,0.0,159,242
2023-12-11,60.0,2.474401235432747,0,0,0,0,0,0,121,0.7610062893081762,240.9090909090909,0.0,0.11331427807389825,4.463051645116077,0.9367540842667202,1.2355830412968127,0.00043472745705948004,0.0,159,242
2023-12-12,60.0,2.474401235432747,0,0,0,0,0,0,121,0.7610062893081762,241.9090909090909,0.0,0.11375041436908485,4.480262519428733,0.9367540842667202,1.2355830412968127,0.0004361362951866089,0.0,159,242
2023-12-13,60.0,2.474401235432747,0,0,0,0,0,0,122,0.7672955974842768,240.9262295081967,0.0,0.1141879620698547,4.497529218216862,0.9367540842667202,1.2355830412968127,0.00043754770076985115,0.0,159,242
2023-12-14,60.0,2.474401235432747,0,0,0,0,0,0,122,0.7672955974842768,241.9262295081967,0.0,0.11462692373326562,4.514851843136485,0.9367540842667202,1.2355830412968127,0.0004389616634108977,0.0,159,242
2023-12-15,60.0,2.474401235432747,0,0,0,0,0,0,122,0.7672955974842768,242.9262295081967,0.0,0.11506730190584712,4.532230495429372,0.9367540842667202,1.2355830412968127,0.0004403781725815003,0.0,159,242
2023-12-16,60.0,2.474401235432747,0,0,0,0,0,0,122,0.7672955974842768,243.9262295081967,0.0,0.11550909912347017,4.5496652759178655,0.9367540842667202,1.2355830412968127,0.0004417972176230608,0.0,159,242
2023-12-17,60.0,2.474401235432747,0,0,0,0,0,0,122,0.7672955974842768,244.9262295081967,0.0,0.1159523179112164,4.567156284999708,0.9367540842667202,1.2355830412968127,0.0004432187877462243,0.0,159,242
2023-12-18,60.0,2.474401235432747,0,0,0,0,0,0,122,0.7672955974842768,245.9262295081967,0.0,0.11639696078324688,4.584703622642849,0.9367540842667202,1.2355830412968127,0.00044464287203047726,0.0,159,242
2023-12-19,60.0,2.474401235432747,0,0,0,0,0,0,122,0.7672955974842768,246.9262295081967,0.0,0.11684303024267062,4.602307388380228,0.9367540842667202,1.2355830412968127,0.0004460694594237494,0.0,159,242
2023-12-20,60.0,2.474401235432747,0,0,0,0,0,0,122,0.7672955974842768,247.9262295081967,0.0,0.11729052878141265,4.619967681304555,0.9367540842667202,1.2355830412968127,0.0004474985387420237,0.0,159,242
2023-12-21,60.0,2.474401235432747,0,0,0,0,0,0,123,0.7735849056603774,246.91056910569105,0.0,0.1177394588800816,4.63768460006306,0.9367540842667202,1.2355830412968127,0.00044893009866894747,0.0,159,242
2023-12-22,60.0,2.474401235432747,0,0,0,0,0,0,123,0.7735849056603774,247.91056910569105,0.0,0.11818982300783704,4.655458242852241,0.9367540842667202,1.2355830412968127,0.0004503641277554515,0.0,159,242
2023-12-23,60.0,2.474401235432747,0,0,0,0,0,0,123,0.7735849056603774,248.91056910569105,0.0,0.11864162362225643,4.673288707412589,0.9367540842667202,1.2355830412968127,0.00045180061441937283,0.0,159,242
2023-12-24,60.0,2.474401235432747,0,0,0,0,0,0,123,0.7735849056603774,249.91056910569105,0.0,0.1190948631692015,4.691176091023307,0.9367540842667202,1.2355830412968127,0.00045323954694508387,0.0,159,242
2023-12-25,60.0,2.474401235432747,0,0,0,0,0,0,123,0.7735849056603774,250.91056910569105,0.0,0.11954954408268464,4.709120490496992,0.9367540842667202,1.2355830412968127,0.00045468091348312535,0.0,159,242
2023-12-26,60.0,2.474401235432747,0,0,0,0,0,0,123,0.7735849056603774,251.91056910569105,0.0,0.12000566878473448,4.72712200217434,0.9367540842667202,1.2355830412968127,0.0004561247020498471,0.0,159,242
2023-12-27,60.0,2.474401235432747,0,0,0,0,0,0,123,0.7735849056603774,252.91056910569105,0.0,0.12046323968526151,4.745180721918797,0.9367540842667202,1.2355830412968127,0.0004575709005270508,0.0,159,242
2023-12-28,60.0,2.474401235432747,0,0,0,0,0,0,123,0.7735849056603774,253.91056910569105,0.0,0.12092225918192313,4.7632967451112265,0.9367540842667202,1.2355830412968127,0.0004590194966616425,0.0,159,242
2023-12-29,60.0,2.474401235432747,0,0,0,0,0,0,123,0.7735849056603774,254.91056910569105,0.0,0.12138272965998845,4.781470166644544,0.9367540842667202,1.2355830412968127,0.00046047047806528727,0.0,159,242
2023-12-30,60.0,2.474401235432747,0,0,0,0,0,0,123,0.7735849056603774,255.91056910569105,0.0,0.12184465349220251,4.7997010809183465,0.9367540842667202,1.2355830412968127,0.0004619238322140711,0.0,159,242
2023-12-31,60.0,2.474401235432747,0,0,0,0,0,0,124,0.779874213836478,254.84677419354838,0.0,0.1223080330386507,4.81798958183353,0.9367540842667202,1.2355830412968127,0.0004633795464481692,0.0,159,242
2024-01-01,60.0,2.474401235432747,0,0,0,0,0,0,124,0.779874213836478,255.84677419354838,0.0,0.12277287064662219,4.83633576278689,0.9367540842667202,1.2355830412968127,0.00046483760797151824,0.0,159,242
2024-01-02,60.0,2.474401235432747,0,0,0,0,0,0,125,0.7861635220125787,254.79999999999998,0.0,0.1232391686504737,4.854739716665708,0.9367540842667202,1.2355830412968127,0.00046629800385149673,0.0,159,242
2024-01-03,60.0,2.474401235432747,0,0,0,0,0,0,125,0.7861635220125787,255.79999999999998,0.0,0.12370692937149232,4.873201535842329,0.9367540842667202,1.2355830412968127,0.0004677607210186101,0.0,159,242
2024-01-04,60.0,2.474401235432747,0,0,0,0,0,0,125,0.7861635220125787,256.8,0.0,0.1241761551177585,4.8917213121687295,0.9367540842667202,1.2355830412968127,0.0004692257462661819,0.0,159,242
2024-01-05,60.0,2.474401235432747,0,0,0,0,0,0,125,0.7861635220125787,257.8,0.0,0.12464684818400854,4.910299136971062,0.9367540842667202,1.2355830412968127,0.00047069306625005156,0.0,159,242
2024-01-06,60.0,2.474401235432747,0,0,0,0,0,0,125,0.7861635220125787,258.8,0.0,0.12511901085149682,4.9289351010442015,0.9367540842667202,1.2355830412968127,0.00047216266748827893,0.0,159,242
2024-01-07,60.0,2.474401235432747,0,0,0,0,0,0,125,0.7861635220125787,259.8,0.0,0.1255926453878577,4.947629294646267,0.9367540842667202,1.2355830412968127,0.00047363453636085375,0.0,159,242
2024-01-08,60.0,2.474401235432747,0,0,0,0,0,0,126,0.7924528301886793,258.73809523809524,0.0,0.1260677540469671,4.966381807493147,0.9367540842667202,1.2355830412968127,0.0004751086591094125,0.0,159,242
2024-01-09,60.0,2.474401235432747,0,0,0,0,0,0,126,0.7924528301886793,259.73809523809524,0.0,0.12654433906880408,4.985192728752997,0.9367540842667202,1.2355830412968127,0.0004765850218369621,0.0,159,242
2024-01-10,60.0,2.474401235432747,0,0,0,0,0,0,126,0.7924528301886793,260.73809523809524,0.0,0.12702240267931167,5.004062147040742,0.9367540842667202,1.2355830412968127,0.0004780636105076093,0.0,159,242
2024-01-11,60.0,2.474401235432747,0,0,0,0,0,0,126,0.7924528301886793,261.73809523809524,0.0,0.12750194709025794,5.02299015041255,0.9367540842667202,1.2355830412968127,0.00047954441094629673,0.0,159,242
2024-01-12,60.0,2.474401235432747,0,0,0,0,0,0,126,0.7924528301886793,262.73809523809524,0.0,0.1279829744990965,5.041976826360323,0.9367540842667202,1.2355830412968127,0.0004810274088385463,0.0,159,242
2024-01-13,60.0,2.474401235432747,0,0,0,0,0,0,126,0.7924528301886793,263.73809523809524,0.0,0.1284654870888267,5.061022261806144,0.9367540842667202,1.2355830412968127,0.0004825125897302095,0.0,159,242
2024-01-14,60.0,2.474401235432747,0,0,0,0,0,0,126,0.7924528301886793,264.73809523809524,0.0,0.12894948702785397,5.080126543096741,0.9367540842667202,1.2355830412968127,0.00048399993902722337,0.0,159,242
2024-01-15,60.0,2.474401235432747,0,0,0,0,0,0,126,0.7924528301886793,265.73809523809524,0.0,0.12943497646984933,5.099289755997928,0.9367540842667202,1.2355830412968127,0.0004854894419953748,0.0,159,242
2024-01-16,60.0,2.474401235432747,0,0,0,0,0,0,126,0.7924528301886793,266.73809523809524,0.0,0.12992195755360939,5.118511985689043,0.9367540842667202,1.2355830412968127,0.0004869810837600709,0.0,159,242
2024-01-17,60.0,2.474401235432747,0,0,0,0,0,0,126,0.7924528301886793,267.73809523809524,0.0,0.1304104324029155,5.137793316757375,0.9367540842667202,1.2355830412968127,0.0004884748493061173,0.0,159,242
2024-01-18,60.0,2.474401235432747,0,0,0,0,0,0,127,0.7987421383647799,266.62992125984255,0.0,0.130900403126393,5.157133833192575,0.9367540842667202,1.2355830412968127,0.0004899707234775029,0.0,159,242
2024-01-19,60.0,2.474401235432747,0,0,0,0,0,0,127,0.7987421383647799,267.62992125984255,0.0,0.1313918718173702,5.176533618381077,0.9367540842667202,1.2355830412968127,0.0004914686909771917,0.0,159,242
2024-01-20,60.0,2.474401235432747,0,0,0,0,0,0,127,0.7987421383647799,268.62992125984255,0.0,0.13188484055373711,5.195992755100487,0.9367540842667202,1.2355830412968127,0.0004929687363669234,0.0,159,242
2024-01-21,60.0,2.474401235432747,0,0,0,0,0,0,127,0.7987421383647799,269.62992125984255,0.0,0.13237931139780412,5.215511325513989,0.9367540842667202,1.2355830412968127,0.0004944708440670194,0.0,159,242
2024-01-22,60.0,2.474401235432747,0,0,0,0,0,0,127,0.7987421383647799,270.62992125984255,0.0,0.13287528639616036,5.235089411164722,0.9367540842667202,1.2355830412968127,0.0004959749983561984,0.0,159,242
2024-01-23,60.0,2.474401235432747,0,0,0,0,0,0,127,0.7987421383647799,271.62992125984255,0.0,0.13337276757953176,5.254727092970162,0.9367540842667202,1.2355830412968127,0.0004974811833713973,0.0,159,242
2024-01-24,60.0,2.474401235432747,0,0,0,0,0,0,127,0.7987421383647799,272.62992125984255,0.0,0.13387175696263937,5.274424451216494,0.9367540842667202,1.2355830412968127,0.0004989893831076016,0.0,159,242
2024-01-25,60.0,2.474401235432747,0,0,0,0,0,0,127,0.7987421383647799,273.62992125984255,0.0,0.13437225654405702,5.29418156555298,0.9367540842667202,1.2355830412968127,0.0005004995814176827,0.0,159,242
2024-01-26,60.0,2.474401235432747,0,0,0,0,0,0,127,0.7987421383647799,274.62992125984255,0.0,0.13487426830606927,5.313998514986312,0.9367540842667202,1.2355830412968127,0.0005020117620122435,0.0,159,242
2024-01-27,60.0,2.474401235432747,0,0,0,0,0,0,127,0.7987421383647799,275.62992125984255,0.0,0.13537779421452872,5.333875377874972,0.9367540842667202,1.2355830412968127,0.0005035259084594701,0.0,159,242
2024-01-28,60.0,2.474401235432747,0,0,0,0,0,0,127,0.7987421383647799,276.62992125984255,0.0,0.13588283621871375,5.353812231923579,0.9367540842667202,1.2355830412968127,0.0005050420041849945,0.0,159,242
2024-01-29,60.0,2.474401235432747,0,0,0,0,0,0,127,0.7987421383647799,277.62992125984255,0.0,0.13638939625118549,5.3738091541772235,0.9367540842667202,1.2355830412968127,0.0005065600324717626,0.0,159,242
2024-01-30,60.0,2.474401235432747,0,0,0,0,0,0,127,0.7987421383647799,278.62992125984255,0.0,0.1368974762276454,5.393866221015813,0.9367540842667202,1.2355830412968127,0.0005080799764599114,0.0,159,242
2024-01-31,60.0,2.474401235432747,0,0,0,0,0,0,127,0.7987421383647799,279.62992125984255,0.0,0.13740707804679206,5.413983508148401,0.9367540842667202,1.2355830412968127,0.0005096018191466547,0.0,159,242
2024-02-01,60.0,2.474401235432747,0,0,0,0,0,0,127,0.7987421383647799,280.62992125984255,0.0,0.13791820359017823,5.434161090607518,0.9367540842667202,1.2355830412968127,0.0005111255433861762,0.0,159,242
2024-02-02,60.0,2.474401235432747,0,0,0,0,0,0,127,0.7987421383647799,281.62992125984255,0.0,0.13843085472206776,5.454399042743493,0.9367540842667202,1.2355830412968127,0.0005126511318895311,0.0,159,242
2024-02-03,60.0,2.474401235432747,0,0,0,0,0,0,127,0.7987421383647799,282.62992125984255,0.0,0.13894503328929234,5.4746974382187705,0.9367540842667202,1.2355830412968127,0.000514178567224557,0.0,159,242
2024-02-04,60.0,2.474401235432747,0,0,0,0,0,0,127,0.7987421383647799,283.62992125984255,0.0,0.13946074112110812,5.495056350002238,0.9367540842667202,1.2355830412968127,0.0005157078318157917,0.0,159,242
2024-02-05,60.00000000000001,2.4744012354327465,0,0,0,0,0,0,128,0.8050314465408805,282.4140625,0.0,0.1399779800290525,5.5154758503635275,0.9367540842667202,1.2355830412968132,0.0005172389079444015,0.0,159,242
2024-02-06,60.00000000000001,2.4744012354327465,0,0,0,0,0,0,128,0.8050314465408805,283.4140625,0.0,0.14049675180680063,5.535956010867337,0.9367540842667202,1.2355830412968132,0.0005187717777481156,0.0,159,242
2024-02-07,60.000000000000014,2.4744012354327474,0,0,0,0,0,0,128,0.8050314465408805,284.4140625,0.0,0.14101705823002178,5.556496902367732,0.9367540842667202,1.2355830412968125,0.0005203064232211711,0.0,159,242
2024-02-08,60.00000000000003,2.474401235432749,0,0,0,0,0,0,128,0.8050314465408805,285.4140625,0.0,0.14153890105623607,5.577098595002459,0.9367540842667206,1.2355830412968107,0.0005218428262142672,0.0,159,242
2024-02-09,60.000000000000064,2.474401235432749,0,0,0,0,0,0,128,0.8050314465408805,286.4140625,0.0,0.1420622820246706,5.597761158187246,0.9367540842667206,1.2355830412968107,0.0005233809684345253,0.0,159,242
2024-02-10,60.00000000000013,2.474401235432749,0,0,0,0,0,0,128,0.8050314465408805,287.4140625,0.0,0.14258720285611606,5.618484660610106,0.9367540842667206,1.2355830412968107,0.0005249208314454618,0.0,159,242
2024-02-11,60.00000000000025,2.474401235432752,0,0,0,0,0,0,128,0.8050314465408805,288.4140625,0.0,0.14311366525278305,5.639269170225646,0.9367540842667209,1.2355830412968078,0.0005264623966669664,0.0,159,242
2024-02-12,60.0000000000005,2.474401235432757,0,0,0,0,0,0,128,0.8050314465408805,289.4140625,0.0,0.14364167089815832,5.66011475424936,0.9367540842667214,1.2355830412968025,0.0005280056453752921,0.0,159,242
2024-02-13,60.00000000000097,2.4744012354327665,0,0,0,0,0,0,128,0.8050314465408805,290.4140625,0.0,0.1441712214568614,5.6810214791519416,0.936754084266722,1.2355830412967932,0.0005295505587030527,0.0,159,242
2024-02-14,60.0000000000019,2.4744012354327842,0,0,0,0,0,0,128,0.8050314465408805,291.4140625,0.0,0.1447023185745006,5.70198941065358,0.9367540842667231,1.2355830412967757,0.0005310971176392301,0.0,159,242
2024-02-15,60.00000000000369,2.4744012354328184,0,0,0,0,0,0,128,0.8050314465408805,292.4140625,0.0,0.1452349638775298,5.723018613718262,0.9367540842667264,1.2355830412967412,0.0005326453030291908,0.0,159,242
2024-02-16,60.000000000007105,2.474401235432887,0,0,0,0,0,0,128,0.8050314465408805,293.4140625,0.0,0.1457691589731045,5.74410915254808,0.9367540842667317,1.235583041296673,0.0005341950955747126,0.0,159,242
2024-02-17,60.00000000001361,2.4744012354330174,0,0,0,0,0,0,128,0.8050314465408805,294.4140625,0.0,0.14630490544893854,5.7652610905775346,0.9367540842667424,1.2355830412965425,0.0005357464758340192,0.0,159,242
2024-02-18,60.000000000025864,2.4744012354332616,0,0,0,0,0,0,128,0.8050314465408805,295.4140625,0.0,0.14684220487316033,5.786474490467839,0.9367540842667619,1.235583041296298,0.0005372994242218257,0.0,159,242
2024-02-19,60.00000000004882,2.474401235433719,0,0,0,0,0,0,128,0.8050314465408805,296.4140625,0.0,0.14738105879416977,5.8077494141012345,0.9367540842667988,1.2355830412958406,0.0005388539210093954,0.0,159,242
2024-02-20,60.00000000009153,2.4744012354345712,0,0,0,0,0,0,128,0.8050314465408805,297.4140625,0.0,0.1479214687404944,5.829085922575293,0.9367540842668679,1.2355830412949884,0.0005404099463246063,0.0,159,242
2024-02-21,60.00000000017041,2.474401235436145,0,0,0,0,0,0,130,0.8176100628930818,293.83846153846156,0.0,0.1484634362206464,5.850484076197237,0.9367540842669951,1.2355830412934146,0.0005419674801520298,0.0,159,242
2024-02-22,60.00000000031506,2.4744012354390317,0,0,0,0,0,0,130,0.8176100628930818,294.83846153846156,0.0,0.1490069627229794,5.871943934478255,0.9367540842672286,1.2355830412905278,0.0005435265023330244,0.0,159,242
2024-02-23,60.00000000057848,2.474401235444286,0,0,0,0,0,0,130,0.8176100628930818,295.83846153846156,0.0,0.14955204971554523,5.893465556127822,0.9367540842676543,1.2355830412852735,0.0005450869925658468,0.0,159,242
2024-02-24,60.000000001054794,2.4744012354537874,0,0,0,0,0,0,130,0.8176100628930818,296.83846153846156,0.0,0.15009869864595105,5.915048999048036,0.9367540842684227,1.2355830412757722,0.0005466489304057874,0.0,159,242
2024-02-25,60.00000000190999,2.474401235470848,0,0,0,0,0,0,130,0.8176100628930818,297.83846153846156,0.0,0.15064691094121638,5.936694320327933,0.9367540842698033,1.2355830412587117,0.0005482122952653377,0.0,159,242
2024-02-26,60.0000000034346,2.474401235501263,0,0,0,0,0,0,130,0.8176100628930818,298.83846153846156,0.0,0.15119668800763084,5.958401576237851,0.9367540842722643,1.2355830412282969,0.0005497770664144102,0.0,159,242
2024-02-27,60.00000000613348,2.4744012355551006,0,0,0,0,0,0,130,0.8176100628930818,299.83846153846156,0.0,0.15174803123061142,5.980170822223762,0.9367540842766204,1.235583041174459,0.0005513432229806353,0.0,159,242
2024-02-28,60.00000001087731,2.4744012356497316,0,0,0,0,0,0,130,0.8176100628930818,300.83846153846156,0.0,0.15230094197456123,6.002002112901662,0.9367540842842773,1.2355830410798283,0.0005529107439497836,0.0,159,242
2024-02-29,60.00000001915667,2.4744012358148906,0,0,0,0,0,0,130,0.8176100628930818,301.83846153846156,0.0,0.1528554215827276,6.02389550205195,0.9367540842976413,1.235583040914669,0.0005544796081663903,0.0,159,242
2024-03-01,60.00000003350447,2.474401236101106,0,0,0,0,0,0,130,0.8176100628930818,302.83846153846156,0.0,0.1534114713770623,6.045851042613867,0.9367540843208001,1.2355830406284536,0.0005560497943347023,0.0,159,242
2024-03-02,60.00000005819283,2.4744012365935997,0,0,0,0,0,0,130,0.8176100628930818,303.83846153846156,0.0,0.15396909265808245,6.067868786679983,0.9367540843606499,1.23558304013596,0.0005576212810201534,0.0,159,242
2024-03-03,60.00000010037379,2.4744012374350413,0,0,0,0,0,0,130,0.8176100628930818,304.83846153846156,0.0,0.15452828670473415,6.089948785490776,0.936754084428734,1.2355830392945186,0.0005591940466516856,0.0,159,242
2024-03-04,60.000000171931404,2.4744012388625,0,0,0,0,0,0,130,0.8176100628930818,305.83846153846156,0.0,0.15508905477425958,6.112091089429359,0.9367540845442359,1.2355830378670598,0.000560768069525427,0.0,159,242
2024-03-05,60.00000029246517,2.4744012412669534,0,0,0,0,0,0,130,0.8176100628930818,306.83846153846156,0.0,0.15565139810207013,6.134295748016426,0.9367540847387902,1.2355830354626065,0.0005623433278105305,0.0,159,242
2024-03-06,60.00000049405712,2.474401245288386,0,0,0,0,0,0,130,0.8176100628930818,307.83846153846156,0.0,0.15621531790162854,6.1565628099055685,0.9367540850641807,1.235583031441174,0.000563919799558427,0.0,159,242
2024-03-07,60.00000082882766,2.474401251966515,0,0,0,0,0,0,130,0.8176100628930818,308.83846153846156,0.0,0.156780815364346,6.178892322879163,0.9367540856045359,1.2355830247630446,0.0005654974627174292,0.0,159,242
2024-03-08,60.00000138081462,2.4744012629777585,0,0,0,0,0,0,131,0.8238993710691824,307.4809160305344,0.0,0.15734789165950164,6.201284333845146,0.936754086495501,1.2355830137518011,0.0005670762951556641,0.0,159,242
2024-03-09,60.000002284496965,2.474401281004753,0,0,0,0,0,0,131,0.8238993710691824,308.4809160305344,0.0,0.15791654793419846,6.223738888835205,0.9367540879541396,1.2355829957248066,0.0005686562746968485,0.0,159,242
2024-03-10,60.000003753443295,2.4744013103078393,0,0,0,0,0,0,132,0.8301886792452831,307.1439393939394,0.0,0.15848678531337415,6.246256033005118,0.9367540903251733,1.2355829664217202,0.0005702373791757095,0.0,159,242
2024-03-11,60.000006124254064,2.4744013576016517,0,0,0,0,0,0,133,0.8364779874213837,305.8345864661654,0.0,0.1590586048998974,6.268835810638439,0.9367540941519106,1.235582919127908,0.0005718195865232,0.0,159,242
2024-03-12,60.00000992340246,2.474401433388418,0,0,0,0,0,0,133,0.8364779874213837,306.8345864661654,0.0,0.1596320077747939,6.291478265155268,0.9367541002841303,1.2355828433411418,0.0005734028748964997,0.0,159,242
2024-03-13,60.00001596805712,2.474401553969344,0,0,0,0,0,0,135,0.8490566037735849,303.2888888888889,0.0,0.1602069949976697,6.314183439128713,0.936754110040828,1.2355827227602154,0.0005749872228757778,0.0,159,242
2024-03-14,60.000025516882616,2.47440174445219,0,0,0,0,0,0,135,0.8490566037735849,304.2888888888889,0.0,0.16078356760742912,6.336951374312903,0.9367541254535737,1.2355825322773697,0.0005765726097594634,0.0,159,242
2024-03-15,60.00004049367755,2.474402043213772,0,0,0,0,0,0,135,0.8490566037735849,305.2888888888889,0.0,0.16136172662343307,6.35978211168821,0.936754149627587,1.2355822335157873,0.0005781590160039853,0.0,159,242
2024-03-16,60.000063816192764,2.474402508458277,0,0,0,0,0,0,137,0.8616352201257862,301.8321167883212,0.0,0.1619414730473057,6.3826756915318335,0.9367541872723901,1.2355817682712829,0.0005797464238725508,0.0,159,242
2024-03-17,60.000099875422045,2.474403227773545,0,0,0,0,0,0,137,0.8616352201257862,302.8321167883212,0.0,0.16252280786568993,6.405632153525535,0.9367542454750333,1.2355810489560148,0.000581334818384264,0.0,159,242
2024-03-18,60.00015522813167,2.474404331958243,0,0,0,0,0,0,137,0.8616352201257862,303.8321167883212,0.0,0.16310573205438286,6.428651536917293,0.9367543348188735,1.2355799447713167,0.0005829241886929134,0.0,159,242
2024-03-19,60.000239588682426,2.4744060147703637,0,0,0,0,0,0,138,0.8679245283018868,302.6304347826087,0.0,0.16369024658444742,6.451733880760326,0.936754470981431,1.235578261959196,0.0005845145300645621,0.0,159,242
2024-03-20,60.00036723683363,2.474408561077306,0,0,0,0,0,0,138,0.8679245283018868,303.6304347826087,0.0,0.16427635243115513,6.474879224262828,0.9367546770119582,1.235575715652254,0.0005861058467077185,0.0,159,242
2024-03-21,60.00055899797581,2.4744123860872524,0,0,0,0,0,0,139,0.8742138364779874,302.44604316546764,0.0,0.16486405058689105,6.4980876072927325,0.9367549865054408,1.2355718906423072,0.0005876981557359556,0.0,159,242
2024-03-22,60.00084500310044,2.474418090957562,0,0,0,0,0,0,139,0.8742138364779874,303.44604316546764,0.0,0.16545334207969545,6.521359071102962,0.9367554481012971,1.235566185771998,0.000589291492804391,0.0,159,242
2024-03-23,60.0012684998953,2.4744265383386863,0,0,0,0,0,0,139,0.8742138364779874,304.44604316546764,0.0,0.16604422799950191,6.5446936593577965,0.9367561315942425,1.2355577383908736,0.0005908859198064591,0.0,159,242
2024-03-24,60.001891065776555,2.4744389549839196,0,0,0,0,0,0,141,0.8867924528301887,301.12765957446805,0.0,0.16663670953487827,6.5680914195701074,0.9367571362333069,1.23554532174564,0.0005924815353763447,0.0,159,242
2024-03-25,60.002799670367025,2.474457076473062,0,0,0,0,0,0,141,0.8867924528301887,302.12765957446805,0.0,0.1672307880246166,6.591552405119519,0.9367586024246669,1.2355272002564979,0.0005940784897383403,0.0,159,242
2024-03-26,60.0041161503721,2.4744833265120905,0,0,0,0,0,0,141,0.8867924528301887,303.12765957446805,0.0,0.16782646502787774,6.615076677996459,0.9367607262247171,1.2355009502174694,0.0005956770032611206,0.0,159,242
2024-03-27,60.00600979460894,2.4745210849550077,0,0,0,0,0,0,141,0.8867924528301887,304.12765957446805,0.0,0.16842374242202135,6.638664312629338,0.9367637809970746,1.2354631917745522,0.0005972773941436129,0.0,159,242
2024-03-28,60.00871389040611,2.474574962573334,0,0,0,0,0,0,141,0.8867924528301887,305.12765957446805,0.0,0.16902262252933867,6.66231540084249,0.9367681395879861,1.235409314156226,0.0005988801073173337,0.0,159,242
2024-03-29,60.01254725208446,2.474651340191919,0,0,0,0,0,0,143,0.89937106918239,301.8601398601399,0.0,0.1696231082995053,6.686030058994002,0.9367743178364724,1.235332936537641,0.0006004857701666068,0.0,159,242
2024-03-30,60.017941932537155,2.474758826226521,0,0,0,0,0,0,143,0.89937106918239,302.8601398601399,0.0,0.17022520354068443,6.7098084370169495,0.9367830113834045,1.2352254505030387,0.0006020952411791726,0.0,159,242
2024-03-31,60.02547850148421,2.4749087616961023,0,0,0,0,0,0,143,0.89937106918239,303.8601398601399,0.0,0.17082891320486504,6.733650729582542,0.9367951361480173,1.2350755150334574,0.0006037096641805987,0.0,159,242
2024-04-01,5.0359304461239285,1.1507223771795911,0,0,0,0,0,0,143,0.89937106918239,304.8601398601399,0.0,0.1712190215855582,6.749113281863432,0.7332828404505131,2.5592618995499685,0.0003901083806931705,0.0,327,74
2024-04-02,60.05031939418538,2.4754018336599946,0,0,0,0,0,0,143,0.89937106918239,305.8601398601399,0.0,0.1718242970164769,6.773017462868676,0.9368351307953977,1.2345849703252885,0.0006052755285032554,9.758459013353421e-11,158,243
2024-04-03,60.06998295302586,2.4757914942141146,0,0,0,0,0,0,143,0.89937106918239,306.8601398601399,0.0,0.17243120808047618,6.796986387361471,0.9368667435517414,1.2341977604664773,0.0006069112562122059,1.9221290453438134e-10,158,243
2024-04-04,60.09665697308529,2.476320076731719,0,0,0,0,0,0,143,0.89937106918239,307.8601398601399,0.0,0.17303976960256365,6.821020636202177,0.9369096003754983,1.2336725023672226,0.0006085618426654521,3.2057799779173845e-10,158,243
2024-04-05,60.13257394604026,2.4770267789401763,0,0,0,0,0,0,143,0.89937106918239,308.8601398601399,0.0,0.17365000048530352,6.845120949760549,0.9369668512140024,1.232970244826743,0.000610231374938608,4.921987246491801e-10,158,243
2024-04-06,60.18057899922423,2.4779713261642633,0,0,0,0,0,0,145,0.9119496855345912,305.59999999999997,0.0,0.17426064155057022,6.869237260788303,0.9370435923746698,1.232037223011807,0.0006106420134242034,9.48157528213836e-10,157,244
2024-04-07,60.24426450723618,2.479210524125023,0,0,0,0,0,0,145,0.9119496855345912,306.59999999999997,0.0,0.17487170004883332,6.893369838814193,0.93714416675039,1.2308138882798514,0.0006110600748673368,1.5766042122161836e-09,156,245
2024-04-08,60.32812366772743,2.4808422627091335,0,0,0,0,0,0,145,0.9119496855345912,307.59999999999997,0.0,0.17548451305097268,6.917571807303153,0.93727689107979,1.229212937216196,0.0006128158125819066,2.8104425412839152e-09,156,245
2024-04-09,60.43772244291014,2.482918672059499,0,0,0,0,0,0,145,0.9119496855345912,308.59999999999997,0.0,0.17609778869284562,6.941791786023641,0.9374459472657372,1.22718620019357,0.0006132804631413601,4.821268448593456e-09,155,246
2024-04-10,60.57988802092092,2.4856120774829593,0,0,0,0,0,0,145,0.9119496855345912,309.59999999999997,0.0,0.1767102087365902,6.965977335112495,0.9376655894812864,1.2245761141201712,0.0006124282741994763,8.230454866550104e-09,153,248
2024-04-11,60.7629103846519,2.489079537285712,0,0,0,0,0,0,145,0.9119496855345912,310.59999999999997,0.0,0.17732317810840037,6.9901842501372755,0.9379490652540048,1.2212494360539106,0.0006129834206192942,1.4048809174328825e-08,152,249
2024-04-12,60.99675169241121,2.4933311581361868,0,0,0,0,0,0,145,0.9119496855345912,311.59999999999997,0.0,0.17793535541492808,7.0143591595914705,0.9382976003408838,1.2172190332048551,0.0006122005962868024,2.3289759071866386e-08,150,251
2024-04-13,61.29325600324493,2.4987220957864924,0,0,0,0,0,0,145,0.9119496855345912,312.59999999999997,0.0,0.17854538630907238,7.038448153994381,0.9387411980786448,1.2121877479206642,0.0006100693732142477,3.84790699486324e-08,147,254
2024-04-14,61.66634948073634,2.5023490447707464,0,0,0,0,0,0,145,0.9119496855345912,313.59999999999997,0.0,0.17915445144206912,7.062498277144304,0.9390413509234842,1.2088640786681872,0.0006091165463382127,5.1413341475374866e-08,145,256
2024-04-15,62.13221868101055,2.5068778932354547,0,0,0,0,0,0,145,0.9119496855345912,314.59999999999997,0.0,0.17976549989307244,7.086626696124586,0.9394153915137586,1.2047339967349626,0.0006111169090158724,6.845801255181916e-08,145,256
2024-04-16,62.70945201296719,2.5119857369657823,0,0,0,0,0,0,145,0.9119496855345912,315.59999999999997,0.0,0.1803785906507815,7.110835717607504,0.939834782830681,1.2000759002513304,0.0006131784389137369,8.76812046525026e-08,145,256
2024-04-17,63.41912713254185,2.5182655365016156,0,0,0,0,0,0,145,0.9119496855345912,316.59999999999997,0.0,0.18099384092687848,7.135129924284927,0.9403468134382541,1.1943490390394071,0.0006153615903633632,1.1131426638793302e-07,145,256
2024-04-18,64.28482511768256,2.525918565946403,0,0,0,0,0,0,145,0.9119496855345912,317.59999999999997,0.0,0.1816113868634121,7.159514638344773,0.9409654637275173,1.1873698612438464,0.0006176860506159781,1.4011408235246628e-07,145,256
2024-04-19,65.33255101721717,2.535013055999084,0,0,0,0,0,0,145,0.9119496855345912,318.59999999999997,0.0,0.18223136972588783,7.1839953814172155,0.9416929983545866,1.1790761439002062,0.0006201571989914107,1.7433651568898975e-07,145,256
2024-04-20,66.59054004351111,2.545932675998069,0,0,0,0,0,0,145,0.9119496855345912,319.59999999999997,0.0,0.1828508336182812,7.208454538734148,0.9425600261558312,1.1691983697724186,0.0006196831683727451,2.1927597939989237e-07,143,258
2024-04-21,68.08892955459343,2.5586501137652524,0,0,0,0,0,0,145,0.9119496855345912,320.59999999999997,0.0,0.18347306126237792,7.233022483161049,0.9435585655232722,1.1577606741704864,0.0006225024350305954,2.747909338756481e-07,143,258
2024-04-22,69.85927929247957,2.5736757879649157,0,0,0,0,0,0,145,0.9119496855345912,321.59999999999997,0.0,0.18409826493609596,7.257707506098502,0.9447177213733234,1.144247017500349,0.000625544049659106,3.403759410150956e-07,143,258
2024-04-23,71.93392630773415,2.59069886569373,0,0,0,0,0,0,145,0.9119496855345912,322.59999999999997,0.0,0.18472334063054524,7.282386098204498,0.9460121103967878,1.12908302089182,0.0006254976398424684,4.219453932346452e-07,141,260
2024-04-24,74.3451667248808,2.6104837894625135,0,0,0,0,0,0,145,0.9119496855345912,323.59999999999997,0.0,0.18535178253530232,7.307196982716041,0.9474853070135988,1.1115378998138428,0.0006289625817057555,5.206769486490598e-07,141,260
2024-04-25,77.12426400145304,2.6328035602875968,0,0,0,0,0,0,145,0.9119496855345912,324.59999999999997,0.0,0.18598040739005528,7.3320134721047765,0.9491113659748869,1.0919231816934263,0.0006292660161759199,6.411614229586294e-07,139,262
2024-04-26,80.30029248549191,2.6576839467721114,0,0,0,0,0,0,145,0.9119496855345912,325.59999999999997,0.0,0.18661104545444468,7.356908168801622,0.9508750633692278,1.0701965406341714,0.0006314206059582474,7.825415688735862e-07,138,263
2024-04-27,83.89883561088229,2.6858742303891683,0,0,0,0,0,0,145,0.9119496855345912,326.59999999999997,0.0,0.1872438898462743,7.381888558188717,0.9528183212008655,1.0458765097614375,0.0006338026030128052,9.58211183187924e-07,137,264
2024-04-28,87.94056955465514,2.7160235497623226,0,0,0,0,0,0,145,0.9119496855345912,327.59999999999997,0.0,0.1878772204527334,7.406886163048338,0.9548279588853675,1.0201290736173798,0.000634490626380076,1.1600199209619117e-06,135,266
2024-04-29,92.4397750244831,2.7495853785522364,0,0,0,0,0,0,145,0.9119496855345912,328.59999999999997,0.0,0.18851114569999095,7.431905109741393,0.9569828594307341,0.9917882222947186,0.0006353270901530445,1.4018428954887473e-06,133,268
2024-04-30,97.40283131659442,2.7847573653235274,0,0,0,0,0,0,145,0.9119496855345912,329.59999999999997,0.0,0.189145606606996,7.456942984199747,0.9591505482804404,0.9624676859477662,0.0006361367245682067,1.675817563158418e-06,131,270
2024-05-01,102.82675704574788,2.8231954229972787,0,0,0,0,0,0,145,0.9119496855345912,330.59999999999997,0.0,0.18978250558710633,7.482075248638518,0.9614167354133772,0.9308960982750842,0.0006389000736666393,2.0010935563035577e-06,130,271
2024-05-02,108.69787010375246,2.8624242617545623,0,0,0,0,0,0,145,0.9119496855345912,331.59999999999997,0.0,0.190419453897438,7.507206940475067,0.9636195957947713,0.8991599073248226,0.0006393098126491432,2.3615023174641855e-06,128,273
2024-05-03,114.99064456105107,2.9041427563361117,0,0,0,0,0,0,145,0.9119496855345912,332.59999999999997,0.0,0.19105625557239417,7.532330170568425,0.9658423759769569,0.8659402709828006,0.0006395793473561562,2.7776723999636233e-06,126,275
2024-05-04,121.66684357607812,2.9484031973107148,0,0,0,0,0,0,145,0.9119496855345912,333.59999999999997,0.0,0.19168948973533195,7.557308866280534,0.9680685733007612,0.8312999697630223,0.0006364956857455085,3.2615228077503326e-06,123,278
2024-05-05,128.67500426574213,2.992042083121445,0,0,0,0,0,0,145,0.9119496855345912,334.59999999999997,0.0,0.1923215305625356,7.582237482207363,0.9701337596282185,0.7977619996371392,0.0006358246079529919,3.7837807493686254e-06,121,280
2024-05-06,135.9503424972151,3.0373446479992645,0,0,0,0,0,0,145,0.9119496855345912,335.59999999999997,0.0,0.19294849963809113,7.606961815374181,0.9721451896571336,0.7636045484449903,0.0006313455708261129,4.376495270593862e-06,118,283
2024-05-07,143.4151325659813,3.081614039831458,0,0,0,0,0,0,145,0.9119496855345912,336.59999999999997,0.0,0.19357249635203294,7.631565419795096,0.9739864541998378,0.7309254489279927,0.0006290122463718666,5.0155324300519636e-06,116,285
2024-05-08,150.97959895689502,3.126474554805882,0,0,0,0,0,0,145,0.9119496855345912,337.59999999999997,0.0,0.1941929142286289,7.65602421042316,0.975727921519889,0.6984710739127638,0.0006261417506021521,5.7238740061476695e-06,114,287
2024-05-09,158.5433354473903,3.1687634732825263,0,0,0,0,0,0,145,0.9119496855345912,338.59999999999997,0.0,0.19480548739903925,7.680168790365524,0.9772589436235481,0.6685047450669156,0.0006190262835050961,6.453113094774376e-06,111,290
2024-05-10,165.99724167865742,3.2104383297959327,0,0,0,0,0,0,145,0.9119496855345912,339.59999999999997,0.0,0.19541325683086677,7.704120112072909,0.9786673202950931,0.6396012393222851,0.0006150035220133547,7.234090185859475e-06,109,292
2024-05-11,173.2259402983511,3.2508540485355524,0,0,0,0,0,0,145,0.9119496855345912,340.59999999999997,0.0,0.19601531190260388,7.727842078673073,0.9799384570971184,0.6121283551783808,0.0006101058122473013,8.050740510181578e-06,107,294
2024-05-12,180.1106104375212,3.287434987054917,0,0,0,0,0,0,145,0.9119496855345912,341.59999999999997,0.0,0.19661134840076547,7.751322803275699,0.9810109179099871,0.5877394739574447,0.000604879501967966,8.843003806366799e-06,105,296
2024-05-13,186.53214735963516,3.321555118099569,0,0,0,0,0,0,145,0.9119496855345912,342.59999999999997,0.0,0.19720067543450295,7.77453495923505,0.981946054775923,0.5653998291556251,0.0005989562370385438,9.629203301014112e-06,103,298
2024-05-14,192.3745353876893,3.351623543140437,0,0,0,0,0,0,145,0.9119496855345912,343.59999999999997,0.0,0.1977871846326208,7.797633432302994,0.9827190540437273,0.5460365740021516,0.0005968695734461443,1.036037532832423e-05,102,299
2024-05-15,197.52830335980434,3.37814791728393,0,0,0,0,0,0,145,0.9119496855345912,344.59999999999997,0.0,0.1983657757979863,7.820415652413716,0.9833644209893035,0.5292505237207988,0.0005896341141336314,1.1042948768143245e-05,100,301
2024-05-16,201.89392033601482,3.4000290493622876,0,0,0,0,0,0,145,0.9119496855345912,345.59999999999997,0.0,0.19893671364409096,7.842892339658345,0.9838670265272291,0.5155284790094077,0.0005825590658977188,1.162121979305035e-05,98,303
2024-05-17,205.38498517145163,3.417526793936437,0,0,0,0,0,0,145,0.9119496855345912,346.59999999999997,0.0,0.19950903883515814,7.86542303973219,0.9842557494055917,0.5047437056240827,0.0005844312798275447,1.2106088760354227e-05,98,303
2024-05-18,207.93106751158743,3.43028814342506,0,0,0,0,0,0,145,0.9119496855345912,347.59999999999997,0.0,0.20008271710261186,7.8880065772710495,0.9845261602934356,0.4968782197757492,0.0005861361807384331,1.2457913284740437e-05,98,303
2024-05-19,209.48006984555536,3.4379371905208655,0,0,0,0,0,0,145,0.9119496855345912,348.59999999999997,0.0,0.20064736959364363,7.910230589840759,0.98468578641991,0.4922150715513432,0.0005773262477991167,1.267375676733102e-05,96,305
2024-05-20,210.0,3.4405046303178666,0,0,0,0,0,0,145,0.9119496855345912,349.59999999999997,0.0,0.2012133105691172,7.932505263324781,0.9847393197279647,0.4906649192210784,0.0005786854282042347,1.2744452730644435e-05,96,305
2024-05-21,209.48006984555536,3.4379371905208655,0,0,0,0,0,0,145,0.9119496855345912,350.59999999999997,0.0,0.20178053479516786,7.954830586716983,0.98468578641991,0.4922150715513432,0.0005798862989834031,1.2662072932760757e-05,96,305
2024-05-22,207.93106751158743,3.43028814342506,0,0,0,0,0,0,145,0.9119496855345912,351.59999999999997,0.0,0.20235938122889421,7.977617732380869,0.9845261602934356,0.4968782197757492,0.0005912813301938915,1.2434896467496934e-05,98,303
2024-05-23,205.38498517145163,3.417526793936437,0,0,0,0,0,0,145,0.9119496855345912,352.59999999999997,0.0,0.20293949150741628,8.000455162069226,0.9842557494055917,0.5047437056240827,0.0005921827101364183,1.2072431614411413e-05,98,303
2024-05-24,201.89392033601482,3.4000290493622876,0,0,0,0,0,0,145,0.9119496855345912,353.59999999999997,0.0,0.2035208182932912,8.023341195309143,0.9838670265272291,0.5155284790094077,0.0005929046961938237,1.157791031895097e-05,98,303
2024-05-25,197.52830335980434,3.37814791728393,0,0,0,0,0,0,145,0.9119496855345912,354.59999999999997,0.0,0.20411241176639455,8.046635774899979,0.9833644209893035,0.5292505237207988,0.0006025846855186708,1.0991212415212685e-05,100,301
2024-05-26,192.3745353876893,3.351623543140437,0,0,0,0,0,0,145,0.9119496855345912,355.59999999999997,0.0,0.2047145682761196,8.070350902703975,0.9827190540437273,0.5460365740021516,0.0006124581942980806,1.0301684573084189e-05,102,299
2024-05-27,186.53214735963516,3.321555118099569,0,0,0,0,0,0,145,0.9119496855345912,356.59999999999997,0.0,0.20532220306515062,8.094284649937652,0.981946054775923,0.5653998291556251,0.0006171998797302696,9.56509069924768e-06,103,298
2024-05-28,180.1106104375212,3.287434987054917,0,0,0,0,0,0,145,0.9119496855345912,357.59999999999997,0.0,0.20593920978018815,8.11859201605735,0.9810109179099871,0.5877394739574447,0.0006257818769538299,8.77516191631421e-06,105,296
2024-05-29,173.2259402983511,3.2508540485355524,0,0,0,0,0,0,145,0.9119496855345912,358.59999999999997,0.0,0.20656491066659982,8.143246231346858,0.9799384570971184,0.6121283551783808,0.0006336816052019683,7.980718790269841e-06,107,294
2024-05-30,165.99724167865742,3.2104383297959327,0,0,0,0,0,0,145,0.9119496855345912,359.59999999999997,0.0,0.20719900179733458,8.168235463473337,0.9786673202950931,0.6396012393222851,0.0006412547404705309,7.163609735803145e-06,109,292
2024-05-31,158.5433354473903,3.1687634732825263,0,0,0,0,0,0,145,0.9119496855345912,360.59999999999997,0.0,0.20784057244630558,8.19352365155194,0.9772589436235481,0.6685047450669156,0.0006479541383930279,6.383489422046951e-06,111,290
2024-06-01,150.97959895689502,3.126474554805882,0,0,0,0,0,0,145,0.9119496855345912,361.59999999999997,0.0,0.20849266074165476,8.219231675590729,0.975727921519889,0.6984710739127638,0.0006577444889049482,5.656193555759442e-06,114,287
2024-06-02,143.4151325659813,3.081614039831458,0,0,0,0,0,0,145,0.9119496855345912,362.59999999999997,0.0,0.20915099992779737,8.245190154616418,0.9739864541998378,0.7309254489279927,0.0006632902389027134,4.951052760075223e-06,116,285
2024-06-03,135.9503424972151,3.0373446479992645,0,0,0,0,0,0,145,0.9119496855345912,363.59999999999997,0.0,0.20981496947016023,8.271374485410684,0.9721451896571336,0.7636045484449903,0.0006682854011695043,4.315858806680389e-06,118,283
2024-06-04,128.67500426574213,2.992042083121445,0,0,0,0,0,0,145,0.9119496855345912,364.59999999999997,0.0,0.2104866332098753,8.297866858557123,0.9701337596282185,0.7977619996371392,0.0006753914565368821,3.7277168217802523e-06,121,280
2024-06-05,121.66684357607812,2.9484031973107148,0,0,0,0,0,0,145,0.9119496855345912,365.59999999999997,0.0,0.21116212101636678,8.324513436879972,0.9680685733007612,0.8312999697630223,0.0006786980371879258,3.2102306964127394e-06,123,278
2024-06-06,114.99064456105107,2.9041427563361117,0,0,0,0,0,0,145,0.9119496855345912,366.59999999999997,0.0,0.21184375322690743,8.351406584200488,0.9658423759769569,0.8659402709828006,0.0006843637856769674,2.7315751363799017e-06,126,275
2024-06-07,108.69787010375246,2.8624242617545623,0,0,0,0,0,0,145,0.9119496855345912,367.59999999999997,0.0,0.21252812295388812,8.378410813282429,0.9636195957947713,0.8991599073248226,0.0006866901572810735,2.320430300365383e-06,128,273
2024-06-08,102.82675704574788,2.8231954229972787,0,0,0,0,0,0,145,0.9119496855345912,368.59999999999997,0.0,0.21321501709036203,8.40551757970945,0.9614167354133772,0.9308960982750842,0.000688858956502631,1.964820028711683e-06,130,271
2024-06-09,97.40283131659442,2.7847573653235274,0,0,0,0,0,0,145,0.9119496855345912,369.59999999999997,0.0,0.21390202938171868,8.432631260777704,0.9591505482804404,0.9624676859477662,0.0006886565852824056,1.6442939257621687e-06,131,270
2024-06-10,92.4397750244831,2.7495853785522364,0,0,0,0,0,0,145,0.9119496855345912,370.59999999999997,0.0,0.21459102844211406,8.45982598924503,0.9569828594307341,0.9917882222947186,0.0006903736723551709,1.3746119598489337e-06,133,268
2024-06-11,87.94056955465514,2.7160235497623226,0,0,0,0,0,0,145,0.9119496855345912,371.59999999999997,0.0,0.21528193470089094,8.487098556343517,0.9548279588853675,1.0201290736173798,0.0006920430924011427,1.1368336242262428e-06,135,266
2024-06-12,83.89883561088229,2.6858742303891683,0,0,0,0,0,0,145,0.9119496855345912,372.59999999999997,0.0,0.215974866743686,8.514453496323247,0.9528183212008655,1.0458765097614375,0.0006938706196013297,9.385768062177228e-07,137,264
2024-06-13,80.30029248549191,2.6576839467721114,0,0,0,0,0,0,145,0.9119496855345912,373.59999999999997,0.0,0.21666812296856744,8.541823080812188,0.9508750633692278,1.0701965406341714,0.0006940223763021396,7.661514207744826e-07,138,263
2024-06-14,77.12426400145304,2.6328035602875968,0,0,0,0,0,0,145,0.9119496855345912,374.59999999999997,0.0,0.2173619101381038,8.569215333166554,0.9491113659748869,1.0919231816934263,0.0006944146655261428,6.274959897583034e-07,139,262
2024-06-15,74.3451667248808,2.6104837894625135,0,0,0,0,0,0,145,0.9119496855345912,375.59999999999997,0.0,0.2180580413964886,8.596702173917905,0.9474853070135988,1.1115378998138428,0.0006966406620483127,5.094036634992896e-07,141,260
2024-06-16,71.93392630773415,2.59069886569373,0,0,0,0,0,0,145,0.9119496855345912,376.59999999999997,0.0,0.21875341502557977,8.624160151426148,0.9460121103967878,1.12908302089182,0.0006957863250527612,4.1269596157566286e-07,141,260
2024-06-17,69.85927929247957,2.5736757879649157,0,0,0,0,0,0,145,0.9119496855345912,377.59999999999997,0.0,0.21945148563665437,8.651726403481584,0.9447177213733234,1.144247017500349,0.0006984034416509555,3.3283057638377085e-07,143,258
2024-06-18,68.08892955459343,2.5586501137652524,0,0,0,0,0,0,145,0.9119496855345912,378.59999999999997,0.0,0.2201492390305965,8.679280983653834,0.9435585655232722,1.1577606741704864,0.0006980220463566117,2.6865241446127036e-07,143,258
2024-06-19,66.59054004351111,2.545932675998069,0,0,0,0,0,0,145,0.9119496855345912,379.59999999999997,0.0,0.2208469074458711,8.706832962624116,0.9425600261558312,1.1691983697724186,0.0006978827546585417,2.1433938394139635e-07,143,258
2024-06-20,65.33255101721717,2.535013055999084,0,0,0,0,0,0,145,0.9119496855345912,380.59999999999997,0.0,0.2215477296804887,8.734510956444556,0.9416929983545866,1.1790761439002062,0.0007009926207682433,1.703861506259538e-07,145,256
2024-06-21,64.28482511768256,2.525918565946403,0,0,0,0,0,0,145,0.9119496855345912,381.59999999999997,0.0,0.22224885679629372,8.762201588006668,0.9409654637275173,1.1873698612438464,0.0007012640426871073,1.3692688204765954e-07,145,256
2024-06-22,63.41912713254185,2.5182655365016156,0,0,0,0,0,0,145,0.9119496855345912,382.59999999999997,0.0,0.22295044658592975,8.789911024757156,0.9403468134382541,1.1943490390394071,0.0007016985623862114,1.0877275023551607e-07,145,256
2024-06-23,62.70945201296719,2.5119857369657823,0,0,0,0,0,0,145,0.9119496855345912,383.59999999999997,0.0,0.22365265403908596,8.817645325855754,0.939834782830681,1.2000759002513304,0.000702293124838661,8.567168243435973e-08,145,256
2024-06-24,62.13221868101055,2.5068778932354547,0,0,0,0,0,0,145,0.9119496855345912,384.59999999999997,0.0,0.22435561364182172,8.84540974950887,0.9394153915137586,1.2047339967349626,0.0007030264852987933,6.688256302579309e-08,145,256
2024-06-25,61.66634948073634,2.5023490447707464,0,0,0,0,0,0,145,0.9119496855345912,385.59999999999997,0.0,0.2250593884326205,8.87320675976126,0.9390413509234842,1.2088640786681872,0.0007038250146851797,5.0223886382200996e-08,145,256
2024-06-26,61.29325600324493,2.4987220957864924,0,0,0,0,0,0,145,0.9119496855345912,386.59999999999997,0.0,0.22576688043860585,8.901151643845344,0.9387411980786448,1.2121877479206642,0.0007075295895628586,3.758357750666957e-08,147,254
2024-06-27,60.99675169241121,2.4933311581361868,0,0,0,0,0,0,145,0.9119496855345912,387.59999999999997,0.0,0.22647920335690763,8.929288816767583,0.9382976003408838,1.2172190332048551,0.0007123456618249166,2.2743523164451597e-08,150,251
2024-06-28,60.7629103846519,2.489079537285712,0,0,0,0,0,0,145,0.9119496855345912,388.59999999999997,0.0,0.22719509231086932,8.957567912141387,0.9379490652540048,1.2212494360539106,0.0007159026710946316,1.3717132977394185e-08,152,249
2024-06-29,60.57988802092092,2.4856120774829593,0,0,0,0,0,0,145,0.9119496855345912,389.59999999999997,0.0,0.2279132752902923,8.985938307573104,0.9376655894812864,1.2245761141201712,0.0007181910144162392,8.034993262821138e-09,153,248
2024-06-30,60.43772244291014,2.482918672059499,0,0,0,0,0,0,145,0.9119496855345912,390.59999999999997,0.0,0.2286351536749224,9.014455647895238,0.9374459472657372,1.22718620019357,0.0007218830908211295,4.706191028332658e-09,155,246
2024-07-01,60.32812366772743,2.4808422627091335,0,0,0,0,0,0,145,0.9119496855345912,391.59999999999997,0.0,0.22935947665528508,9.043070165522543,0.93727689107979,1.229212937216196,0.0007243257234335841,2.743070837983016e-09,156,245
2024-07-02,60.24426450723618,2.479210524125023,0,0,0,0,0,0,145,0.9119496855345912,392.59999999999997,0.0,0.23008500353502973,9.071732508468713,0.93714416675039,1.2308138882798514,0.0007255284184029846,1.5386583735984033e-09,156,245
2024-07-03,60.18057899922423,2.4779713261642633,0,0,0,0,0,0,145,0.9119496855345912,393.59999999999997,0.0,0.23081304824723556,9.100494875184062,0.9370435923746698,1.232037223011807,0.0007280456374917953,9.252859552066338e-10,157,244
2024-07-04,60.13257394604026,2.4770267789401763,0,0,0,0,0,0,145,0.9119496855345912,394.59999999999997,0.0,0.23154363478721157,9.129358196869557,0.9369668512140024,1.232970244826743,0.0007305870202494594,4.802734425976305e-10,158,243
2024-07-05,60.09665697308529,2.476320076731719,0,0,0,0,0,0,145,0.9119496855345912,395.59999999999997,0.0,0.232275549802368,9.158274224630553,0.9369096003754983,1.2336725023672226,0.0007319153279665042,3.128100469421649e-10,158,243
2024-07-06,60.06998295302586,2.4757914942141146,0,0,0,0,0,0,145,0.9119496855345912,396.59999999999997,0.0,0.2330088144184567,9.187243784876497,0.9368667435517414,1.2341977604664773,0.0007332648036437346,1.8755507676152855e-10,158,243
2024-07-07,60.05031939418538,2.4754018336599946,0,0,0,0,0,0,147,0.9245283018867925,392.2040816326531,0.0,0.2337434446320335,9.216267503272077,0.9368351307953977,1.2345849703252885,0.0007346303087966024,9.521977048006486e-11,158,243
2024-07-08,60.03593044612393,2.4751166967974196,0,0,0,0,0,0,147,0.9245283018867925,393.2040816326531,0.0,0.23447945188680008,9.24534582728507,0.9368119874216959,1.2348683138742624,0.0007360072824193732,2.7652832411530432e-11,158,243
2024-07-09,60.02547850148421,2.4749087616961023,0,0,0,0,0,0,147,0.9245283018867925,394.2040816326531,0.0,0.2352180194081035,9.274525784923062,0.9367951361480173,1.2350755150334574,0.0007385675213034521,0.0,159,242
2024-07-10,60.017941932537155,2.474758826226521,0,0,0,0,0,0,147,0.9245283018867925,395.2040816326531,0.0,0.23595798229437204,9.303761067711696,0.9367830113834045,1.2352254505030387,0.0007399628862684769,0.0,159,242
2024-07-11,60.01254725208446,2.474651340191919,0,0,0,0,0,0,150,0.9433962264150944,388.3,0.0,0.236699343688932,9.333051798234631,0.9367743178364724,1.235332936537641,0.0007413613945600151,0.0,159,242
2024-07-12,60.00871389040611,2.474574962573334,0,0,0,0,0,0,150,0.9433962264150944,389.3,0.0,0.23744210518353226,9.362398038332495,0.9367681395879861,1.235409314156226,0.0007427614946002283,0.0,159,242
2024-07-13,60.00600979460894,2.4745210849550077,0,0,0,0,0,0,150,0.9433962264150944,390.3,0.0,0.2381862671793905,9.391799803233493,0.9367637809970746,1.2354631917745522,0.0007441619958582203,0.0,159,242
2024-07-14,60.0041161503721,2.4744833265120905,0,0,0,0,0,0,150,0.9433962264150944,391.3,0.0,0.23893182918371755,9.42125707315898,0.9367607262247171,1.2355009502174694,0.0007455620043270458,0.0,159,242
2024-07-15,60.002799670367025,2.474457076473062,0,0,0,0,0,0,150,0.9433962264150944,392.3,0.0,0.23967879004693732,9.450769802608152,0.9367586024246669,1.2355272002564979,0.000746960863219786,0.0,159,242
2024-07-16,60.001891065776555,2.4744389549839196,0,0,0,0,0,0,152,0.9559748427672956,388.1381578947369,0.0,0.24042714812788255,9.480337926823719,0.9367571362333069,1.23554532174564,0.0007483580809452189,0.0,159,242
2024-07-17,60.0012684998953,2.4744265383386863,0,0,0,0,0,0,152,0.9559748427672956,389.1381578947369,0.0,0.24117690142286502,9.509961366843775,0.9367561315942425,1.2355577383908736,0.0007497532949824765,0.0,159,242
2024-07-18,60.00084500310044,2.474418090957562,0,0,0,0,0,0,152,0.9559748427672956,390.1381578947369,0.0,0.24192804765886494,9.53964003314925,0.9367554481012971,1.235566185771998,0.000751146235999972,0.0,159,242
2024-07-19,60.00055899797581,2.4744123860872524,0,0,0,0,0,0,152,0.9559748427672956,391.1381578947369,0.0,0.24268058436274437,9.569373828372992,0.9367549865054408,1.2355718906423072,0.0007525367038793865,0.0,159,242
2024-07-20,60.00036723683363,2.474408561077306,0,0,0,0,0,0,153,0.9622641509433962,389.58169934640523,0.0,0.2434345089109497,9.599162649245175,0.9367546770119582,1.235575715652254,0.0007539245482053356,0.0,159,242
2024-07-21,60.000239588682426,2.4744060147703637,0,0,0,0,0,0,153,0.9622641509433962,390.58169934640523,0.0,0.24418981856534835,9.629006387995997,0.936754470981431,1.235578261959196,0.0007553096543986802,0.0,159,242
2024-07-22,60.00015522813167,2.474404331958243,0,0,0,0,0,0,153,0.9622641509433962,391.58169934640523,0.0,0.24494651049881247,9.658904933357059,0.9367543348188735,1.2355799447713167,0.0007566919334641297,0.0,159,242
2024-07-23,60.000099875422045,2.474403227773545,0,0,0,0,0,0,153,0.9622641509433962,392.58169934640523,0.0,0.24570458181322066,9.68885817126599,0.9367542454750333,1.2355810489560148,0.0007580713144082084,0.0,159,242
2024-07-24,60.000063816192764,2.474402508458277,0,0,0,0,0,0,155,0.9748427672955975,388.51612903225805,0.0,0.24646402955209432,9.718865985361038,0.9367541872723901,1.2355817682712829,0.0007594477388735549,0.0,159,242
2024-07-25,60.00004049367755,2.474402043213772,0,0,0,0,0,0,155,0.9748427672955975,389.51612903225805,0.0,0.24722485070936748,9.748928257324373,0.936754149627587,1.2355822335157873,0.000760821157273246,0.0,159,242
2024-07-26,60.000025516882616,2.47440174445219,0,0,0,0,0,0,155,0.9748427672955975,390.51612903225805,0.0,0.2479870422354372,9.779044867118841,0.9367541254535737,1.2355825322773697,0.0007621915260696596,0.0,159,242
2024-07-27,60.00001596805712,2.474401553969344,0,0,0,0,0,0,155,0.9748427672955975,391.51612903225805,0.0,0.24875060104129967,9.809215693149927,0.936754110040828,1.2355827227602154,0.0007635588058625273,0.0,159,242
2024-07-28,60.00000992340246,2.474401433388418,0,0,0,0,0,0,156,0.9811320754716981,390.0064102564102,0.0,0.24951552400136304,9.839440612375792,0.9367541002841303,1.2355828433411418,0.0007649229600633356,0.0,159,242
2024-07-29,60.000006124254064,2.4744013576016517,0,0,0,0,0,0,156,0.9811320754716981,391.0064102564102,0.0,0.25028180795534594,9.86971950038161,0.9367540941519106,1.235582919127908,0.0007662839539828452,0.0,159,242
2024-07-30,60.000003753443295,2.4744013103078393,0,0,0,0,0,0,156,0.9811320754716981,392.0064102564102,0.0,0.25104944970955445,9.900052231429536,0.9367540903251733,1.2355829664217202,0.0007676417542085376,0.0,159,242
2024-07-31,60.000002284496965,2.474401281004753,0,0,0,0,0,0,156,0.9811320754716981,393.0064102564102,0.0,0.2518184460377385,9.930438678492218,0.9367540879541396,1.2355829957248066,0.0007689963281841179,0.0,159,242
2024-08-01,60.00000138081462,2.4744012629777585,0,0,0,0,0,0,156,0.9811320754716981,394.0064102564102,0.0,0.25258879368166637,9.960878713275271,0.936754086495501,1.2355830137518011,0.000770347643927871,0.0,159,242
2024-08-02,60.00000082882766,2.474401251966515,0,0,0,0,0,0,156,0.9811320754716981,395.0064102564102,0.0,0.2533604893515123,9.991372206232455,0.9367540856045359,1.2355830247630446,0.0007716956698458908,0.0,159,242
2024-08-03,60.00000049405712,2.474401245288386,0,0,0,0,0,0,156,0.9811320754716981,396.0064102564102,0.0,0.2541335297261218,10.02191902657605,0.9367540850641807,1.235583031441174,0.0007730403746094359,0.0,159,242
2024-08-04,60.00000029246517,2.4744012412669534,0,0,0,0,0,0,156,0.9811320754716981,397.0064102564102,0.0,0.254907911453197,10.05251904228411,0.9367540847387902,1.2355830354626065,0.0007743817270752818,0.0,159,242
2024-08-05,60.000000171931404,2.4744012388625,0,0,0,0,0,0,157,0.9874213836477987,395.4777070063694,0.0,0.25568363114943166,10.083172120105715,0.9367540845442359,1.2355830378670598,0.0007757196962346358,0.0,159,242
2024-08-06,60.00000010037379,2.4744012374350413,0,0,0,0,0,0,157,0.9874213836477987,396.4777070063694,0.0,0.2564606854006125,10.113878125564979,0.936754084428734,1.2355830392945186,0.0007770542511808637,0.0,159,242
2024-08-07,60.00000005819283,2.4744012365935997,0,0,0,0,0,0,157,0.9874213836477987,397.4777070063694,0.0,0.257239070761702,10.144636922964239,0.9367540843606499,1.23558304013596,0.0007783853610894962,0.0,159,242
2024-08-08,60.00000003350447,2.474401236101106,0,0,0,0,0,0,157,0.9874213836477987,398.4777070063694,0.0,0.2580187837569082,10.175448375386821,0.9367540843208001,1.2355830406284536,0.0007797129952061886,0.0,159,242
2024-08-09,60.00000001915667,2.4744012358148906,0,0,0,0,0,0,157,0.9874213836477987,399.4777070063694,0.0,0.25879982087974795,10.206312344699505,0.9367540842976413,1.235583040914669,0.0007810371228397801,0.0,159,242
2024-08-10,60.00000001087731,2.4744012356497316,0,0,0,0,0,0,158,0.9937106918238994,397.94936708860763,0.0,0.2595821785931066,10.23722869155484,0.9367540842842773,1.2355830410798283,0.0007823577133585988,0.0,159,242
2024-08-11,60.00000000613348,2.4744012355551006,0,0,0,0,0,0,158,0.9937106918238994,398.94936708860763,0.0,0.2603658533292954,10.268197275393415,0.9367540842766204,1.235583041174459,0.0007836747361888183,0.0,159,242
2024-08-12,60.0000000034346,2.474401235501263,0,0,0,0,0,0,158,0.9937106918238994,399.94936708860763,0.0,0.2611508414901095,10.29921795444612,0.9367540842722643,1.2355830412282969,0.0007849881608140936,0.0,159,242
2024-08-13,60.00000000190999,2.474401235470848,0,0,0,0,0,0,158,0.9937106918238994,400.94936708860763,0.0,0.2619371394468855,10.330290585736396,0.9367540842698033,1.2355830412587117,0.0007862979567759943,0.0,159,242
2024-08-14,60.000000001054794,2.4744012354537874,0,0,0,0,0,0,158,0.9937106918238994,401.94936708860763,0.0,0.2627247435405604,10.361415025082549,0.9367540842684227,1.2355830412757722,0.0007876040936749247,0.0,159,242
2024-08-15,60.00000000057848,2.474401235444286,0,0,0,0,0,0,158,0.9937106918238994,402.94936708860763,0.0,0.2635136500817317,10.392591127100104,0.9367540842676543,1.2355830412852735,0.0007889065411713441,0.0,159,242
2024-08-16,60.00000000031506,2.4744012354390317,0,0,0,0,0,0,158,0.9937106918238994,403.94936708860763,0.0,0.2643038553507188,10.423818745204212,0.9367540842672286,1.2355830412905278,0.0007902052689871656,0.0,159,242
2024-08-17,60.00000000017041,2.474401235436145,0,0,0,0,0,0,158,0.9937106918238994,404.94936708860763,0.0,0.2650953555976262,10.45509773161212,0.9367540842669951,1.2355830412934146,0.0007915002469072642,0.0,159,242
2024-08-18,60.00000000009153,2.4744012354345712,0,0,0,0,0,0,158,0.9937106918238994,405.94936708860763,0.0,0.26588814704240726,10.486427937345695,0.9367540842668679,1.2355830412949884,0.000792791444781048,0.0,159,242
2024-08-19,60.00000000004882,2.474401235433719,0,0,0,0,0,0,158,0.9937106918238994,406.94936708860763,0.0,0.26668222587493123,10.517809212234033,0.9367540842667988,1.2355830412958406,0.000794078832524065,0.0,159,242
2024-08-20,60.000000000025864,2.4744012354332616,0,0,0,0,0,0,158,0.9937106918238994,407.94936708860763,0.0,0.26747758825505097,10.549241404916103,0.9367540842667619,1.235583041296298,0.0007953623801196327,0.0,159,242
2024-08-21,60.00000000001361,2.4744012354330174,0,0,0,0,0,0,158,0.9937106918238994,408.94936708860763,0.0,0.26827423031267145,10.580724362843487,0.9367540842667424,1.2355830412965425,0.0007966420576204783,0.0,159,242
2024-08-22,60.000000000007105,2.474401235432887,0,0,0,0,0,0,158,0.9937106918238994,409.94936708860763,0.0,0.26907214814782177,10.61225793228315,0.9367540842667317,1.235583041296673,0.000797917835150383,0.0,159,242
2024-08-23,60.00000000000369,2.4744012354328184,0,0,0,0,0,0,158,0.9937106918238994,410.94936708860763,0.0,0.2698713378307276,10.643841958320316,0.9367540842667264,1.2355830412967412,0.0007991896829058319,0.0,159,242
2024-08-24,60.0000000000019,2.4744012354327842,0,0,0,0,0,0,158,0.9937106918238994,411.94936708860763,0.0,0.27067179540188535,10.675476284861375,0.9367540842667231,1.2355830412967757,0.0008004575711576617,0.0,159,242
2024-08-25,60.00000000000097,2.4744012354327665,0,0,0,0,0,0,158,0.9937106918238994,412.94936708860763,0.0,0.271473516872138,10.70716075463687,0.936754084266722,1.2355830412967932,0.0008017214702527056,0.0,159,242
2024-08-26,60.0000000000005,2.474401235432757,0,0,0,0,0,0,158,0.9937106918238994,413.94936708860763,0.0,0.2722764982227534,10.738895209204552,0.9367540842667214,1.2355830412968025,0.0008029813506154411,0.0,159,242
2024-08-27,60.00000000000025,2.474401235432752,0,0,0,0,0,0,158,0.9937106918238994,414.94936708860763,0.0,0.2730807354055031,10.770679488952496,0.9367540842667209,1.2355830412968078,0.0008042371827496317,0.0,159,242
2024-08-28,60.00000000000013,2.474401235432749,0,0,0,0,0,0,159,1.0,413.3396226415094,0.0,0.27388622434274307,10.802513433102273,0.9367540842667206,1.2355830412968107,0.0008054889372399667,0.0,159,242
2024-08-29,60.000000000000064,2.474401235432749,0,0,0,0,0,0,159,1.0,414.3396226415094,0.0,0.27469296092749673,10.834396879712212,0.9367540842667206,1.2355830412968107,0.0008067365847536991,0.0,159,242
2024-08-30,60.00000000000003,2.474401235432749,0,0,0,0,0,0,159,1.0,415.3396226415094,0.0,0.275500941023539,10.866329665680693,0.9367540842667206,1.2355830412968107,0.0008079800960422771,0.0,159,242
2024-08-31,60.000000000000014,2.4744012354327474,0,0,0,0,0,0,159,1.0,416.3396226415094,0.0,0.276310160465482,10.898311626749535,0.9367540842667202,1.2355830412968125,0.0008092194419429765,0.0,159,242
2024-09-01,60.00000000000001,2.4744012354327465,0,0,0,0,0,0,159,1.0,417.3396226415094,0.0,0.2771206150588625,10.93034259750743,0.9367540842667202,1.2355830412968132,0.000810454593380526,0.0,159,242
2024-09-02,60.00000000000001,2.4744012354327465,0,0,0,0,0,0,159,1.0,418.3396226415094,0.0,0.2779323005802312,10.962422411393447,0.9367540842667202,1.2355830412968132,0.0008116855213687303,0.0,159,242
2024-09-03,60.0,2.474401235432747,0,0,0,0,0,0,159,1.0,419.3396226415094,0.0,0.2787452127772433,10.994550900700608,0.9367540842667202,1.2355830412968127,0.0008129121970120866,0.0,159,242
2024-09-04,60.0,2.474401235432747,0,0,0,0,0,0,159,1.0,420.3396226415094,0.0,0.27955934736875065,11.026727896579503,0.9367540842667202,1.2355830412968127,0.000814134591507401,0.0,159,242
2024-09-05,60.0,2.474401235432747,0,0,0,0,0,0,159,1.0,421.3396226415094,0.0,0.2803747000448961,11.058953229042007,0.9367540842667202,1.2355830412968127,0.000815352676145396,0.0,159,242
2024-09-06,60.0,2.474401235432747,0,0,0,0,0,0,159,1.0,422.3396226415094,0.0,0.28119126646720843,11.091226726965022,0.9367540842667202,1.2355830412968127,0.0008165664223123165,0.0,159,242
2024-09-07,60.0,2.474401235432747,0,0,0,0,0,0,159,1.0,423.3396226415094,0.0,0.2820090422687,11.123548218094317,0.9367540842667202,1.2355830412968127,0.0008177758014915303,0.0,159,242
2024-09-08,60.0,2.474401235432747,0,0,0,0,0,0,159,1.0,424.3396226415094,0.0,0.2828280230539651,11.155917529048393,0.9367540842667202,1.2355830412968127,0.0008189807852651211,0.0,159,242
2024-09-09,60.0,2.474401235432747,0,0,0,0,0,0,159,1.0,425.3396226415094,0.0,0.28364820439928057,11.188334485322452,0.9367540842667202,1.2355830412968127,0.0008201813453154795,0.0,159,242
2024-09-10,60.0,2.474401235432747,0,0,0,0,0,0,159,1.0,426.3396226415094,0.0,0.28446958185270743,11.220798911292405,0.9367540842667202,1.2355830412968127,0.000821377453426887,0.0,159,242
2024-09-11,60.0,2.474401235432747,0,0,0,0,0,0,159,1.0,427.3396226415094,0.0,0.2852921509341946,11.253310630218934,0.9367540842667202,1.2355830412968127,0.0008225690814870946,0.0,159,242
2024-09-12,60.0,2.474401235432747,0,0,0,0,0,0,159,1.0,428.3396226415094,0.0,0.2861159071356835,11.285869464251647,0.9367540842667202,1.2355830412968127,0.0008237562014888959,0.0,159,242
2024-09-13,60.0,2.474401235432747,0,0,0,0,0,0,159,1.0,429.3396226415094,0.0,0.28694084592121516,11.318475234433265,0.9367540842667202,1.2355830412968127,0.0008249387855316936,0.0,159,242
2024-09-14,60.0,2.474401235432747,0,0,0,0,0,0,159,1.0,430.3396226415094,0.0,0.28776696272703817,11.351127760703893,0.9367540842667202,1.2355830412968127,0.0008261168058230594,0.0,159,242
2024-09-15,60.0,2.474401235432747,0,0,0,0,0,0,159,1.0,431.3396226415094,0.0,0.2885942529617185,11.38382686190533,0.9367540842667202,1.2355830412968127,0.0008272902346802912,0.0,159,242
2024-09-16,60.0,2.474401235432747,0,0,0,0,0,0,159,1.0,432.3396226415094,0.0,0.2894227120062504,11.416572355785465,0.9367540842667202,1.2355830412968127,0.000828459044531957,0.0,159,242
2024-09-17,60.0,2.474401235432747,0,0,0,0,0,0,159,1.0,433.3396226415094,0.0,0.2902523352141699,11.449364059002718,0.9367540842667202,1.2355830412968127,0.000829623207919439,0.0,159,242
2024-09-18,60.0,2.474401235432747,0,0,0,0,0,0,159,1.0,434.3396226415094,0.0,0.29108311791166835,11.482201787130553,0.9367540842667202,1.2355830412968127,0.0008307826974984666,0.0,159,242
2024-09-19,60.0,2.474401235432747,0,0,0,0,0,0,159,1.0,435.3396226415094,0.0,0.291915055397709,11.515085354662025,0.9367540842667202,1.2355830412968127,0.0008319374860406438,0.0,159,242
2024-09-20,60.0,2.474401235432747,0,0,0,0,0,0,159,1.0,436.3396226415094,0.0,0.292748142944144,11.548014575014431,0.9367540842667202,1.2355830412968127,0.0008330875464349687,0.0,159,242
2024-09-21,60.0,2.474401235432747,0,0,0,0,0,0,159,1.0,437.3396226415094,0.0,0.2935823757958333,11.580989260533986,0.9367540842667202,1.2355830412968127,0.0008342328516893467,0.0,159,242
2024-09-22,60.0,2.474401235432747,0,0,0,0,0,0,159,1.0,438.3396226415094,0.0,0.2944177491707654,11.61400922250057,0.9367540842667202,1.2355830412968127,0.0008353733749320943,0.0,159,242
2024-09-23,60.0,2.474401235432747,0,0,0,0,0,0,159,1.0,439.3396226415094,0.0,0.29525425826017887,11.647074271132531,0.9367540842667202,1.2355830412968127,0.0008365090894134375,0.0,159,242
2024-09-24,60.0,2.474401235432747,0,0,0,0,0,0,159,1.0,440.3396226415094,0.0,0.2960918982286858,11.680184215591563,0.9367540842667202,1.2355830412968127,0.0008376399685069986,0.0,159,242
2024-09-25,60.0,2.474401235432747,0,0,0,0,0,0,159,1.0,441.3396226415094,0.0,0.2969306642143971,11.713338863987612,0.9367540842667202,1.2355830412968127,0.0008387659857112803,0.0,159,242
2024-09-26,60.0,2.474401235432747,0,0,0,0,0,0,159,1.0,442.3396226415094,0.0,0.2977705513290483,11.746538023383879,0.9367540842667202,1.2355830412968127,0.000839887114651135,0.0,159,242
2024-09-27,60.0,2.474401235432747,0,0,0,0,0,0,159,1.0,443.3396226415094,0.0,0.29861155465812744,11.779781499801842,0.9367540842667202,1.2355830412968127,0.0008410033290792309,0.0,159,242
2024-09-28,60.0,2.474401235432747,0,0,0,0,0,0,159,1.0,444.3396226415094,0.0,0.299453669261005,11.813069098226368,0.9367540842667202,1.2355830412968127,0.0008421146028775068,0.0,159,242
2024-09-29,60.0,2.474401235432747,0,0,0,0,0,0,159,1.0,445.3396226415094,0.0,0.30029689017106365,11.846400622610854,0.9367540842667202,1.2355830412968127,0.0008432209100586181,0.0,159,242
2024-09-30,60.0,2.474401235432747,0,0,0,0,0,0,159,1.0,446.3396226415094,0.0,0.301141212395831,11.87977587588246,0.9367540842667202,1.2355830412968127,0.0008443222247673753,0.0,159,242
2024-10-01,60.0,2.474401235432747,0,0,0,0,0,0,159,1.0,447.3396226415094,0.0,0.30198663091711314,11.913194659947361,0.9367540842667202,1.2355830412968127,0.0008454185212821708,0.0,159,242
2024-10-02,60.0,2.474401235432747,0,0,0,0,0,0,159,1.0,448.3396226415094,0.0,0.3028331406911295,11.946656775696084,0.9367540842667202,1.2355830412968127,0.0008465097740163993,0.0,159,242
2024-10-03,60.0,2.474401235432747,0,0,0,0,0,0,159,1.0,449.3396226415094,0.0,0.3036807366486494,11.980162023008877,0.9367540842667202,1.2355830412968127,0.0008475959575198667,0.0,159,242
2024-10-04,60.0,2.474401235432747,0,0,0,0,0,0,159,1.0,450.3396226415094,0.0,0.30452941369512965,12.013710200761164,0.9367540842667202,1.2355830412968127,0.0008486770464801879,0.0,159,242
2024-10-05,60.0,2.474401235432747,0,0,0,0,0,0,159,1.0,451.3396226415094,0.0,0.30537916671085386,12.047301106829025,0.9367540842667202,1.2355830412968127,0.0008497530157241801,0.0,159,242
2024-10-06,60.0,2.474401235432747,0,0,0,0,0,0,159,1.0,452.3396226415094,0.0,0.30622999055107303,12.080934538094738,0.9367540842667202,1.2355830412968127,0.0008508238402192386,0.0,159,242
2024-10-07,60.0,2.474401235432747,0,0,0,0,0,0,159,1.0,453.3396226415094,0.0,0.3070818800461478,12.114610290452399,0.9367540842667202,1.2355830412968127,0.0008518894950747092,0.0,159,242
2024-10-08,60.0,2.474401235432747,0,0,0,0,0,0,159,1.0,454.3396226415094,0.0,0.307934830001691,12.148328158813564,0.9367540842667202,1.2355830412968127,0.0008529499555432451,0.0,159,242
2024-10-09,60.0,2.474401235432747,0,0,0,0,0,0,159,1.0,455.3396226415094,0.0,0.30878883519871314,12.18208793711296,0.9367540842667202,1.2355830412968127,0.0008540051970221571,0.0,159,242
2024-10-10,60.0,2.474401235432747,0,0,0,0,0,0,159,1.0,456.3396226415094,0.0,0.3096438903937679,12.215889418314248,0.9367540842667202,1.2355830412968127,0.0008550551950547501,0.0,159,242
2024-10-11,60.0,2.474401235432747,0,0,0,0,0,0,159,1.0,457.3396226415094,0.0,0.31049999031909953,12.249732394415838,0.9367540842667202,1.2355830412968127,0.0008560999253316506,0.0,159,242
2024-10-12,60.0,2.474401235432747,0,0,0,0,0,0,159,1.0,458.3396226415094,0.0,0.31135712968279167,12.28361665645676,0.9367540842667202,1.2355830412968127,0.0008571393636921224,0.0,159,242
2024-10-13,60.0,2.474401235432747,0,0,0,0,0,0,159,1.0,459.3396226415094,0.0,0.31221530316891705,12.317541994522573,0.9367540842667202,1.2355830412968127,0.0008581734861253709,0.0,159,242
2024-10-14,60.0,2.474401235432747,0,0,0,0,0,0,159,1.0,460.3396226415094,0.0,0.31307450543768883,12.351508197751349,0.9367540842667202,1.2355830412968127,0.0008592022687718372,0.0,159,242
2024-10-15,60.0,2.474401235432747,0,0,0,0,0,0,159,1.0,461.3396226415094,0.0,0.3139347311256134,12.385515054339676,0.9367540842667202,1.2355830412968127,0.000860225687924479,0.0,159,242
2024-10-16,60.0,2.474401235432747,0,0,0,0,0,0,159,1.0,462.3396226415094,0.0,0.3147959748456434,12.41956235154875,0.9367540842667202,1.2355830412968127,0.0008612437200300415,0.0,159,242
2024-10-17,60.0,2.474401235432747,0,0,0,0,0,0,159,1.0,463.3396226415094,0.0,0.31565823118733366,12.453649875710479,0.9367540842667202,1.2355830412968127,0.0008622563416903149,0.0,159,242
2024-10-18,60.0,2.474401235432747,0,0,0,0,0,0,159,1.0,464.3396226415094,0.0,0.31652149471699714,12.487777412233665,0.9367540842667202,1.2355830412968127,0.0008632635296633803,0.0,159,242
2024-10-19,60.0,2.474401235432747,0,0,0,0,0,0,159,1.0,465.3396226415094,0.0,0.31738575997786195,12.521944745610222,0.9367540842667202,1.2355830412968127,0.0008642652608648465,0.0,159,242
2024-10-20,60.0,2.474401235432747,0,0,0,0,0,0,159,1.0,466.3396226415094,0.0,0.31825102149023105,12.556151659421438,0.9367540842667202,1.2355830412968127,0.0008652615123690684,0.0,159,242
2024-10-21,60.0,2.474401235432747,0,0,0,0,0,0,159,1.0,467.3396226415094,0.0,0.3191172737516414,12.590397936344296,0.9367540842667202,1.2355830412968127,0.0008662522614103584,0.0,159,242
2024-10-22,60.0,2.474401235432747,0,0,0,0,0,0,159,1.0,468.3396226415094,0.0,0.31998451123702554,12.624683358157846,0.9367540842667202,1.2355830412968127,0.0008672374853841837,0.0,159,242
2024-10-23,60.0,2.474401235432747,0,0,0,0,0,0,159,1.0,469.3396226415094,0.0,0.3208527283988739,12.659007705749598,0.9367540842667202,1.2355830412968127,0.0008682171618483488,0.0,159,242
2024-10-24,60.0,2.474401235432747,0,0,0,0,0,0,159,1.0,470.3396226415094,0.0,0.32172191966739805,12.693370759121997,0.9367540842667202,1.2355830412968127,0.0008691912685241685,0.0,159,242
2024-10-25,60.0,2.474401235432747,0,0,0,0,0,0,159,1.0,471.3396226415094,0.0,0.3225920794506957,12.727772297398918,0.9367540842667202,1.2355830412968127,0.0008701597832976253,0.0,159,242
2024-10-26,60.0,2.474401235432747,0,0,0,0,0,0,159,1.0,472.3396226415094,0.0,0.3234632021349162,12.762212098832219,0.9367540842667202,1.2355830412968127,0.0008711226842205153,0.0,159,242
2024-10-27,60.0,2.474401235432747,0,0,0,0,0,0,159,1.0,473.3396226415094,0.0,0.3243352820844278,12.796689940808328,0.9367540842667202,1.2355830412968127,0.0008720799495115795,0.0,159,242
2024-10-28,60.0,2.474401235432747,0,0,0,0,0,0,159,1.0,474.3396226415094,0.0,0.32520831364198544,12.83120559985489,0.9367540842667202,1.2355830412968127,0.0008730315575576224,0.0,159,242
2024-10-29,60.0,2.474401235432747,0,0,0,0,0,0,159,1.0,475.3396226415094,0.0,0.3260822911289,12.865758851647447,0.9367540842667202,1.2355830412968127,0.0008739774869146169,0.0,159,242
2024-10-30,60.0,2.474401235432747,0,0,0,0,0,0,159,1.0,476.3396226415094,0.0,0.3269572088452088,12.90034947101616,0.9367540842667202,1.2355830412968127,0.0008749177163087971,0.0,159,242
2024-10-31,60.0,2.474401235432747,0,0,0,0,0,0,159,1.0,477.3396226415094,0.0,0.3278330610698465,12.93497723195258,0.9367540842667202,1.2355830412968127,0.0008758522246377334,0.0,159,242
2024-11-01,60.0,2.474401235432747,0,0,0,0,0,0,159,1.0,478.3396226415094,0.0,0.328709842060818,12.96964190761646,0.9367540842667202,1.2355830412968127,0.000876780990971398,0.0,159,242
2024-11-02,60.0,2.474401235432747,0,0,0,0,0,0,159,1.0,479.3396226415094,0.0,0.32958754605537116,13.004343270342607,0.9367540842667202,1.2355830412968127,0.000877703994553213,0.0,159,242
2024-11-03,60.0,2.474401235432747,0,0,0,0,0,0,159,1.0,480.3396226415094,0.0,0.33046616727017225,13.039081091647777,0.9367540842667202,1.2355830412968127,0.0008786212148010874,0.0,159,242
2024-11-04,60.0,2.474401235432747,0,0,0,0,0,0,159,1.0,481.3396226415094,0.0,0.3313456999014807,13.073855142237608,0.9367540842667202,1.2355830412968127,0.0008795326313084372,0.0,159,242
2024-11-05,60.0,2.474401235432747,0,0,0,0,0,0,159,1.0,482.3396226415094,0.0,0.33222613812532586,13.108665192013593,0.9367540842667202,1.2355830412968127,0.0008804382238451913,0.0,159,242
2024-11-06,60.0,2.474401235432747,0,0,0,0,0,0,159,1.0,483.3396226415094,0.0,0.33310747609768465,13.14351101008009,0.9367540842667202,1.2355830412968127,0.0008813379723587852,0.0,159,242
2024-11-07,60.0,2.474401235432747,0,0,0,0,0,0,159,1.0,484.3396226415094,0.0,0.3339897079546598,13.178392364751385,0.9367540842667202,1.2355830412968127,0.0008822318569751372,0.0,159,242
2024-11-08,60.0,2.474401235432747,0,0,0,0,0,0,159,1.0,485.3396226415094,0.0,0.3348728278126594,13.213309023558779,0.9367540842667202,1.2355830412968127,0.0008831198579996118,0.0,159,242
2024-11-09,60.0,2.474401235432747,0,0,0,0,0,0,159,1.0,486.3396226415094,0.0,0.3357568297685774,13.24826075325771,0.9367540842667202,1.2355830412968127,0.000884001955917967,0.0,159,242
2024-11-10,60.0,2.474401235432747,0,0,0,0,0,0,159,1.0,487.3396226415094,0.0,0.3366417078999747,13.28324731983493,0.9367540842667202,1.2355830412968127,0.0008848781313972878,0.0,159,242
2024-11-11,60.0,2.474401235432747,0,0,0,0,0,0,159,1.0,488.3396226415094,0.0,0.33752745626526154,13.318268488515693,0.9367540842667202,1.2355830412968127,0.0008857483652869021,0.0,159,242
2024-11-12,60.0,2.474401235432747,0,0,0,0,0,0,159,1.0,489.3396226415094,0.0,0.3384140689038809,13.353324023771005,0.9367540842667202,1.2355830412968127,0.0008866126386192865,0.0,159,242
2024-11-13,60.0,2.474401235432747,0,0,0,0,0,0,159,1.0,490.3396226415094,0.0,0.33930153983649186,13.388413689324892,0.9367540842667202,1.2355830412968127,0.00088747093261095,0.0,159,242
2024-11-14,60.0,2.474401235432747,0,0,0,0,0,0,159,1.0,491.3396226415094,0.0,0.3401898630651551,13.423537248161711,0.9367540842667202,1.2355830412968127,0.0008883232286633078,0.0,159,242
2024-11-15,60.0,2.474401235432747,0,0,0,0,0,0,159,1.0,492.3396226415094,0.0,0.3410790325735187,13.458694462533487,0.9367540842667202,1.2355830412968127,0.0008891695083635371,0.0,159,242
2024-11-16,60.0,2.474401235432747,0,0,0,0,0,0,159,1.0,493.3396226415094,0.0,0.3419690423270041,13.493885093967297,0.9367540842667202,1.2355830412968127,0.0008900097534854178,0.0,159,242
2024-11-17,60.0,2.474401235432747,0,0,0,0,0,0,159,1.0,494.3396226415094,0.0,0.34285988627299424,13.529108903272665,0.9367540842667202,1.2355830412968127,0.0008908439459901576,0.0,159,242
2024-11-18,60.0,2.474401235432747,0,0,0,0,0,0,159,1.0,495.3396226415094,0.0,0.34375155834102145,13.56436565054902,0.9367540842667202,1.2355830412968127,0.0008916720680272012,0.0,159,242
2024-11-19,60.0,2.474401235432747,0,0,0,0,0,0,159,1.0,496.3396226415094,0.0,0.34464405244295643,13.59965509519315,0.9367540842667202,1.2355830412968127,0.0008924941019350231,0.0,159,242
2024-11-20,60.0,2.474401235432747,0,0,0,0,0,0,159,1.0,497.3396226415094,0.0,0.34553736247319833,13.634976995906712,0.9367540842667202,1.2355830412968127,0.0008933100302419062,0.0,159,242
2024-11-21,60.0,2.474401235432747,0,0,0,0,0,0,159,1.0,498.3396226415094,0.0,0.3464314823088651,13.670331110703781,0.9367540842667202,1.2355830412968127,0.0008941198356667015,0.0,159,242
2024-11-22,60.0,2.474401235432747,0,0,0,0,0,0,159,1.0,499.3396226415094,0.0,0.34732640580998464,13.705717196918386,0.9367540842667202,1.2355830412968127,0.0008949235011195748,0.0,159,242
2024-11-23,60.0,2.474401235432747,0,0,0,0,0,0,159,1.0,500.3396226415094,0.0,0.3482221268196874,13.741135011212116,0.9367540842667202,1.2355830412968127,0.0008957210097027351,0.0,159,242
2024-11-24,60.0,2.474401235432747,0,0,0,0,0,0,159,1.0,501.3396226415094,0.0,0.34911863916439856,13.776584309581743,0.9367540842667202,1.2355830412968127,0.0008965123447111467,0.0,159,242
2024-11-25,60.0,2.474401235432747,0,0,0,0,0,0,159,1.0,502.3396226415094,0.0,0.35001593665403175,13.81206484736687,0.9367540842667202,1.2355830412968127,0.000897297489633227,0.0,159,242
2024-11-26,60.0,2.474401235432747,0,0,0,0,0,0,159,1.0,503.3396226415094,0.0,0.3509140130821833,13.847576379257593,0.9367540842667202,1.2355830412968127,0.0008980764281515253,0.0,159,242
2024-11-27,60.0,2.474401235432747,0,0,0,0,0,0,159,1.0,504.3396226415094,0.0,0.3518128622263267,13.88311865930222,0.9367540842667202,1.2355830412968127,0.0008988491441433862,0.0,159,242
2024-11-28,60.0,2.474401235432747,0,0,0,0,0,0,159,1.0,505.3396226415094,0.0,0.35271247784800824,13.918691440914982,0.9367540842667202,1.2355830412968127,0.0008996156216815976,0.0,159,242
2024-11-29,60.0,2.474401235432747,0,0,0,0,0,0,159,1.0,506.3396226415094,0.0,0.3536128536930433,13.954294476883806,0.9367540842667202,1.2355830412968127,0.0009003758450350196,0.0,159,242
2024-11-30,60.0,2.474401235432747,0,0,0,0,0,0,159,1.0,507.3396226415094,0.0,0.3545139834917125,13.989927519378071,0.9367540842667202,1.2355830412968127,0.0009011297986691991,0.0,159,242
2024-12-01,60.0,2.474401235432747,0,0,0,0,0,0,159,1.0,508.3396226415094,0.0,0.35541586095895944,14.025590319956422,0.9367540842667202,1.2355830412968127,0.0009018774672469653,0.0,159,242
2024-12-02,60.0,2.474401235432747,0,0,0,0,0,0,159,1.0,509.3396226415094,0.0,0.35631847979458847,14.061282629574588,0.9367540842667202,1.2355830412968127,0.0009026188356290118,0.0,159,242
2024-12-03,60.0,2.474401235432747,0,0,0,0,0,0,159,1.0,510.3396226415094,0.0,0.35722183368346294,14.097004198593233,0.9367540842667202,1.2355830412968127,0.0009033538888744574,0.0,159,242
2024-12-04,60.0,2.474401235432747,0,0,0,0,0,0,159,1.0,511.3396226415094,0.0,0.3581259162957043,14.132754776785816,0.9367540842667202,1.2355830412968127,0.0009040826122413941,0.0,159,242
2024-12-05,60.0,2.474401235432747,0,0,0,0,0,0,159,1.0,512.3396226415094,0.0,0.3590307212868918,14.168534113346487,0.9367540842667202,1.2355830412968127,0.0009048049911874156,0.0,159,242
2024-12-06,60.0,2.474401235432747,0,0,0,0,0,0,159,1.0,513.3396226415094,0.0,0.3599362422982619,14.204341956897999,0.9367540842667202,1.2355830412968127,0.0009055210113701292,0.0,159,242
2024-12-07,60.0,2.474401235432747,0,0,0,0,0,0,159,1.0,514.3396226415094,0.0,0.3608424729569095,14.240178055499626,0.9367540842667202,1.2355830412968127,0.000906230658647652,0.0,159,242
2024-12-08,60.0,2.474401235432747,0,0,0,0,0,0,159,1.0,515.3396226415094,0.0,0.3617494068759886,14.27604215665513,0.9367540842667202,1.2355830412968127,0.0009069339190790879,0.0,159,242
2024-12-09,60.0,2.474401235432747,0,0,0,0,0,0,159,1.0,516.3396226415094,0.0,0.3626570376549136,14.31193400732071,0.9367540842667202,1.2355830412968127,0.0009076307789249898,0.0,159,242
2024-12-10,60.0,2.474401235432747,0,0,0,0,0,0,159,1.0,517.3396226415094,0.0,0.3635653588795614,14.34785335391299,0.9367540842667202,1.2355830412968127,0.0009083212246478023,0.0,159,242
2024-12-11,60.0,2.474401235432747,0,0,0,0,0,0,159,1.0,518.3396226415094,0.0,0.3644743641224737,14.38379994231703,0.9367540842667202,1.2355830412968127,0.0009090052429122888,0.0,159,242
2024-12-12,60.0,2.474401235432747,0,0,0,0,0,0,159,1.0,519.3396226415094,0.0,0.3653840469430596,14.419773517894338,0.9367540842667202,1.2355830412968127,0.000909682820585941,0.0,159,242
2024-12-13,60.0,2.474401235432747,0,0,0,0,0,0,159,1.0,520.3396226415094,0.0,0.36629440088779897,14.455773825490905,0.9367540842667202,1.2355830412968127,0.000910353944739371,0.0,159,242
2024-12-14,60.0,2.474401235432747,0,0,0,0,0,0,159,1.0,521.3396226415094,0.0,0.3672054194904457,14.491800609445246,0.9367540842667202,1.2355830412968127,0.0009110186026466857,0.0,159,242
2024-12-15,60.0,2.474401235432747,0,0,0,0,0,0,159,1.0,522.3396226415094,0.0,0.3681170962722315,14.527853613596477,0.9367540842667202,1.2355830412968127,0.000911676781785845,0.0,159,242
2024-12-16,60.0,2.474401235432747,0,0,0,0,0,0,159,1.0,523.3396226415094,0.0,0.3690294247420705,14.563932581292388,0.9367540842667202,1.2355830412968127,0.0009123284698390016,0.0,159,242
2024-12-17,60.0,2.474401235432747,0,0,0,0,0,0,159,1.0,524.3396226415094,0.0,0.36994239839676335,14.600037255397517,0.9367540842667202,1.2355830412968127,0.0009129736546928237,0.0,159,242
2024-12-18,60.0,2.474401235432747,0,0,0,0,0,0,159,1.0,525.3396226415094,0.0,0.37085601072120217,14.636167378301275,0.9367540842667202,1.2355830412968127,0.0009136123244388015,0.0,159,242
2024-12-19,60.0,2.474401235432747,0,0,0,0,0,0,159,1.0,526.3396226415094,0.0,0.37177025518857565,14.672322691926045,0.9367540842667202,1.2355830412968127,0.0009142444673735343,0.0,159,242
2024-12-20,60.0,2.474401235432747,0,0,0,0,0,0,159,1.0,527.3396226415094,0.0,0.3726851252605747,14.708502937735307,0.9367540842667202,1.2355830412968127,0.0009148700719990013,0.0,159,242
2024-12-21,60.0,2.474401235432747,0,0,0,0,0,0,159,1.0,528.3396226415094,0.0,0.3736006143875975,14.744707856741783,0.9367540842667202,1.2355830412968127,0.0009154891270228157,0.0,159,242
2024-12-22,60.0,2.474401235432747,0,0,0,0,0,0,159,1.0,529.3396226415094,0.0,0.374516716008956,14.780937189515567,0.9367540842667202,1.2355830412968127,0.0009161016213584611,0.0,159,242
2024-12-23,60.0,2.474401235432747,0,0,0,0,0,0,159,1.0,530.3396226415094,0.0,0.37543342355308146,14.817190676192288,0.9367540842667202,1.2355830412968127,0.0009167075441255079,0.0,159,242
2024-12-24,60.0,2.474401235432747,0,0,0,0,0,0,159,1.0,531.3396226415094,0.0,0.37635073043773126,14.853468056481262,0.9367540842667202,1.2355830412968127,0.0009173068846498176,0.0,159,242
2024-12-25,60.0,2.474401235432747,0,0,0,0,0,0,159,1.0,532.3396226415094,0.0,0.377268630070195,14.889769069673676,0.9367540842667202,1.2355830412968127,0.0009178996324637238,0.0,159,242
2024-12-26,60.0,2.474401235432747,0,0,0,0,0,0,159,1.0,533.3396226415094,0.0,0.3781871158475012,14.926093454650744,0.9367540842667202,1.2355830412968127,0.0009184857773062015,0.0,159,242
2024-12-27,60.0,2.474401235432747,0,0,0,0,0,0,159,1.0,534.3396226415094,0.0,0.37910618115662426,14.962440949891896,0.9367540842667202,1.2355830412968127,0.0009190653091230142,0.0,159,242
2024-12-28,60.0,2.474401235432747,0,0,0,0,0,0,159,1.0,535.3396226415094,0.0,0.3800258193746911,14.998811293482976,0.9367540842667202,1.2355830412968127,0.0009196382180668461,0.0,159,242
2024-12-29,60.0,2.474401235432747,0,0,0,0,0,0,159,1.0,536.3396226415094,0.0,0.38094602386918847,15.035204223124413,0.9367540842667202,1.2355830412968127,0.0009202044944974167,0.0,159,242
2024-12-30,60.0,2.474401235432747,0,0,0,0,0,0,159,1.0,537.3396226415094,0.0,0.3818667879981701,15.07161947613943,0.9367540842667202,1.2355830412968127,0.0009207641289815792,0.0,159,242
2024-12-31,60.0,2.474401235432747,0,0,0,0,0,0,159,1.0,538.3396226415094,0.0,0.38278810511046346,15.108056789482239,0.9367540842667202,1.2355830412968127,0.0009213171122933983,0.0,159,242
2025-01-01,60.0,2.474401235432747,0,0,0,0,0,0,159,1.0,539.3396226415094,0.0,0.38370996854587763,15.144515899746242,0.9367540842667202,1.2355830412968127,0.0009218634354142138,0.0,159,242
2025-01-02,60.0,2.474401235432747,0,0,0,0,0,0,159,1.0,540.3396226415094,0.0,0.38463237163541036,15.180996543172231,0.9367540842667202,1.2355830412968127,0.000922403089532687,0.0,159,242
2025-01-03,60.0,2.474401235432747,0,0,0,0,0,0,159,1.0,541.3396226415094,0.0,0.3855553077014552,15.217498455656601,0.9367540842667202,1.2355830412968127,0.000922936066044827,0.0,159,242
2025-01-04,60.0,2.474401235432747,0,0,0,0,0,0,159,1.0,542.3396226415094,0.0,0.38647877005800924,15.254021372759546,0.9367540842667202,1.2355830412968127,0.0009234623565540026,0.0,159,242
2025-01-05,60.0,2.474401235432747,0,0,0,0,0,0,159,1.0,543.3396226415094,0.0,0.3874027520108801,15.290565029713267,0.9367540842667202,1.2355830412968127,0.0009239819528709369,0.0,159,242
2025-01-06,60.0,2.474401235432747,0,0,0,0,0,0,159,1.0,544.3396226415094,0.0,0.38832724685789377,15.327129161430179,0.9367540842667202,1.2355830412968127,0.0009244948470136825,0.0,159,242
2025-01-07,60.0,2.474401235432747,0,0,0,0,0,0,159,1.0,545.3396226415094,0.0,0.3892522478891014,15.363713502511107,0.9367540842667202,1.2355830412968127,0.0009250010312075821,0.0,159,242
2025-01-08,60.0,2.474401235432747,0,0,0,0,0,0,159,1.0,546.3396226415094,0.0,0.39017774838698666,15.400317787253496,0.9367540842667202,1.2355830412968127,0.0009255004978852119,0.0,159,242
2025-01-09,60.0,2.474401235432747,0,0,0,0,0,0,159,1.0,547.3396226415094,0.0,0.39110374162667294,15.436941749659603,0.9367540842667202,1.2355830412968127,0.0009259932396863056,0.0,159,242
2025-01-10,60.0,2.474401235432747,0,0,0,0,0,0,159,1.0,548.3396226415094,0.0,0.3920302208761306,15.473585123444686,0.9367540842667202,1.2355830412968127,0.0009264792494576645,0.0,159,242
2025-01-11,60.0,2.474401235432747,0,0,0,0,0,0,159,1.0,549.3396226415094,0.0,0.39295717939638364,15.510247642045208,0.9367540842667202,1.2355830412968127,0.0009269585202530486,0.0,159,242
2025-01-12,60.0,2.474401235432747,0,0,0,0,0,0,159,1.0,550.3396226415094,0.0,0.39388461044171674,15.546929038627006,0.9367540842667202,1.2355830412968127,0.0009274310453330527,0.0,159,242
2025-01-13,60.0,2.474401235432747,0,0,0,0,0,0,159,1.0,551.3396226415094,0.0,0.39481250725988165,15.583629046093492,0.9367540842667202,1.2355830412968127,0.0009278968181649635,0.0,159,242
2025-01-14,60.0,2.474401235432747,0,0,0,0,0,0,159,1.0,552.3396226415094,0.0,0.3957408630923043,15.620347397093798,0.9367540842667202,1.2355830412968127,0.0009283558324226023,0.0,159,242
2025-01-15,60.0,2.474401235432747,0,0,0,0,0,0,159,1.0,553.3396226415094,0.0,0.39666967117429036,15.65708382403097,0.9367540842667202,1.2355830412968127,0.0009288080819861492,0.0,159,242
2025-01-16,60.0,2.474401235432747,0,0,0,0,0,0,159,1.0,554.3396226415094,0.0,0.39759892473523234,15.693838059070117,0.9367540842667202,1.2355830412968127,0.0009292535609419514,0.0,159,242
2025-01-17,60.0,2.474401235432747,0,0,0,0,0,0,159,1.0,555.3396226415094,0.0,0.3985286169988147,15.730609834146554,0.9367540842667202,1.2355830412968127,0.0009296922635823161,0.0,159,242
2025-01-18,60.0,2.474401235432747,0,0,0,0,0,0,159,1.0,556.3396226415094,0.0,0.39945874118321995,15.767398880973962,0.9367540842667202,1.2355830412968127,0.0009301241844052849,0.0,159,242
2025-01-19,60.0,2.474401235432747,0,0,0,0,0,0,159,1.0,557.3396226415094,0.0,0.40038929050133437,15.804204931052505,0.9367540842667202,1.2355830412968127,0.0009305493181143936,0.0,159,242
2025-01-20,60.0,2.474401235432747,0,0,0,0,0,0,159,1.0,558.3396226415094,0.0,0.40132025816095274,15.841027715676963,0.9367540842667202,1.2355830412968127,0.0009309676596184145,0.0,159,242
2025-01-21,60.0,2.474401235432747,0,0,0,0,0,0,159,1.0,559.3396226415094,0.0,0.40225163736498376,15.877866965944847,0.9367540842667202,1.2355830412968127,0.0009313792040310823,0.0,159,242
2025-01-22,60.0,2.474401235432747,0,0,0,0,0,0,159,1.0,560.3396226415094,0.0,0.4031834213116547,15.914722412764483,0.9367540842667202,1.2355830412968127,0.0009317839466708066,0.0,159,242
2025-01-23,60.0,2.474401235432747,0,0,0,0,0,0,159,1.0,561.3396226415094,0.0,0.4041156031947149,15.951593786863127,0.9367540842667202,1.2355830412968127,0.0009321818830603636,0.0,159,242
2025-01-24,60.0,2.474401235432747,0,0,0,0,0,0,159,1.0,562.3396226415094,0.0,0.40504817620364153,15.988480818795018,0.9367540842667202,1.2355830412968127,0.0009325730089265767,0.0,159,242
2025-01-25,60.0,2.474401235432747,0,0,0,0,0,0,159,1.0,563.3396226415094,0.0,0.4059811335238416,16.02538323894946,0.9367540842667202,1.2355830412968127,0.0009329573201999779,0.0,159,242
2025-01-26,60.0,2.474401235432747,0,0,0,0,0,0,159,1.0,564.3396226415094,0.0,0.406914468336856,16.062300777558857,0.9367540842667202,1.2355830412968127,0.000933334813014454,0.0,159,242
2025-01-27,60.0,2.474401235432747,0,0,0,0,0,0,159,1.0,565.3396226415094,0.0,0.4078481738205629,16.099233164706753,0.9367540842667202,1.2355830412968127,0.000933705483706879,0.0,159,242
2025-01-28,60.0,2.474401235432747,0,0,0,0,0,0,159,1.0,566.3396226415094,0.0,0.40878224314937966,16.13618013033586,0.9367540842667202,1.2355830412968127,0.0009340693288167278,0.0,159,242
2025-01-29,60.0,2.474401235432747,0,0,0,0,0,0,159,1.0,567.3396226415094,0.0,0.4097166694944653,16.173141404256054,0.9367540842667202,1.2355830412968127,0.0009344263450856782,0.0,159,242
2025-01-30,60.0,2.474401235432747,0,0,0,0,0,0,159,1.0,568.3396226415094,0.0,0.41065144602392245,16.21011671615236,0.9367540842667202,1.2355830412968127,0.0009347765294571925,0.0,159,242
2025-01-31,60.0,2.474401235432747,0,0,0,0,0,0,159,1.0,569.3396226415094,0.0,0.4115865659029985,16.247105795592933,0.9367540842667202,1.2355830412968127,0.0009351198790760894,0.0,159,242
2025-02-01,60.0,2.474401235432747,0,0,0,0,0,0,159,1.0,570.3396226415094,0.0,0.41252202229428675,16.284108372037004,0.9367540842667202,1.2355830412968127,0.0009354563912880948,0.0,159,242
2025-02-02,60.0,2.474401235432747,0,0,0,0,0,0,159,1.0,571.3396226415094,0.0,0.41345780835792606,16.321124174842815,0.9367540842667202,1.2355830412968127,0.0009357860636393845,0.0,159,242
2025-02-03,60.0,2.474401235432747,0,0,0,0,0,0,159,1.0,572.3396226415094,0.0,0.4143939172518021,16.358152933275544,0.9367540842667202,1.2355830412968127,0.000936108893876105,0.0,159,242
2025-02-04,60.00000000000001,2.4744012354327465,0,0,0,0,0,0,159,1.0,573.3396226415094,0.0,0.4153303421317461,16.3951943765152,0.9367540842667202,1.2355830412968132,0.0009364248799438819,0.0,159,242
2025-02-05,60.00000000000001,2.4744012354327465,0,0,0,0,0,0,159,1.0,574.3396226415094,0.0,0.41626707615173336,16.432248233664485,0.9367540842667202,1.2355830412968132,0.0009367340199873174,0.0,159,242
2025-02-06,60.000000000000014,2.4744012354327474,0,0,0,0,0,0,159,1.0,575.3396226415094,0.0,0.4172041124640829,16.46931423375667,0.9367540842667202,1.2355830412968125,0.0009370363123494664,0.0,159,242
2025-02-07,60.00000000000003,2.474401235432749,0,0,0,0,0,0,159,1.0,576.3396226415094,0.0,0.41814144421965405,16.506392105763428,0.9367540842667206,1.2355830412968107,0.0009373317555713031,0.0,159,242
2025-02-08,60.000000000000064,2.474401235432749,0,0,0,0,0,0,159,1.0,577.3396226415094,0.0,0.4190790645680452,16.543481578602638,0.9367540842667206,1.2355830412968107,0.0009376203483911698,0.0,159,242
2025-02-09,60.00000000000013,2.474401235432749,0,0,0,0,0,0,159,1.0,578.3396226415094,0.0,0.42001696665778954,16.580582381146193,0.9367540842667206,1.2355830412968107,0.0009379020897442154,0.0,159,242
2025-02-10,60.00000000000025,2.474401235432752,0,0,0,0,0,0,159,1.0,579.3396226415094,0.0,0.4209551436365513,16.617694242227753,0.9367540842667209,1.2355830412968078,0.0009381769787618167,0.0,159,242
2025-02-11,60.0000000000005,2.474401235432757,0,0,0,0,0,0,159,1.0,580.3396226415094,0.0,0.4218935886513223,16.654816890650494,0.9367540842667214,1.2355830412968025,0.0009384450147709844,0.0,159,242
2025-02-12,60.00000000000097,2.4744012354327665,0,0,0,0,0,0,159,1.0,581.3396226415094,0.0,0.422832294848616,16.691950055194845,0.936754084266722,1.2355830412967932,0.0009387061972937594,0.0,159,242
2025-02-13,60.0000000000019,2.4744012354327842,0,0,0,0,0,0,159,1.0,582.3396226415094,0.0,0.42377125537466265,16.72909346462616,0.9367540842667231,1.2355830412967757,0.0009389605260465916,0.0,159,242
2025-02-14,60.00000000000369,2.4744012354328184,0,0,0,0,0,0,159,1.0,583.3396226415094,0.0,0.4247104633756023,16.766246847702433,0.9367540842667264,1.2355830412967412,0.0009392080009397091,0.0,159,242
2025-02-15,60.000000000007105,2.474401235432887,0,0,0,0,0,0,159,1.0,584.3396226415094,0.0,0.42564991199767893,16.803409933181882,0.9367540842667317,1.235583041296673,0.0009394486220764694,0.0,159,242
2025-02-16,60.00000000001361,2.4744012354330174,0,0,0,0,0,0,159,1.0,585.3396226415094,0.0,0.42658959438743155,16.84058244983064,0.9367540842667424,1.2355830412965425,0.0009396823897527015,0.0,159,242
2025-02-17,60.000000000025864,2.4744012354332616,0,0,0,0,0,0,159,1.0,586.3396226415094,0.0,0.4275295036918875,16.8777641264303,0.9367540842667619,1.235583041296298,0.0009399093044560339,0.0,159,242
2025-02-18,60.00000000004882,2.474401235433719,0,0,0,0,0,0,159,1.0,587.3396226415094,0.0,0.42846963305875285,16.914954691785496,0.9367540842667988,1.2355830412958406,0.0009401293668652137,0.0,159,242
2025-02-19,60.00000000009153,2.4744012354345712,0,0,0,0,0,0,159,1.0,588.3396226415094,0.0,0.4294099756366022,16.952153874731454,0.9367540842668679,1.2355830412949884,0.0009403425778494151,0.0,159,242
2025-02-20,60.00000000017041,2.474401235436145,0,0,0,0,0,0,159,1.0,589.3396226415094,0.0,0.4303505245750698,16.989361404141505,0.9367540842669951,1.2355830412934146,0.0009405489384675403,0.0,159,242
2025-02-21,60.00000000031506,2.4744012354390317,0,0,0,0,0,0,159,1.0,590.3396226415094,0.0,0.4312912730250373,17.026577008934545,0.9367540842672286,1.2355830412905278,0.0009407484499675224,0.0,159,242
2025-02-22,60.00000000057848,2.474401235444286,0,0,0,0,0,0,159,1.0,591.3396226415094,0.0,0.4322322141388229,17.063800418082543,0.9367540842676543,1.2355830412852735,0.0009409411137856337,0.0,159,242
2025-02-23,60.000000001054794,2.4744012354537874,0,0,0,0,0,0,159,1.0,592.3396226415094,0.0,0.43317334107036864,17.10103136061791,0.9367540842684227,1.2355830412757722,0.0009411269315458187,0.0,159,242
2025-02-24,60.00000000190999,2.474401235470848,0,0,0,0,0,0,159,1.0,593.3396226415094,0.0,0.43411464697542773,17.138269565640964,0.9367540842698033,1.2355830412587117,0.0009413059050590744,0.0,159,242
2025-02-25,60.0000000034346,2.474401235501263,0,0,0,0,0,0,159,1.0,594.3396226415094,0.0,0.43505612501175067,17.175514762327275,0.9367540842722643,1.2355830412282969,0.0009414780363229193,0.0,159,242
2025-02-26,60.00000000613348,2.4744012355551006,0,0,0,0,0,0,159,1.0,595.3396226415094,0.0,0.4359977683392717,17.212766679935072,0.9367540842766204,1.235583041174459,0.0009416433275210267,0.0,159,242
2025-02-27,60.00000001087731,2.4744012356497316,0,0,0,0,0,0,159,1.0,596.3396226415094,0.0,0.43693957012029483,17.25002504781258,0.9367540842842773,1.2355830410798283,0.0009418017810231364,0.0,159,242
2025-02-28,60.00000001915667,2.4744012358148906,0,0,0,0,0,0,159,1.0,597.3396226415094,0.0,0.4378815235196804,17.287289595405422,0.9367540842976413,1.235583040914669,0.0009419533993854321,0.0,159,242
2025-03-01,60.00000003350447,2.474401236101106,0,0,0,0,0,0,159,1.0,598.3396226415094,0.0,0.43882362170503203,17.32456005226404,0.9367540843208001,1.2355830406284536,0.0009420981853517042,0.0,159,242
2025-03-02,60.00000005819283,2.4744012365935997,0,0,0,0,0,0,159,1.0,599.3396226415094,0.0,0.4397658578468879,17.36183614805123,0.9367540843606499,1.23558304013596,0.0009422361418557934,0.0,159,242
2025-03-03,60.00000010037379,2.4744012374350413,0,0,0,0,0,0,159,1.0,600.3396226415094,0.0,0.4407082251189139,17.399117612549812,0.936754084428734,1.2355830392945186,0.0009423672720261179,0.0,159,242
2025-03-04,60.000000171931404,2.4744012388625,0,0,0,0,0,0,159,1.0,601.3396226415094,0.0,0.44165071669810757,17.436404175670685,0.9367540845442359,1.2355830378670598,0.0009424915791935617,0.0,159,242
2025-03-05,60.00000029246517,2.4744012412669534,0,0,0,0,0,0,159,1.0,602.3396226415094,0.0,0.4425933257650122,17.47369556746132,0.9367540847387902,1.2355830354626065,0.0009426090669047088,0.0,159,242
2025-03-06,60.00000049405712,2.474401245288386,0,0,0,0,0,0,159,1.0,603.3396226415094,0.0,0.4435360455039558,17.510991518115162,0.9367540850641807,1.235583031441174,0.0009427197389435486,0.0,159,242
2025-03-07,60.00000082882766,2.474401251966515,0,0,0,0,0,0,159,1.0,604.3396226415094,0.0,0.4444788691033222,17.54829175798234,0.9367540856045359,1.2355830247630446,0.0009428235993664335,0.0,159,242
2025-03-08,60.00000138081462,2.4744012629777585,0,0,0,0,0,0,159,1.0,605.3396226415094,0.0,0.44542178975587976,17.585596017582652,0.936754086495501,1.2355830137518011,0.0009429206525576488,0.0,159,242
2025-03-09,60.000002284496965,2.474401281004753,0,0,0,0,0,0,159,1.0,606.3396226415094,0.0,0.4463648006591966,17.62290402762185,0.9367540879541396,1.2355829957248066,0.0009430109033167096,0.0,159,242
2025-03-10,60.000003753443295,2.4744013103078393,0,0,0,0,0,0,159,1.0,607.3396226415094,0.0,0.4473078950161907,17.660215519013345,0.9367540903251733,1.2355829664217202,0.000943094356994109,0.0,159,242
2025-03-11,60.000006124254064,2.4744013576016517,0,0,0,0,0,0,159,1.0,608.3396226415094,0.0,0.4482510660358911,17.69753022290805,0.9367540941519106,1.235582919127908,0.0009431710197003986,0.0,159,242
2025-03-12,60.00000992340246,2.474401433388418,0,0,0,0,0,0,159,1.0,609.3396226415094,0.0,0.44919430693451634,17.73484787073673,0.9367541002841303,1.2355828433411418,0.0009432408986252545,0.0,159,242
2025-03-13,60.00001596805712,2.474401553969344,0,0,0,0,0,0,159,1.0,610.3396226415094,0.0,0.45013761093703647,17.772168194271295,0.936754110040828,1.2355827227602154,0.0009433040025201644,0.0,159,242
2025-03-14,60.000025516882616,2.47440174445219,0,0,0,0,0,0,159,1.0,611.3396226415094,0.0,0.45108097127945845,17.809490925714403,0.9367541254535737,1.2355825322773697,0.0009433603424219496,0.0,159,242
2025-03-15,60.00004049367755,2.474402043213772,0,0,0,0,0,0,159,1.0,612.3396226415094,0.0,0.4520243812121872,17.846815797831262,0.936754149627587,1.2355822335157873,0.0009434099327287175,0.0,159,242
2025-03-16,60.000063816192764,2.474402508458277,0,0,0,0,0,0,159,1.0,613.3396226415094,0.0,0.45296783400497165,17.884142544143483,0.9367541872723901,1.2355817682712829,0.0009434527927844831,0.0,159,242
2025-03-17,60.000099875422045,2.474403227773545,0,0,0,0,0,0,159,1.0,614.3396226415094,0.0,0.45391132295416453,17.921470899213652,0.9367542454750333,1.2355810489560148,0.0009434889491928598,0.0,159,242
2025-03-18,60.00015522813167,2.474404331958243,0,0,0,0,0,0,159,1.0,615.3396226415094,0.0,0.4548548413933359,17.95880059906126,0.9367543348188735,1.2355799447713167,0.000943518439171311,0.0,159,242
2025-03-19,60.000239588682426,2.4744060147703637,0,0,0,0,0,0,159,1.0,616.3396226415094,0.0,0.45579838270868717,17.996131381766816,0.936754470981431,1.235578261959196,0.0009435413153513012,0.0,159,242
2025-03-20,60.00036723683363,2.474408561077306,0,0,0,0,0,0,159,1.0,617.3396226415094,0.0,0.4567419403613203,18.033462988344482,0.9367546770119582,1.235575715652254,0.0009435576526331629,0.0,159,242
2025-03-21,60.00055899797581,2.4744123860872524,0,0,0,0,0,0,159,1.0,618.3396226415094,0.0,0.45768550791907925,18.07079516398988,0.9367549865054408,1.2355718906423072,0.0009435675577588595,0.0,159,242
2025-03-22,60.00084500310044,2.474418090957562,0,0,0,0,0,0,159,1.0,619.3396226415094,0.0,0.4586290791019817,18.10812765986043,0.9367554481012971,1.235566185771998,0.0009435711829025287,0.0,159,242
2025-03-23,60.0012684998953,2.4744265383386863,0,0,0,0,0,0,159,1.0,620.3396226415094,0.0,0.4595726478461546,18.145460235580668,0.9367561315942425,1.2355577383908736,0.0009435687441729154,0.0,159,242
2025-03-24,60.001891065776555,2.4744389549839196,0,0,0,0,0,0,159,1.0,621.3396226415094,0.0,0.4605162083929472,18.1827926627343,0.9367571362333069,1.23554532174564,0.0009435605467926143,0.0,159,242
2025-03-25,60.002799670367025,2.474457076473062,0,0,0,0,0,0,159,1.0,622.3396226415094,0.0,0.46145975541359824,18.220124729749333,0.9367586024246669,1.2355272002564979,0.0009435470206511117,0.0,159,242
2025-03-26,60.0041161503721,2.4744833265120905,0,0,0,0,0,0,159,1.0,623.3396226415094,0.0,0.46240328417808807,18.257456248514654,0.9367607262247171,1.2355009502174694,0.0009435287644897239,0.0,159,242
2025-03-27,60.00600979460894,2.4745210849550077,0,0,0,0,0,0,159,1.0,624.3396226415094,0.0,0.463346790790007,18.29478706358349,0.9367637809970746,1.2354631917745522,0.0009435066119189463,0.0,159,242
2025-03-28,60.00871389040611,2.474574962573334,0,0,0,0,0,0,159,1.0,625.3396226415094,0.0,0.4642902724895138,18.332117064044937,0.9367681395879861,1.235409314156226,0.000943481699506789,0.0,159,242
2025-03-29,60.01254725208446,2.474651340191919,0,0,0,0,0,0,159,1.0,626.3396226415094,0.0,0.46523372808911717,18.3694462006002,0.9367743178364724,1.235332936537641,0.0009434555996034511,0.0,159,242
2025-03-30,60.017941932537155,2.474758826226521,0,0,0,0,0,0,159,1.0,627.3396226415094,0.0,0.46617715852314645,18.406774507093672,0.9367830113834045,1.2352254505030387,0.0009434304340292125,0.0,159,242
2025-03-31,60.02547850148421,2.4749087616961023,0,0,0,0,0,0,159,1.0,628.3396226415094,0.0,0.4671205675229156,18.444102126969206,0.9367951361480173,1.2350755150334574,0.0009434089997692309,0.0,159,242
2025-04-01,5.0359304461239285,1.1507223771795911,0,0,0,0,0,0,159,1.0,629.3396226415094,0.0,0.4675584860428947,18.461509388138374,0.7332828404505131,2.5592618995499685,0.00043791851997908033,0.0,284,74
2025-04-02,60.05031939418538,2.4754018336599946,0,0,0,0,0,0,159,1.0,630.3396226415094,0.0,0.468498850863066,18.49871612087021,0.9368351307953977,1.2345849703252885,0.0009403650709454963,2.5077427302922515e-10,158,243
2025-04-03,60.06998295302586,2.4757914942141146,0,0,0,0,0,0,159,1.0,631.3396226415094,0.0,0.46943922395275534,18.53592331649191,0.9368667435517414,1.2341977604664773,0.0009403735836408788,4.939514981270747e-10,158,243
2025-04-04,60.09665697308529,2.476320076731719,0,0,0,0,0,0,159,1.0,632.3396226415094,0.0,0.4703796327077551,18.573132045675187,0.9369096003754983,1.2336725023672226,0.0009404095788258672,8.238260726997744e-10,158,243
2025-04-05,60.13257394604026,2.4770267789401763,0,0,0,0,0,0,159,1.0,633.3396226415094,0.0,0.471320114168511,18.61034375699139,0.9369668512140024,1.232970244826743,0.0009404827256156605,1.2648598171980127e-09,158,243
2025-04-06,60.18057899922423,2.4779713261642633,0,0,0,0,0,0,159,1.0,634.3396226415094,0.0,0.4722568721331594,18.647407519299488,0.9370435923746698,1.232037223011807,0.0009367604164892083,2.4518407078010062e-09,157,244
2025-04-07,60.24426450723618,2.479210524125023,0,0,0,0,0,0,159,1.0,635.3396226415094,0.0,0.47318988920379307,18.684322600979772,0.93714416675039,1.2308138882798514,0.0009330211596829533,4.08904939801684e-09,156,245
2025-04-08,60.32812366772743,2.4808422627091335,0,0,0,0,0,0,159,1.0,636.3396226415094,0.0,0.47412315758033874,18.7212476382901,0.93727689107979,1.229212937216196,0.00093327569907717,7.322531400654263e-09,156,245
2025-04-09,60.43772244291014,2.482918672059499,0,0,0,0,0,0,159,1.0,637.3396226415094,0.0,0.47505272267074605,18.758025375236834,0.9374459472657372,1.22718620019357,0.0009295777095543227,1.261914703768549e-08,155,246
2025-04-10,60.57988802092092,2.4856120774829593,0,0,0,0,0,0,159,1.0,638.3396226415094,0.0,0.4759745125788891,18.79449386906777,0.9376655894812864,1.2245761141201712,0.0009218115552933843,2.1647150211360472e-08,153,248
2025-04-11,60.7629103846519,2.489079537285712,0,0,0,0,0,0,159,1.0,639.3396226415094,0.0,0.47689273221793405,18.83082015848891,0.9379490652540048,1.2212494360539106,0.0009182567702458295,3.713120097042924e-08,152,249
2025-04-12,60.99675169241121,2.4933311581361868,0,0,0,0,0,0,159,1.0,640.3396226415094,0.0,0.4778031977910757,18.866837829820774,0.9382976003408838,1.2172190332048551,0.0009105274254311992,6.185228964682646e-08,150,251
2025-04-13,61.29325600324493,2.4987220957864924,0,0,0,0,0,0,159,1.0,641.3396226415094,0.0,0.4787016374361348,18.902376919958495,0.9387411980786448,1.2121877479206642,0.0008985423470409156,1.0270198185750229e-07,147,254
2025-04-14,61.66634948073634,2.5023490447707464,0,0,0,0,0,0,159,1.0,642.3396226415094,0.0,0.47959177334645425,18.93758563198842,0.9390413509234842,1.2088640786681872,0.0008902735608817009,1.3765056216811157e-07,145,256
2025-04-15,62.13221868101055,2.5068778932354547,0,0,0,0,0,0,159,1.0,643.3396226415094,0.0,0.4804826272562458,18.972822456141497,0.9394153915137586,1.2047339967349626,0.0008910376647001796,1.8375490866874064e-07,145,256
2025-04-16,62.70945201296719,2.5119857369657823,0,0,0,0,0,0,159,1.0,644.3396226415094,0.0,0.4813743241447376,19.008092281730196,0.939834782830681,1.2000759002513304,0.0008919326408035996,2.3575231178593272e-07,145,256
2025-04-17,63.41912713254185,2.5182655365016156,0,0,0,0,0,0,159,1.0,645.3396226415094,0.0,0.48226712505837305,19.043405325328912,0.9403468134382541,1.1943490390394071,0.0008931005921910882,2.996785556134812e-07,145,256
2025-04-18,64.28482511768256,2.525918565946403,0,0,0,0,0,0,159,1.0,646.3396226415094,0.0,0.48316133266957784,19.078773431510253,0.9409654637275173,1.1873698612438464,0.0008945851925271653,3.775813224614389e-07,145,256
2025-04-19,65.33255101721717,2.535013055999084,0,0,0,0,0,0,159,1.0,647.3396226415094,0.0,0.4840572580770833,19.114208772070405,0.9416929983545866,1.1790761439002062,0.0008963955607619162,4.7015325641742865e-07,145,256
2025-04-20,66.59054004351111,2.545932675998069,0,0,0,0,0,0,159,1.0,648.3396226415094,0.0,0.4849454962194166,19.149337251189756,0.9425600261558312,1.1691983697724186,0.000888830405026162,5.922626928642952e-07,143,258
2025-04-21,68.08892955459343,2.5586501137652524,0,0,0,0,0,0,159,1.0,649.3396226415094,0.0,0.4858361675790746,19.1845609205556,0.9435585655232722,1.1577606741704864,0.0008914148826440373,7.435229859823133e-07,143,258
2025-04-22,69.85927929247957,2.5736757879649157,0,0,0,0,0,0,159,1.0,650.3396226415094,0.0,0.48672973423570187,19.2198978454748,0.9447177213733234,1.144247017500349,0.000894488881230326,9.222246032597494e-07,143,258
2025-04-23,71.93392630773415,2.59069886569373,0,0,0,0,0,0,159,1.0,651.3396226415094,0.0,0.4876162595947872,19.25495279192609,0.9460121103967878,1.12908302089182,0.0008876710682373013,1.1457091517508601e-06,141,260
2025-04-24,74.3451667248808,2.6104837894625135,0,0,0,0,0,0,159,1.0,652.3396226415094,0.0,0.48850650556951003,19.290153196334014,0.9474853070135988,1.1115378998138428,0.0008916628013680197,1.4168266451897783e-06,141,260
2025-04-25,77.12426400145304,2.6328035602875968,0,0,0,0,0,0,159,1.0,653.3396226415094,0.0,0.4893902230462619,19.325091346972386,0.9491113659748869,1.0919231816934263,0.0008854667945451315,1.7493177933142308e-06,139,262
2025-04-26,80.30029248549191,2.6576839467721114,0,0,0,0,0,0,159,1.0,654.3396226415094,0.0,0.490272974013377,19.359988030910074,0.9508750633692278,1.0701965406341714,0.0008848916512466342,2.1406841314223944e-06,138,263
2025-04-27,83.89883561088229,2.6858742303891683,0,0,0,0,0,0,159,1.0,655.3396226415094,0.0,0.49115510978609955,19.394856827315422,0.9528183212008655,1.0458765097614375,0.0008847655662943872,2.629793571844789e-06,137,264
2025-04-28,87.94056955465514,2.7160235497623226,0,0,0,0,0,0,159,1.0,656.3396226415094,0.0,0.4920310520865391,19.42947580264484,0.9548279588853675,1.0201290736173798,0.0008791366077012864,3.1943072618665554e-06,135,266
2025-04-29,92.4397750244831,2.7495853785522364,0,0,0,0,0,0,159,1.0,657.3396226415094,0.0,0.49290091023814353,19.463848936904597,0.9569828594307341,0.9917882222947186,0.0008737320887693017,3.873937164764205e-06,133,268
2025-04-30,97.40283131659442,2.7847573653235274,0,0,0,0,0,0,159,1.0,658.3396226415094,0.0,0.4937644135213538,19.497965345336265,0.9591505482804404,0.9624676859477662,0.0008681510242655789,4.647741055356483e-06,131,270
2025-05-01,102.82675704574788,2.8231954229972787,0,0,0,0,0,0,159,1.0,659.3396226415094,0.0,0.4946273777869887,19.532055898326192,0.9614167354133772,0.9308960982750842,0.000868535509530271,5.571243895363016e-06,130,271
2025-05-02,108.69787010375246,2.8624242617545623,0,0,0,0,0,0,159,1.0,660.3396226415094,0.0,0.4954828499086103,19.565844212929687,0.9636195957947713,0.8991599073248226,0.0008620711480546227,6.599026433046399e-06,128,273
2025-05-03,114.99064456105107,2.9041427563361117,0,0,0,0,0,0,159,1.0,661.3396226415094,0.0,0.49633037993521933,19.59931222040438,0.9658423759769569,0.8659402709828006,0.0008553201330263813,7.790106417373072e-06,126,275
2025-05-04,121.66684357607812,2.9484031973107148,0,0,0,0,0,0,159,1.0,662.3396226415094,0.0,0.49716176749297863,19.632133788062795,0.9680685733007612,0.8312999697630223,0.0008405645647292555,9.177006969818766e-06,123,278
2025-05-05,128.67500426574213,2.992042083121445,0,0,0,0,0,0,159,1.0,663.3396226415094,0.0,0.4979833125028463,19.66455953385183,0.9701337596282185,0.7977619996371392,0.0008322200214152259,1.067501154771439e-05,121,280
2025-05-06,135.9503424972151,3.0373446479992645,0,0,0,0,0,0,159,1.0,664.3396226415094,0.0,0.49878660061444263,19.696254938442856,0.9721451896571336,0.7636045484449903,0.0008156633414136545,1.2375229817289735e-05,118,283
2025-05-07,143.4151325659813,3.081614039831458,0,0,0,0,0,0,159,1.0,665.3396226415094,0.0,0.49957788759651534,19.727468909744207,0.9739864541998378,0.7309254489279927,0.0008054904426815172,1.4203460608835163e-05,116,285
2025-05-08,150.97959895689502,3.126474554805882,0,0,0,0,0,0,159,1.0,666.3396226415094,0.0,0.5003564638766168,19.75817331377728,0.975727921519889,0.6984710739127638,0.000794798593383172,1.622231328171827e-05,114,287
2025-05-09,158.5433354473903,3.1687634732825263,0,0,0,0,0,0,159,1.0,667.3396226415094,0.0,0.5011138995444138,19.78803344192386,0.9772589436235481,0.6685047450669156,0.0007757262558565972,1.8290588059593638e-05,111,290
2025-05-10,165.99724167865742,3.2104383297959327,0,0,0,0,0,0,159,1.0,668.3396226415094,0.0,0.5018572019800427,19.81732801359108,0.9786673202950931,0.6396012393222851,0.0007637983307323432,2.0495895103425997e-05,109,292
2025-05-11,173.2259402983511,3.2508540485355524,0,0,0,0,0,0,159,1.0,669.3396226415094,0.0,0.5025858388409308,19.84603609761479,0.9799384570971184,0.6121283551783808,0.0007514266309884011,2.2789770100214678e-05,107,294
2025-05-12,180.1106104375212,3.287434987054917,0,0,0,0,0,0,159,1.0,670.3396226415094,0.0,0.5032992900341928,19.874137465779697,0.9810109179099871,0.5877394739574447,0.0007384540130894916,2.5002819827497202e-05,105,296
2025-05-13,186.53214735963516,3.321555118099569,0,0,0,0,0,0,159,1.0,671.3396226415094,0.0,0.5039972495184895,19.90162025243049,0.981946054775923,0.5653998291556251,0.0007251464653316153,2.7186981035008804e-05,103,298
2025-05-14,192.3745353876893,3.351623543140437,0,0,0,0,0,0,159,1.0,672.3396226415094,0.0,0.504687051030699,19.928776389085247,0.9827190540437273,0.5460365740021516,0.0007190095663466602,2.920805413709123e-05,102,299
2025-05-15,197.52830335980434,3.37814791728393,0,0,0,0,0,0,159,1.0,673.3396226415094,0.0,0.5053610970205913,19.955304222594407,0.9833644209893035,0.5292505237207988,0.0007051284785940177,3.108248870171704e-05,100,301
2025-05-16,201.89392033601482,3.4000290493622876,0,0,0,0,0,0,159,1.0,674.3396226415094,0.0,0.5060191249583978,19.981193736391145,0.9838670265272291,0.5155284790094077,0.0006906939259346311,3.266598812805324e-05,98,303
2025-05-17,205.38498517145163,3.417526793936437,0,0,0,0,0,0,159,1.0,675.3396226415094,0.0,0.5066760811469272,20.007039424361473,0.9842557494055917,0.5047437056240827,0.0006909444137096263,3.398822518046516e-05,98,303
2025-05-18,207.93106751158743,3.43028814342506,0,0,0,0,0,0,159,1.0,676.3396226415094,0.0,0.5073319730359048,20.03284197384854,0.9845261602934356,0.4968782197757492,0.0006908405319578747,3.494864298012423e-05,98,303
2025-05-19,209.48006984555536,3.4379371905208655,0,0,0,0,0,0,159,1.0,677.3396226415094,0.0,0.5079724773216346,20.058032442883608,0.98468578641991,0.4922150715513432,0.0006760405954722723,3.553630974227853e-05,96,305
2025-05-20,210.0,3.4405046303178666,0,0,0,0,0,0,159,1.0,678.3396226415094,0.0,0.5086120522992947,20.083185949242605,0.9847393197279647,0.4906649192210784,0.0006753050752887214,3.5730097628703704e-05,96,305
2025-05-21,209.48006984555536,3.4379371905208655,0,0,0,0,0,0,159,1.0,679.3396226415094,0.0,0.5092507890272109,20.108306516479203,0.98468578641991,0.4922150715513432,0.0006742476246626862,3.5510896746636065e-05,96,305
2025-05-22,207.93106751158743,3.43028814342506,0,0,0,0,0,0,159,1.0,680.3396226415094,0.0,0.5099031249466573,20.133968437724832,0.9845261602934356,0.4968782197757492,0.0006872344972916793,3.4898577845247085e-05,98,303
2025-05-23,205.38498517145163,3.417526793936437,0,0,0,0,0,0,159,1.0,681.3396226415094,0.0,0.5105547120956928,20.159601799539214,0.9842557494055917,0.5047437056240827,0.0006855021594952058,3.391501045966161e-05,98,303
2025-05-24,201.89392033601482,3.4000290493622876,0,0,0,0,0,0,159,1.0,682.3396226415094,0.0,0.5112055470443292,20.185206869581506,0.9838670265272291,0.5155284790094077,0.000683406716688647,3.25717680522502e-05,98,303
2025-05-25,197.52830335980434,3.37814791728393,0,0,0,0,0,0,159,1.0,683.3396226415094,0.0,0.5118705521999218,20.2113772085619,0.9833644209893035,0.5292505237207988,0.0006959750809877221,3.09699253951984e-05,100,301
2025-05-26,192.3745353876893,3.351623543140437,0,0,0,0,0,0,159,1.0,684.3396226415094,0.0,0.5125494249859261,20.238101229614376,0.9827190540437273,0.5460365740021516,0.0007079531351641994,2.9080349159805157e-05,102,299
2025-05-27,186.53214735963516,3.321555118099569,0,0,0,0,0,0,159,1.0,685.3396226415094,0.0,0.5132345278367882,20.265075712895946,0.981946054775923,0.5653998291556251,0.0007121503233493644,2.704747248737921e-05,103,298
2025-05-28,180.1106104375212,3.287434987054917,0,0,0,0,0,0,159,1.0,686.3396226415094,0.0,0.5139331556305845,20.29259107471144,0.9810109179099871,0.5877394739574447,0.0007234829925323103,2.48551987360747e-05,105,296
2025-05-29,173.2259402983511,3.2508540485355524,0,0,0,0,0,0,159,1.0,687.3396226415094,0.0,0.5146449627270882,20.320633904632945,0.9799384570971184,0.6121283551783808,0.0007344445186956251,2.2637422191897948e-05,107,294
2025-05-30,165.99724167865742,3.2104383297959327,0,0,0,0,0,0,159,1.0,688.3396226415094,0.0,0.515369384118158,20.349182226723986,0.9786673202950931,0.6396012393222851,0.000744763977309083,2.034258623918053e-05,109,292
2025-05-31,158.5433354473903,3.1687634732825263,0,0,0,0,0,0,159,1.0,689.3396226415094,0.0,0.516105848612439,20.37821359782601,0.9772589436235481,0.6685047450669156,0.0007546036980628181,1.8139203781742718e-05,111,290
2025-06-01,150.97959895689502,3.126474554805882,0,0,0,0,0,0,159,1.0,690.3396226415094,0.0,0.5168613326335956,20.408005538165234,0.975727921519889,0.6984710739127638,0.0007715592610515682,1.6075239895137237e-05,114,287
2025-06-02,143.4151325659813,3.081614039831458,0,0,0,0,0,0,159,1.0,691.3396226415094,0.0,0.517627369248684,20.43822191012873,0.9739864541998378,0.7309254489279927,0.0007801000768248849,1.4063461736382486e-05,116,285
2025-06-03,135.9503424972151,3.0373446479992645,0,0,0,0,0,0,159,1.0,692.3396226415094,0.0,0.5184032266333405,20.468833723783618,0.9721451896571336,0.7636045484449903,0.0007881011043145388,1.2243719658036437e-05,118,283
2025-06-04,128.67500426574213,2.992042083121445,0,0,0,0,0,0,159,1.0,693.3396226415094,0.0,0.5191951243930615,20.500088487651677,0.9701337596282185,0.7977619996371392,0.0008024513479775664,1.0553588256637543e-05,121,280
2025-06-05,121.66684357607812,2.9484031973107148,0,0,0,0,0,0,159,1.0,694.3396226415094,0.0,0.5199946626402712,20.53165227866689,0.9680685733007612,0.8312999697630223,0.0008086043408328703,9.06609362322472e-06,123,278
2025-06-06,114.99064456105107,2.9041427563361117,0,0,0,0,0,0,159,1.0,695.3396226415094,0.0,0.5208081157038221,20.563774733299006,0.9658423759769569,0.8659402709828006,0.0008211436753285303,7.690611777554603e-06,126,275
2025-06-07,108.69787010375246,2.8624242617545623,0,0,0,0,0,0,159,1.0,696.3396226415094,0.0,0.5216273283855009,20.596131526022305,0.9636195957947713,0.8991599073248226,0.0008257232390909477,6.510557412257921e-06,128,273
2025-06-08,102.82675704574788,2.8231954229972787,0,0,0,0,0,0,159,1.0,697.3396226415094,0.0,0.5224518802727915,20.62870577015407,0.9614167354133772,0.9308960982750842,0.0008300451609886515,5.493273697922164e-06,130,271
2025-06-09,97.40283131659442,2.7847573653235274,0,0,0,0,0,0,159,1.0,698.3396226415094,0.0,0.5232748569959833,20.661222642819574,0.9591505482804404,0.9624676859477662,0.0008275568525913077,4.580129399415795e-06,131,270
2025-06-10,92.4397750244831,2.7495853785522364,0,0,0,0,0,0,159,1.0,699.3396226415094,0.0,0.5241020790884723,20.69391319455068,0.9569828594307341,0.9917882222947186,0.0008310377473146021,3.815654825655989e-06,133,268
2025-06-11,87.94056955465514,2.7160235497623226,0,0,0,0,0,0,159,1.0,700.3396226415094,0.0,0.5249333121337798,20.726767989647282,0.9548279588853675,1.0201290736173798,0.0008343778311431774,3.1447858356029163e-06,135,266
2025-06-12,83.89883561088229,2.6858742303891683,0,0,0,0,0,0,159,1.0,701.3396226415094,0.0,0.5257687359569206,20.75979379445872,0.9528183212008655,1.0458765097614375,0.0008380117654836529,2.587942342947259e-06,137,264
2025-06-13,80.30029248549191,2.6576839467721114,0,0,0,0,0,0,159,1.0,702.3396226415094,0.0,0.5266028656038289,20.792772380549128,0.9508750633692278,1.0701965406341714,0.0008362354643948074,2.1058174866229977e-06,138,263
2025-06-14,77.12426400145304,2.6328035602875968,0,0,0,0,0,0,159,1.0,703.3396226415094,0.0,0.5274361160418186,20.825719833793325,0.9491113659748869,1.0919231816934263,0.0008349707336068933,1.7202956170252792e-06,139,262
2025-06-15,74.3451667248808,2.6104837894625135,0,0,0,0,0,0,159,1.0,704.3396226415094,0.0,0.5282740576633025,20.85885725674645,0.9474853070135988,1.1115378998138428,0.0008393345464041173,1.3929249202798665e-06,141,260
2025-06-16,71.93392630773415,2.59069886569373,0,0,0,0,0,0,159,1.0,705.3396226415094,0.0,0.5291066237156967,20.891784164990135,0.9460121103967878,1.12908302089182,0.000833692178282553,1.1261258883798363e-06,141,260
2025-06-17,69.85927929247957,2.5736757879649157,0,0,0,0,0,0,159,1.0,706.3396226415094,0.0,0.5299445214120765,20.924925792944553,0.9447177213733234,1.144247017500349,0.0008388039682106653,9.062718307800181e-07,143,258
2025-06-18,68.08892955459343,2.5586501137652524,0,0,0,0,0,0,159,1.0,707.3396226415094,0.0,0.5307780064918994,20.957894531639546,0.9435585655232722,1.1577606741704864,0.0008342156365824862,7.305567596553752e-07,143,258
2025-06-19,66.59054004351111,2.545932675998069,0,0,0,0,0,0,159,1.0,708.3396226415094,0.0,0.5316075868313541,20.990710239924915,0.9425600261558312,1.1691983697724186,0.0008301621873671144,5.818479123994376e-07,143,258
2025-06-20,65.33255101721717,2.535013055999084,0,0,0,0,0,0,159,1.0,709.3396226415094,0.0,0.5324433094518884,21.02377202771608,0.9416929983545866,1.1790761439002062,0.0008361844486008498,4.6182806650110885e-07,145,256
2025-06-21,64.28482511768256,2.525918565946403,0,0,0,0,0,0,159,1.0,710.3396226415094,0.0,0.5332759801114912,21.05671415539892,0.9409654637275173,1.1873698612438464,0.0008330415278242145,3.7086822140202713e-07,145,256
2025-06-22,63.41912713254185,2.5182655365016156,0,0,0,0,0,0,159,1.0,711.3396226415094,0.0,0.5341059447405385,21.089550159768997,0.9403468134382541,1.1943490390394071,0.0008302589584175361,2.9432937036683616e-07,145,256
2025-06-23,62.70945201296719,2.5119857369657823,0,0,0,0,0,0,159,1.0,712.3396226415094,0.0,0.53493354146623,21.122293274988895,0.939834782830681,1.2000759002513304,0.0008278282525720737,2.3152688053486684e-07,145,256
2025-06-24,62.13221868101055,2.5068778932354547,0,0,0,0,0,0,159,1.0,713.3396226415094,0.0,0.535759063279018,21.154954969822676,0.9394153915137586,1.2047339967349626,0.000825702259170084,1.8044638201127378e-07,145,256
2025-06-25,61.66634948073634,2.5023490447707464,0,0,0,0,0,0,159,1.0,714.3396226415094,0.0,0.5365826513572054,21.187540768940544,0.9390413509234842,1.2088640786681872,0.0008237232355601735,1.3515737285593296e-07,145,256
2025-06-26,61.29325600324493,2.4987220957864924,0,0,0,0,0,0,159,1.0,715.3396226415094,0.0,0.5374132336279754,21.220405419163004,0.9387411980786448,1.2121877479206642,0.0008306831000058762,1.0082923577616472e-07,147,254
2025-06-27,60.99675169241121,2.4933311581361868,0,0,0,0,0,0,159,1.0,716.3396226415094,0.0,0.5382544719786766,21.253694758079227,0.9382976003408838,1.2172190332048551,0.0008412990648314719,6.071413044752379e-08,150,251
2025-06-28,60.7629103846519,2.489079537285712,0,0,0,0,0,0,159,1.0,717.3396226415094,0.0,0.5391022740002227,21.287245936533235,0.9379490652540048,1.2212494360539106,0.0008478384641077871,3.644256160296001e-08,152,249
2025-06-29,60.57988802092092,2.4856120774829593,0,0,0,0,0,0,159,1.0,718.3396226415094,0.0,0.5399525985312789,21.320898196949578,0.9376655894812864,1.2245761141201712,0.0008503457738478755,2.1242791698432038e-08,153,248
2025-06-30,60.43772244291014,2.482918672059499,0,0,0,0,0,0,159,1.0,719.3396226415094,0.0,0.5408096428615995,21.354818260948342,0.9374459472657372,1.22718620019357,0.0008570567122569121,1.2381936268512451e-08,155,246
2025-07-01,60.32812366772743,2.4808422627091335,0,0,0,0,0,0,159,1.0,720.3396226415094,0.0,0.5416694737828516,21.38884968700965,0.93727689107979,1.229212937216196,0.000859838105378124,7.184126108224465e-09,156,245
2025-07-02,60.24426450723618,2.479210524125023,0,0,0,0,0,0,159,1.0,721.3396226415094,0.0,0.5425282427912184,21.422839427468332,0.93714416675039,1.2308138882798514,0.0008587730197265968,4.01135974829999e-09,156,245
2025-07-03,60.18057899922423,2.4779713261642633,0,0,0,0,0,0,159,1.0,722.3396226415094,0.0,0.5433898964697789,21.45694429736003,0.9370435923746698,1.232037223011807,0.0008616560836774749,2.405116993521097e-09,157,244
2025-07-04,60.13257394604026,2.4770267789401763,0,0,0,0,0,0,159,1.0,723.3396226415094,0.0,0.5442544568953794,21.491165127947134,0.9369668512140024,1.232970244826743,0.0008645616662106104,1.240609967199346e-09,158,243
2025-07-05,60.09665697308529,2.476320076731719,0,0,0,0,0,0,159,1.0,724.3396226415094,0.0,0.5451182265250676,21.52535490451006,0.9369096003754983,1.2336725023672226,0.0008637704377181185,8.080300813740258e-10,158,243
2025-07-06,60.06998295302586,2.4757914942141146,0,0,0,0,0,0,159,1.0,725.3396226415094,0.0,0.5459812512792551,21.559515424418564,0.9368667435517414,1.2341977604664773,0.0008630252386673348,4.844798870044206e-10,158,243
2025-07-07,60.05031939418538,2.4754018336599946,0,0,0,0,0,0,159,1.0,726.3396226415094,0.0,0.5468435661374129,21.59364805632823,0.9368351307953977,1.2345849703252885,0.0008623151041233123,2.459654535988176e-10,158,243
2025-07-08,60.03593044612393,2.4751166967974196,0,0,0,0,0,0,159,1.0,727.3396226415094,0.0,0.5477051964349545,21.627753790990244,0.9368119874216959,1.2348683138742624,0.0008616303689726327,7.143098406780948e-11,158,243
2025-07-09,60.02547850148421,2.4749087616961023,0,0,0,0,0,0,159,1.0,728.3396226415094,0.0,0.5485696439775798,21.661971813184422,0.9367951361480173,1.2350755150334574,0.0008644475426251812,0.0,159,242
2025-07-10,60.017941932537155,2.474758826226521,0,0,0,0,0,0,159,1.0,729.3396226415094,0.0,0.5494334494748286,21.69616460716709,0.9367830113834045,1.2352254505030387,0.0008638054972490251,0.0,159,242
2025-07-11,60.01254725208446,2.474651340191919,0,0,0,0,0,0,159,1.0,730.3396226415094,0.0,0.550296620838465,21.73033248095565,0.9367743178364724,1.235332936537641,0.0008631713636362324,0.0,159,242
2025-07-12,60.00871389040611,2.474574962573334,0,0,0,0,0,0,159,1.0,731.3396226415094,0.0,0.5511591627781027,21.764475617086426,0.9367681395879861,1.235409314156226,0.0008625419396377896,0.0,159,242
2025-07-13,60.00600979460894,2.4745210849550077,0,0,0,0,0,0,159,1.0,732.3396226415094,0.0,0.5520210775726948,21.798594102847247,0.9367637809970746,1.2354631917745522,0.0008619147945920585,0.0,159,242
2025-07-14,60.0041161503721,2.4744833265120905,0,0,0,0,0,0,159,1.0,733.3396226415094,0.0,0.5528823657011678,21.8326879549906,0.9367607262247171,1.2355009502174694,0.0008612881284728856,0.0,159,242
2025-07-15,60.002799670367025,2.474457076473062,0,0,0,0,0,0,159,1.0,734.3396226415094,0.0,0.553743026344686,21.8667571394163,0.9367586024246669,1.2355272002564979,0.0008606606435182538,0.0,159,242
2025-07-16,60.001891065776555,2.4744389549839196,0,0,0,0,0,0,159,1.0,735.3396226415094,0.0,0.5546030577363454,21.90080158487531,0.9367571362333069,1.23554532174564,0.0008600313916594157,0.0,159,242
2025-07-17,60.0012684998953,2.4744265383386863,0,0,0,0,0,0,159,1.0,736.3396226415094,0.0,0.5554624574333067,21.934821193634143,0.9367561315942425,1.2355577383908736,0.0008593996969613838,0.0,159,242
2025-07-18,60.00084500310044,2.474418090957562,0,0,0,0,0,0,159,1.0,737.3396226415094,0.0,0.5563212225129028,21.968815849159967,0.9367554481012971,1.235566185771998,0.0008587650795959435,0.0,159,242
2025-07-19,60.00055899797581,2.4744123860872524,0,0,0,0,0,0,159,1.0,738.3396226415094,0.0,0.557179349717854,22.0027854218114,0.9367549865054408,1.2355718906423072,0.0008581272049513926,0.0,159,242
2025-07-20,60.00036723683363,2.474408561077306,0,0,0,0,0,0,159,1.0,739.3396226415094,0.0,0.5580368355603109,22.0367297729157,0.9367546770119582,1.235575715652254,0.0008574858424569329,0.0,159,242
2025-07-21,60.000239588682426,2.4744060147703637,0,0,0,0,0,0,159,1.0,740.3396226415094,0.0,0.5588936763966654,22.070648757700564,0.936754470981431,1.235578261959196,0.0008568408363543731,0.0,159,242
2025-07-22,60.00015522813167,2.474404331958243,0,0,0,0,0,0,159,1.0,741.3396226415094,0.0,0.5597498684808125,22.104542227381366,0.9367543348188735,1.2355799447713167,0.0008561920841472858,0.0,159,242
2025-07-23,60.000099875422045,2.474403227773545,0,0,0,0,0,0,159,1.0,742.3396226415094,0.0,0.5606054080015256,22.138410030625806,0.9367542454750333,1.2355810489560148,0.0008555395207128846,0.0,159,242
2025-07-24,60.000063816192764,2.474402508458277,0,0,0,0,0,0,159,1.0,743.3396226415094,0.0,0.561460291108605,22.172252014578696,0.9367541872723901,1.2355817682712829,0.0008548831070792726,0.0,159,242
2025-07-25,60.00004049367755,2.474402043213772,0,0,0,0,0,0,159,1.0,744.3396226415094,0.0,0.5623145139309661,22.206068025570787,0.936754149627587,1.2355822335157873,0.0008542228223614273,0.0,159,242
2025-07-26,60.000025516882616,2.47440174445219,0,0,0,0,0,0,159,1.0,745.3396226415094,0.0,0.5631680725890631,22.239857909605576,0.9367541254535737,1.2355825322773697,0.0008535586580966833,0.0,159,242
2025-07-27,60.00001596805712,2.474401553969344,0,0,0,0,0,0,159,1.0,746.3396226415094,0.0,0.5640209632033363,22.27362151269049,0.936754110040828,1.2355827227602154,0.0008528906142733913,0.0,159,242
2025-07-28,60.00000992340246,2.474401433388418,0,0,0,0,0,0,159,1.0,747.3396226415094,0.0,0.564873181899919,22.307358681060382,0.9367541002841303,1.2355828433411418,0.000852218696582652,0.0,159,242
2025-07-29,60.000006124254064,2.4744013576016517,0,0,0,0,0,0,159,1.0,748.3396226415094,0.0,0.5657247248144487,22.341069261327007,0.9367540941519106,1.235582919127908,0.0008515429145297092,0.0,159,242
2025-07-30,60.000003753443295,2.4744013103078393,0,0,0,0,0,0,159,1.0,749.3396226415094,0.0,0.5665755880945957,22.374753100578047,0.9367540903251733,1.2355829664217202,0.000850863280147107,0.0,159,242
2025-07-31,60.000002284496965,2.474401281004753,0,0,0,0,0,0,159,1.0,750.3396226415094,0.0,0.567425767901722,22.408410046442146,0.9367540879541396,1.2355829957248066,0.000850179807126145,0.0,159,242
2025-08-01,60.00000138081462,2.4744012629777585,0,0,0,0,0,0,159,1.0,751.3396226415094,0.0,0.5682752604119572,22.442039947131093,0.936754086495501,1.2355830137518011,0.0008494925102351074,0.0,159,242
2025-08-02,60.00000082882766,2.474401251966515,0,0,0,0,0,0,159,1.0,752.3396226415094,0.0,0.5691240618168899,22.47564265146691,0.9367540856045359,1.2355830247630446,0.0008488014049329439,0.0,159,242
2025-08-03,60.00000049405712,2.474401245288386,0,0,0,0,0,0,159,1.0,753.3396226415094,0.0,0.5699721683240048,22.50921800889893,0.9367540850641807,1.235583031441174,0.0008481065071147542,0.0,159,242
2025-08-04,60.00000029246517,2.4744012412669534,0,0,0,0,0,0,159,1.0,754.3396226415094,0.0,0.5708195761569502,22.542765869514383,0.9367540847387902,1.2355830354626065,0.0008474078329454382,0.0,159,242
2025-08-05,60.000000171931404,2.4744012388625,0,0,0,0,0,0,159,1.0,755.3396226415094,0.0,0.5716662815557019,22.576286084044746,0.9367540845442359,1.2355830378670598,0.0008467053987517816,0.0,159,242
2025-08-06,60.00000010037379,2.4744012374350413,0,0,0,0,0,0,159,1.0,756.3396226415094,0.0,0.572512280776655,22.609778503869336,0.936754084428734,1.2355830392945186,0.0008459992209529417,0.0,159,242
2025-08-07,60.00000005819283,2.4744012365935997,0,0,0,0,0,0,159,1.0,757.3396226415094,0.0,0.5733575700926709,22.643242981017227,0.9367540843606499,1.23558304013596,0.0008452893160159488,0.0,159,242
2025-08-08,60.00000003350447,2.474401236101106,0,0,0,0,0,0,159,1.0,758.3396226415094,0.0,0.5742021457930981,22.67667936816799,0.9367540843208001,1.2355830406284536,0.0008445757004273717,0.0,159,242
2025-08-09,60.00000001915667,2.4744012358148906,0,0,0,0,0,0,159,1.0,759.3396226415094,0.0,0.5750460041837735,22.710087518651758,0.9367540842976413,1.235583040914669,0.000843858390675332,0.0,159,242
2025-08-10,60.00000001087731,2.4744012356497316,0,0,0,0,0,0,159,1.0,760.3396226415094,0.0,0.5758891415870117,22.743467286448848,0.9367540842842773,1.2355830410798283,0.0008431374032380971,0.0,159,242
2025-08-11,60.00000000613348,2.4744012355551006,0,0,0,0,0,0,159,1.0,761.3396226415094,0.0,0.5767315543415884,22.776818526189082,0.9367540842766204,1.235583041174459,0.0008424127545768169,0.0,159,242
2025-08-12,60.0000000034346,2.474401235501263,0,0,0,0,0,0,159,1.0,762.3396226415094,0.0,0.5775732388027194,22.81014109315094,0.9367540842722643,1.2355830412282969,0.0008416844611308558,0.0,159,242
2025-08-13,60.00000000190999,2.474401235470848,0,0,0,0,0,0,159,1.0,763.3396226415094,0.0,0.578414191342034,22.843434843260574,0.9367540842698033,1.2355830412587117,0.000840952539314732,0.0,159,242
2025-08-14,60.000000001054794,2.4744012354537874,0,0,0,0,0,0,159,1.0,764.3396226415094,0.0,0.57925440834755,22.876699633090773,0.9367540842684227,1.2355830412757722,0.0008402170055160504,0.0,159,242
2025-08-15,60.00000000057848,2.474401235444286,0,0,0,0,0,0,159,1.0,765.3396226415094,0.0,0.5800938862236441,22.909935319859837,0.9367540842676543,1.2355830412852735,0.0008394778760940438,0.0,159,242
2025-08-16,60.00000000031506,2.4744012354390317,0,0,0,0,0,0,159,1.0,766.3396226415094,0.0,0.5809326213910225,22.943141761430407,0.9367540842672286,1.2355830412905278,0.0008387351673784877,0.0,159,242
2025-08-17,60.00000000017041,2.474401235436145,0,0,0,0,0,0,159,1.0,767.3396226415094,0.0,0.5817706102866914,22.97631881630832,0.9367540842669951,1.2355830412934146,0.0008379888956688409,0.0,159,242
2025-08-18,60.00000000009153,2.4744012354345712,0,0,0,0,0,0,159,1.0,768.3396226415094,0.0,0.5826078493639251,23.009466343641336,0.9367540842668679,1.2355830412949884,0.0008372390772335293,0.0,159,242
2025-08-19,60.00000000004882,2.474401235433719,0,0,0,0,0,0,159,1.0,769.3396226415094,0.0,0.5834443350922344,23.042584203217935,0.9367540842667988,1.2355830412958406,0.0008364857283093131,0.0,159,242
2025-08-20,60.000000000025864,2.4744012354332616,0,0,0,0,0,0,159,1.0,770.3396226415094,0.0,0.584280063957335,23.075672255466046,0.9367540842667619,1.235583041296298,0.0008357288651007108,0.0,159,242
2025-08-21,60.00000000001361,2.4744012354330174,0,0,0,0,0,0,159,1.0,771.3396226415094,0.0,0.5851150324611145,23.108730361451737,0.9367540842667424,1.2355830412965425,0.000834968503779461,0.0,159,242
2025-08-22,60.000000000007105,2.474401235432887,0,0,0,0,0,0,159,1.0,772.3396226415094,0.0,0.5859492371215985,23.141758382877946,0.9367540842667317,1.235583041296673,0.0008342046604840082,0.0,159,242
2025-08-23,60.00000000000369,2.4744012354328184,0,0,0,0,0,0,159,1.0,773.3396226415094,0.0,0.5867826744729175,23.174756182083115,0.9367540842667264,1.2355830412967412,0.0008334373513190105,0.0,159,242
2025-08-24,60.0000000000019,2.4744012354327842,0,0,0,0,0,0,159,1.0,774.3396226415094,0.0,0.5876153410652724,23.207723622039875,0.9367540842667231,1.2355830412967757,0.0008326665923548625,0.0,159,242
2025-08-25,60.00000000000097,2.4744012354327665,0,0,0,0,0,0,159,1.0,775.3396226415094,0.0,0.5884472334648997,23.240660566353665,0.936754084266722,1.2355830412967932,0.0008318923996272286,0.0,159,242
2025-08-26,60.0000000000005,2.474401235432757,0,0,0,0,0,0,159,1.0,776.3396226415094,0.0,0.5892783482540361,23.273566879261367,0.9367540842667214,1.2355830412968025,0.0008311147891365942,0.0,159,242
2025-08-27,60.00000000000025,2.474401235432752,0,0,0,0,0,0,159,1.0,777.3396226415094,0.0,0.5901086820308841,23.30644242562987,0.9367540842667209,1.2355830412968078,0.0008303337768478256,0.0,159,242
2025-08-28,60.00000000000013,2.474401235432749,0,0,0,0,0,0,159,1.0,778.3396226415094,0.0,0.5909382314095737,23.339287070954718,0.9367540842667206,1.2355830412968107,0.0008295493786897429,0.0,159,242
2025-08-29,60.000000000000064,2.474401235432749,0,0,0,0,0,0,159,1.0,779.3396226415094,0.0,0.5917669930201284,23.37210068135862,0.9367540842667206,1.2355830412968107,0.0008287616105547025,0.0,159,242
2025-08-30,60.00000000000003,2.474401235432749,0,0,0,0,0,0,159,1.0,780.3396226415094,0.0,0.5925949635084266,23.404883123590018,0.9367540842667206,1.2355830412968107,0.0008279704882981909,0.0,159,242
2025-08-31,60.000000000000014,2.4744012354327474,0,0,0,0,0,0,159,1.0,781.3396226415094,0.0,0.5934221395361652,23.43763426502164,0.9367540842667202,1.2355830412968125,0.0008271760277384304,0.0,159,242
2025-09-01,60.00000000000001,2.4744012354327465,0,0,0,0,0,0,159,1.0,782.3396226415094,0.0,0.594248517780821,23.470353973649004,0.9367540842667202,1.2355830412968132,0.0008263782446559982,0.0,159,242
2025-09-02,60.00000000000001,2.4744012354327465,0,0,0,0,0,0,159,1.0,783.3396226415094,0.0,0.5950740949356145,23.50304211808893,0.9367540842667202,1.2355830412968132,0.0008255771547934521,0.0,159,242
2025-09-03,60.0,2.474401235432747,0,0,0,0,0,0,159,1.0,784.3396226415094,0.0,0.5958988677094695,23.53569856757803,0.9367540842667202,1.2355830412968127,0.0008247727738549683,0.0,159,242
2025-09-04,60.0,2.474401235432747,0,0,0,0,0,0,159,1.0,785.3396226415094,0.0,0.5967228328269756,23.568323191971196,0.9367540842667202,1.2355830412968127,0.000823965117505991,0.0,159,242
2025-09-05,60.0,2.474401235432747,0,0,0,0,0,0,159,1.0,786.3396226415094,0.0,0.5975459870283485,23.600915861740035,0.9367540842667202,1.2355830412968127,0.0008231542013728944,0.0,159,242
2025-09-06,60.0,2.474401235432747,0,0,0,0,0,0,159,1.0,787.3396226415094,0.0,0.598368327069391,23.63347644797137,0.9367540842667202,1.2355830412968127,0.0008223400410426527,0.0,159,242
2025-09-07,60.0,2.474401235432747,0,0,0,0,0,0,159,1.0,788.3396226415094,0.0,0.5991898497214535,23.666004822365622,0.9367540842667202,1.2355830412968127,0.0008215226520625226,0.0,159,242
2025-09-08,60.0,2.474401235432747,0,0,0,0,0,0,159,1.0,789.3396226415094,0.0,0.6000105517713932,23.6985008572353,0.9367540842667202,1.2355830412968127,0.0008207020499397343,0.0,159,242
2025-09-09,60.0,2.474401235432747,0,0,0,0,0,0,159,1.0,790.3396226415094,0.0,0.6008304300215345,23.730964425503355,0.9367540842667202,1.2355830412968127,0.0008198782501411989,0.0,159,242
2025-09-10,60.0,2.474401235432747,0,0,0,0,0,0,159,1.0,791.3396226415094,0.0,0.6016494812896278,23.76339540070163,0.9367540842667202,1.2355830412968127,0.0008190512680932189,0.0,159,242
2025-09-11,60.0,2.474401235432747,0,0,0,0,0,0,159,1.0,792.3396226415094,0.0,0.6024677024088089,23.795793656969217,0.9367540842667202,1.2355830412968127,0.0008182211191812151,0.0,159,242
2025-09-12,60.0,2.474401235432747,0,0,0,0,0,0,159,1.0,793.3396226415094,0.0,0.6032850902275584,23.828159069050876,0.9367540842667202,1.2355830412968127,0.0008173878187494627,0.0,159,242
2025-09-13,60.0,2.474401235432747,0,0,0,0,0,0,159,1.0,794.3396226415094,0.0,0.6041016416096592,23.860491512295386,0.9367540842667202,1.2355830412968127,0.0008165513821008365,0.0,159,242
2025-09-14,60.0,2.474401235432747,0,0,0,0,0,0,159,1.0,795.3396226415094,0.0,0.6049173534341558,23.8927908626539,0.9367540842667202,1.2355830412968127,0.0008157118244965691,0.0,159,242
2025-09-15,60.0,2.474401235432747,0,0,0,0,0,0,159,1.0,796.3396226415094,0.0,0.6057322225953118,23.925056996678325,0.9367540842667202,1.2355830412968127,0.0008148691611560162,0.0,159,242
2025-09-16,60.0,2.474401235432747,0,0,0,0,0,0,159,1.0,797.3396226415094,0.0,0.6065462460025682,23.95728979151965,0.9367540842667202,1.2355830412968127,0.0008140234072564387,0.0,159,242
2025-09-17,60.0,2.474401235432747,0,0,0,0,0,0,159,1.0,798.3396226415094,0.0,0.607359420580501,23.989489124926283,0.9367540842667202,1.2355830412968127,0.0008131745779327869,0.0,159,242
2025-09-18,60.0,2.474401235432747,0,0,0,0,0,0,159,1.0,799.3396226415094,0.0,0.6081717432687785,24.021654875242398,0.9367540842667202,1.2355830412968127,0.0008123226882775022,0.0,159,242
2025-09-19,60.0,2.474401235432747,0,0,0,0,0,0,159,1.0,800.3396226415094,0.0,0.6089832110221188,24.053786921406207,0.9367540842667202,1.2355830412968127,0.0008114677533403252,0.0,159,242
2025-09-20,60.0,2.474401235432747,0,0,0,0,0,0,159,1.0,801.3396226415094,0.0,0.609793820810247,24.08588514294835,0.9367540842667202,1.2355830412968127,0.0008106097881281159,0.0,159,242
2025-09-21,60.0,2.474401235432747,0,0,0,0,0,0,159,1.0,802.3396226415094,0.0,0.6106035696178517,24.117949419990143,0.9367540842667202,1.2355830412968127,0.0008097488076046841,0.0,159,242
2025-09-22,60.0,2.474401235432747,0,0,0,0,0,0,159,1.0,803.3396226415094,0.0,0.6114124544445424,24.149979633241898,0.9367540842667202,1.2355830412968127,0.0008088848266906282,0.0,159,242
2025-09-23,60.0,2.474401235432747,0,0,0,0,0,0,159,1.0,804.3396226415094,0.0,0.6122204723048055,24.181975664001218,0.9367540842667202,1.2355830412968127,0.0008080178602631879,0.0,159,242
2025-09-24,60.0,2.474401235432747,0,0,0,0,0,0,159,1.0,805.3396226415094,0.0,0.6130276202279615,24.2139373941513,0.9367540842667202,1.2355830412968127,0.0008071479231561019,0.0,159,242
2025-09-25,60.0,2.474401235432747,0,0,0,0,0,0,159,1.0,806.3396226415094,0.0,0.6138338952581212,24.245864706159193,0.9367540842667202,1.2355830412968127,0.0008062750301594809,0.0,159,242
2025-09-26,60.0,2.474401235432747,0,0,0,0,0,0,159,1.0,807.3396226415094,0.0,0.6146392944541408,24.277757483074108,0.9367540842667202,1.2355830412968127,0.0008053991960196875,0.0,159,242
2025-09-27,60.0,2.474401235432747,0,0,0,0,0,0,159,1.0,808.3396226415094,0.0,0.61544381488958,24.309615608525664,0.9367540842667202,1.2355830412968127,0.0008045204354392266,0.0,159,242
2025-09-28,60.0,2.474401235432747,0,0,0,0,0,0,159,1.0,809.3396226415094,0.0,0.6162474536526567,24.341438966722187,0.9367540842667202,1.2355830412968127,0.0008036387630766465,0.0,159,242
2025-09-29,60.0,2.474401235432747,0,0,0,0,0,0,159,1.0,810.3396226415094,0.0,0.617050207846203,24.373227442448965,0.9367540842667202,1.2355830412968127,0.0008027541935464484,0.0,159,242
2025-09-30,60.0,2.474401235432747,0,0,0,0,0,0,159,1.0,811.3396226415094,0.0,0.6178520745876221,24.40498092106651,0.9367540842667202,1.2355830412968127,0.0008018667414190079,0.0,159,242
2025-10-01,60.0,2.474401235432747,0,0,0,0,0,0,159,1.0,812.3396226415094,0.0,0.6186530510088426,24.436699288508834,0.9367540842667202,1.2355830412968127,0.0008009764212205035,0.0,159,242
2025-10-02,60.0,2.474401235432747,0,0,0,0,0,0,159,1.0,813.3396226415094,0.0,0.6194531342562754,24.46838243128169,0.9367540842667202,1.2355830412968127,0.0008000832474328583,0.0,159,242
2025-10-03,60.0,2.474401235432747,0,0,0,0,0,0,159,1.0,814.3396226415094,0.0,0.6202523214907691,24.500030236460862,0.9367540842667202,1.2355830412968127,0.0007991872344936869,0.0,159,242
2025-10-04,60.0,2.474401235432747,0,0,0,0,0,0,159,1.0,815.3396226415094,0.0,0.6210506098875656,24.531642591690378,0.9367540842667202,1.2355830412968127,0.0007982883967962557,0.0,159,242
2025-10-05,60.0,2.474401235432747,0,0,0,0,0,0,159,1.0,816.3396226415094,0.0,0.6218479966362548,24.5632193851808,0.9367540842667202,1.2355830412968127,0.0007973867486894506,0.0,159,242
2025-10-06,60.0,2.474401235432747,0,0,0,0,0,0,159,1.0,817.3396226415094,0.0,0.6226444789407327,24.59476050570747,0.9367540842667202,1.2355830412968127,0.0007964823044777558,0.0,159,242
2025-10-07,60.0,2.474401235432747,0,0,0,0,0,0,159,1.0,818.3396226415094,0.0,0.6234400540191537,24.626265842608767,0.9367540842667202,1.2355830412968127,0.0007955750784212385,0.0,159,242
2025-10-08,60.0,2.474401235432747,0,0,0,0,0,0,159,1.0,819.3396226415094,0.0,0.6242347191038893,24.657735285784334,0.9367540842667202,1.2355830412968127,0.0007946650847355479,0.0,159,242
2025-10-09,60.0,2.474401235432747,0,0,0,0,0,0,159,1.0,820.3396226415094,0.0,0.6250284714414812,24.689168725693378,0.9367540842667202,1.2355830412968127,0.0007937523375919179,0.0,159,242
2025-10-10,60.0,2.474401235432747,0,0,0,0,0,0,159,1.0,821.3396226415094,0.0,0.6258213082925984,24.72056605335289,0.9367540842667202,1.2355830412968127,0.0007928368511171852,0.0,159,242
2025-10-11,60.0,2.474401235432747,0,0,0,0,0,0,159,1.0,822.3396226415094,0.0,0.6266132269319924,24.751927160335917,0.9367540842667202,1.2355830412968127,0.0007919186393938095,0.0,159,242
2025-10-12,60.0,2.474401235432747,0,0,0,0,0,0,159,1.0,823.3396226415094,0.0,0.6274042246484521,24.783251938769812,0.9367540842667202,1.2355830412968127,0.0007909977164599081,0.0,159,242
2025-10-13,60.0,2.474401235432747,0,0,0,0,0,0,159,1.0,824.3396226415094,0.0,0.6281942987447615,24.8145402813345,0.9367540842667202,1.2355830412968127,0.0007900740963092975,0.0,159,242
2025-10-14,60.0,2.474401235432747,0,0,0,0,0,0,159,1.0,825.3396226415094,0.0,0.628983446537653,24.845792081260722,0.9367540842667202,1.2355830412968127,0.0007891477928915434,0.0,159,242
2025-10-15,60.0,2.474401235432747,0,0,0,0,0,0,159,1.0,826.3396226415094,0.0,0.6297716653577652,24.877007232328324,0.9367540842667202,1.2355830412968127,0.0007882188201120187,0.0,159,242
2025-10-16,60.0,2.474401235432747,0,0,0,0,0,0,159,1.0,827.3396226415094,0.0,0.630558952549597,24.90818562886451,0.9367540842667202,1.2355830412968127,0.0007872871918319737,0.0,159,242
2025-10-17,60.0,2.474401235432747,0,0,0,0,0,0,159,1.0,828.3396226415094,0.0,0.6313453054714656,24.9393271657421,0.9367540842667202,1.2355830412968127,0.0007863529218686112,0.0,159,242
2025-10-18,60.0,2.474401235432747,0,0,0,0,0,0,159,1.0,829.3396226415094,0.0,0.6321307214954608,24.97043173837783,0.9367540842667202,1.2355830412968127,0.0007854160239951711,0.0,159,242
2025-10-19,60.0,2.474401235432747,0,0,0,0,0,0,159,1.0,830.3396226415094,0.0,0.6329151980074018,25.001499242730592,0.9367540842667202,1.2355830412968127,0.0007844765119410246,0.0,159,242
2025-10-20,60.0,2.474401235432747,0,0,0,0,0,0,159,1.0,831.3396226415094,0.0,0.6336987324067935,25.032529575299755,0.9367540842667202,1.2355830412968127,0.0007835343993917749,0.0,159,242
2025-10-21,60.0,2.474401235432747,0,0,0,0,0,0,159,1.0,832.3396226415094,0.0,0.634481322106783,25.063522633123412,0.9367540842667202,1.2355830412968127,0.0007825896999893684,0.0,159,242
2025-10-22,60.0,2.474401235432747,0,0,0,0,0,0,159,1.0,833.3396226415094,0.0,0.6352629645341151,25.094478313776698,0.9367540842667202,1.2355830412968127,0.0007816424273322121,0.0,159,242
2025-10-23,60.0,2.474401235432747,0,0,0,0,0,0,159,1.0,834.3396226415094,0.0,0.6360436571290905,25.125396515370067,0.9367540842667202,1.2355830412968127,0.0007806925949753,0.0,159,242
2025-10-24,60.0,2.474401235432747,0,0,0,0,0,0,159,1.0,835.3396226415094,0.0,0.6368233973455207,25.156277136547605,0.9367540842667202,1.2355830412968127,0.0007797402164303472,0.0,159,242
2025-10-25,60.0,2.474401235432747,0,0,0,0,0,0,159,1.0,836.3396226415094,0.0,0.6376021826506867,25.187120076485314,0.9367540842667202,1.2355830412968127,0.0007787853051659324,0.0,159,242
2025-10-26,60.0,2.474401235432747,0,0,0,0,0,0,159,1.0,837.3396226415094,0.0,0.6383800105252944,25.217925234889464,0.9367540842667202,1.2355830412968127,0.0007778278746076475,0.0,159,242
2025-10-27,60.0,2.474401235432747,0,0,0,0,0,0,159,1.0,838.3396226415094,0.0,0.6391568784634326,25.248692511994854,0.9367540842667202,1.2355830412968127,0.000776867938138256,0.0,159,242
2025-10-28,60.0,2.474401235432747,0,0,0,0,0,0,159,1.0,839.3396226415094,0.0,0.6399327839725305,25.279421808563185,0.9367540842667202,1.2355830412968127,0.0007759055090978579,0.0,159,242
2025-10-29,60.0,2.474401235432747,0,0,0,0,0,0,159,1.0,840.3396226415094,0.0,0.6407077245733146,25.31011302588137,0.9367540842667202,1.2355830412968127,0.0007749406007840622,0.0,159,242
2025-10-30,60.0,2.474401235432747,0,0,0,0,0,0,159,1.0,841.3396226415094,0.0,0.6414816977997667,25.34076606575988,0.9367540842667202,1.2355830412968127,0.0007739732264521686,0.0,159,242
2025-10-31,60.0,2.474401235432747,0,0,0,0,0,0,159,1.0,842.3396226415094,0.0,0.6422547011990821,25.371380830531077,0.9367540842667202,1.2355830412968127,0.0007730033993153541,0.0,159,242
2025-11-01,60.0,2.474401235432747,0,0,0,0,0,0,159,1.0,843.3396226415094,0.0,0.643026732331627,25.40195722304758,0.9367540842667202,1.2355830412968127,0.0007720311325448689,0.0,159,242
2025-11-02,60.0,2.474401235432747,0,0,0,0,0,0,159,1.0,844.3396226415094,0.0,0.6437977887708972,25.432495146680623,0.9367540842667202,1.2355830412968127,0.000771056439270238,0.0,159,242
2025-11-03,60.0,2.474401235432747,0,0,0,0,0,0,159,1.0,845.3396226415094,0.0,0.6445678681034767,25.462994505318434,0.9367540842667202,1.2355830412968127,0.0007700793325794707,0.0,159,242
2025-11-04,60.0,2.474401235432747,0,0,0,0,0,0,159,1.0,846.3396226415094,0.0,0.645336967928996,25.493455203364583,0.9367540842667202,1.2355830412968127,0.0007690998255192782,0.0,159,242
2025-11-05,60.0,2.474401235432747,0,0,0,0,0,0,159,1.0,847.3396226415094,0.0,0.6461050858600914,25.52387714573642,0.9367540842667202,1.2355830412968127,0.0007681179310952953,0.0,159,242
2025-11-06,60.0,2.474401235432747,0,0,0,0,0,0,159,1.0,848.3396226415094,0.0,0.6468722195223636,25.55426023786341,0.9367540842667202,1.2355830412968127,0.0007671336622723103,0.0,159,242
2025-11-07,60.0,2.474401235432747,0,0,0,0,0,0,159,1.0,849.3396226415094,0.0,0.6476383665543382,25.58460438568561,0.9367540842667202,1.2355830412968127,0.0007661470319745032,0.0,159,242
2025-11-08,60.0,2.474401235432747,0,0,0,0,0,0,159,1.0,850.3396226415094,0.0,0.6484035246074238,25.614909495652007,0.9367540842667202,1.2355830412968127,0.0007651580530856886,0.0,159,242
2025-11-09,60.0,2.474401235432747,0,0,0,0,0,0,159,1.0,851.3396226415094,0.0,0.6491676913458733,25.645175474719014,0.9367540842667202,1.2355830412968127,0.0007641667384495652,0.0,159,242
2025-11-10,60.0,2.474401235432747,0,0,0,0,0,0,159,1.0,852.3396226415094,0.0,0.6499308644467433,25.675402230348865,0.9367540842667202,1.2355830412968127,0.0007631731008699716,0.0,159,242
2025-11-11,60.0,2.474401235432747,0,0,0,0,0,0,159,1.0,853.3396226415094,0.0,0.6506930415998545,25.70558967050807,0.9367540842667202,1.2355830412968127,0.0007621771531111508,0.0,159,242
2025-11-12,60.0,2.474401235432747,0,0,0,0,0,0,159,1.0,854.3396226415094,0.0,0.6514542205077525,25.73573770366587,0.9367540842667202,1.2355830412968127,0.0007611789078980169,0.0,159,242
2025-11-13,60.0,2.474401235432747,0,0,0,0,0,0,159,1.0,855.3396226415094,0.0,0.6522143988856688,25.76584623879271,0.9367540842667202,1.2355830412968127,0.0007601783779164312,0.0,159,242
2025-11-14,60.0,2.474401235432747,0,0,0,0,0,0,159,1.0,856.3396226415094,0.0,0.6529735744614824,25.79591518535873,0.9367540842667202,1.2355830412968127,0.0007591755758134837,0.0,159,242
2025-11-15,60.0,2.474401235432747,0,0,0,0,0,0,159,1.0,857.3396226415094,0.0,0.6537317449756801,25.825944453332227,0.9367540842667202,1.2355830412968127,0.0007581705141977775,0.0,159,242
2025-11-16,60.0,2.474401235432747,0,0,0,0,0,0,159,1.0,858.3396226415094,0.0,0.6544889081813198,25.85593395317818,0.9367540842667202,1.2355830412968127,0.0007571632056397245,0.0,159,242
2025-11-17,60.0,2.474401235432747,0,0,0,0,0,0,159,1.0,859.3396226415094,0.0,0.6552450618439917,25.885883595856743,0.9367540842667202,1.2355830412968127,0.0007561536626718418,0.0,159,242
2025-11-18,60.0,2.474401235432747,0,0,0,0,0,0,159,1.0,860.3396226415094,0.0,0.6560002037417807,25.915793292821807,0.9367540842667202,1.2355830412968127,0.0007551418977890562,0.0,159,242
2025-11-19,60.0,2.474401235432747,0,0,0,0,0,0,159,1.0,861.3396226415094,0.0,0.6567543316652297,25.945662956019493,0.9367540842667202,1.2355830412968127,0.0007541279234490131,0.0,159,242
2025-11-20,60.0,2.474401235432747,0,0,0,0,0,0,159,1.0,862.3396226415094,0.0,0.6575074434173022,25.97549249788674,0.9367540842667202,1.2355830412968127,0.0007531117520723923,0.0,159,242
2025-11-21,60.0,2.474401235432747,0,0,0,0,0,0,159,1.0,863.3396226415094,0.0,0.6582595368133454,26.005281831349848,0.9367540842667202,1.2355830412968127,0.0007520933960432274,0.0,159,242
2025-11-22,60.0,2.474401235432747,0,0,0,0,0,0,159,1.0,864.3396226415094,0.0,0.6590106096810547,26.03503086982306,0.9367540842667202,1.2355830412968127,0.0007510728677092308,0.0,159,242
2025-11-23,60.0,2.474401235432747,0,0,0,0,0,0,159,1.0,865.3396226415094,0.0,0.6597606598604366,26.064739527207152,0.9367540842667202,1.2355830412968127,0.0007500501793821244,0.0,159,242
2025-11-24,60.0,2.474401235432747,0,0,0,0,0,0,159,1.0,866.3396226415094,0.0,0.6605096852037748,26.094407717888036,0.9367540842667202,1.2355830412968127,0.0007490253433379746,0.0,159,242
2025-11-25,60.0,2.474401235432747,0,0,0,0,0,0,159,1.0,867.3396226415094,0.0,0.6612576835755922,26.124035356735376,0.9367540842667202,1.2355830412968127,0.0007479983718175335,0.0,159,242
2025-11-26,60.0,2.474401235432747,0,0,0,0,0,0,159,1.0,868.3396226415094,0.0,0.6620046528526188,26.15362235910122,0.9367540842667202,1.2355830412968127,0.0007469692770265815,0.0,159,242
2025-11-27,60.0,2.474401235432747,0,0,0,0,0,0,159,1.0,869.3396226415094,0.0,0.6627505909237551,26.183168640818636,0.9367540842667202,1.2355830412968127,0.0007459380711362786,0.0,159,242
2025-11-28,60.0,2.474401235432747,0,0,0,0,0,0,159,1.0,870.3396226415094,0.0,0.6634954956900386,26.212674118200383,0.9367540842667202,1.2355830412968127,0.0007449047662835181,0.0,159,242
2025-11-29,60.0,2.474401235432747,0,0,0,0,0,0,159,1.0,871.3396226415094,0.0,0.6642393650646099,26.242138708037572,0.9367540842667202,1.2355830412968127,0.0007438693745712842,0.0,159,242
2025-11-30,60.0,2.474401235432747,0,0,0,0,0,0,159,1.0,872.3396226415094,0.0,0.6649821969726789,26.271562327598353,0.9367540842667202,1.2355830412968127,0.000742831908069016,0.0,159,242
2025-12-01,60.0,2.474401235432747,0,0,0,0,0,0,159,1.0,873.3396226415094,0.0,0.6657239893514919,26.300944894626628,0.9367540842667202,1.2355830412968127,0.0007417923788129732,0.0,159,242
2025-12-02,60.0,2.474401235432747,0,0,0,0,0,0,159,1.0,874.3396226415094,0.0,0.6664647401502984,26.330286327340755,0.9367540842667202,1.2355830412968127,0.0007407507988066078,0.0,159,242
2025-12-03,60.0,2.474401235432747,0,0,0,0,0,0,159,1.0,875.3396226415094,0.0,0.6672044473303195,26.359586544432283,0.9367540842667202,1.2355830412968127,0.0007397071800209386,0.0,159,242
2025-12-04,60.0,2.474401235432747,0,0,0,0,0,0,159,1.0,876.3396226415094,0.0,0.6679431088647144,26.38884546506469,0.9367540842667202,1.2355830412968127,0.000738661534394931,0.0,159,242
2025-12-05,60.0,2.474401235432747,0,0,0,0,0,0,159,1.0,877.3396226415094,0.0,0.6686807227385503,26.41806300887216,0.9367540842667202,1.2355830412968127,0.0007376138738358787,0.0,159,242
2025-12-06,60.0,2.474401235432747,0,0,0,0,0,0,159,1.0,878.3396226415094,0.0,0.6694172869487701,26.447239095958352,0.9367540842667202,1.2355830412968127,0.0007365642102197894,0.0,159,242
2025-12-07,60.0,2.474401235432747,0,0,0,0,0,0,159,1.0,879.3396226415094,0.0,0.6701527995041617,26.47637364689518,0.9367540842667202,1.2355830412968127,0.0007355125553917772,0.0,159,242
2025-12-08,60.0,2.474401235432747,0,0,0,0,0,0,159,1.0,880.3396226415094,0.0,0.6708872584253284,26.50546658272164,0.9367540842667202,1.2355830412968127,0.0007344589211664522,0.0,159,242
2025-12-09,60.0,2.474401235432747,0,0,0,0,0,0,159,1.0,881.3396226415094,0.0,0.6716206617446566,26.53451782494262,0.9367540842667202,1.2355830412968127,0.0007334033193283204,0.0,159,242
2025-12-10,60.0,2.474401235432747,0,0,0,0,0,0,159,1.0,882.3396226415094,0.0,0.6723530075062889,26.563527295527734,0.9367540842667202,1.2355830412968127,0.0007323457616321812,0.0,159,242
2025-12-11,60.0,2.474401235432747,0,0,0,0,0,0,159,1.0,883.3396226415094,0.0,0.6730842937660924,26.592494916910212,0.9367540842667202,1.2355830412968127,0.0007312862598035314,0.0,159,242
2025-12-12,60.0,2.474401235432747,0,0,0,0,0,0,159,1.0,884.3396226415094,0.0,0.6738145185916313,26.621420611985716,0.9367540842667202,1.2355830412968127,0.0007302248255389704,0.0,159,242
2025-12-13,60.0,2.474401235432747,0,0,0,0,0,0,159,1.0,885.3396226415094,0.0,0.6745436800621379,26.650304304111266,0.9367540842667202,1.2355830412968127,0.0007291614705066095,0.0,159,242
2025-12-14,60.0,2.474401235432747,0,0,0,0,0,0,159,1.0,886.3396226415094,0.0,0.6752717762684844,26.67914591710414,0.9367540842667202,1.2355830412968127,0.0007280962063464831,0.0,159,242
2025-12-15,60.0,2.474401235432747,0,0,0,0,0,0,159,1.0,887.3396226415094,0.0,0.6759988053131554,26.707945375240776,0.9367540842667202,1.2355830412968127,0.0007270290446709625,0.0,159,242
2025-12-16,60.0,2.474401235432747,0,0,0,0,0,0,159,1.0,888.3396226415094,0.0,0.6767247653102205,26.736702603255733,0.9367540842667202,1.2355830412968127,0.0007259599970651736,0.0,159,242
2025-12-17,60.0,2.474401235432747,0,0,0,0,0,0,159,1.0,889.3396226415094,0.0,0.677449654385308,26.765417526340617,0.9367540842667202,1.2355830412968127,0.0007248890750874144,0.0,159,242
2025-12-18,60.0,2.474401235432747,0,0,0,0,0,0,159,1.0,890.3396226415094,0.0,0.6781734706755776,26.79409007014308,0.9367540842667202,1.2355830412968127,0.0007238162902695782,0.0,159,242
2025-12-19,60.0,2.474401235432747,0,0,0,0,0,0,159,1.0,891.3396226415094,0.0,0.6788962123296951,26.822720160765776,0.9367540842667202,1.2355830412968127,0.000722741654117576,0.0,159,242
2025-12-20,60.0,2.474401235432747,0,0,0,0,0,0,159,1.0,892.3396226415094,0.0,0.6796178775078069,26.8513077247654,0.9367540842667202,1.2355830412968127,0.0007216651781117627,0.0,159,242
2025-12-21,60.0,2.474401235432747,0,0,0,0,0,0,159,1.0,893.3396226415094,0.0,0.6803384643815142,26.879852689151672,0.9367540842667202,1.2355830412968127,0.0007205868737073645,0.0,159,242
2025-12-22,60.0,2.474401235432747,0,0,0,0,0,0,159,1.0,894.3396226415094,0.0,0.6810579711338492,26.908354981386395,0.9367540842667202,1.2355830412968127,0.0007195067523349095,0.0,159,242
2025-12-23,60.0,2.474401235432747,0,0,0,0,0,0,159,1.0,895.3396226415094,0.0,0.6817763959592499,26.93681452938251,0.9367540842667202,1.2355830412968127,0.0007184248254006577,0.0,159,242
2025-12-24,60.0,2.474401235432747,0,0,0,0,0,0,159,1.0,896.3396226415094,0.0,0.6824937370635369,26.96523126150317,0.9367540842667202,1.2355830412968127,0.0007173411042870351,0.0,159,242
2025-12-25,60.0,2.474401235432747,0,0,0,0,0,0,159,1.0,897.3396226415094,0.0,0.6832099926638899,26.993605106560803,0.9367540842667202,1.2355830412968127,0.0007162556003530672,0.0,159,242
2025-12-26,60.0,2.474401235432747,0,0,0,0,0,0,159,1.0,898.3396226415094,0.0,0.6839251609888247,27.02193599381626,0.9367540842667202,1.2355830412968127,0.0007151683249348165,0.0,159,242
2025-12-27,60.0,2.474401235432747,0,0,0,0,0,0,159,1.0,899.3396226415094,0.0,0.6846392402781706,27.050223852977908,0.9367540842667202,1.2355830412968127,0.0007140792893458186,0.0,159,242
2025-12-28,60.0,2.474401235432747,0,0,0,0,0,0,159,1.0,900.3396226415094,0.0,0.6853522287830481,27.07846861420078,0.9367540842667202,1.2355830412968127,0.0007129885048775214,0.0,159,242
2025-12-29,60.0,2.474401235432747,0,0,0,0,0,0,159,1.0,901.3396226415094,0.0,0.6860641247658477,27.10667020808574,0.9367540842667202,1.2355830412968127,0.0007118959827997241,0.0,159,242
2025-12-30,60.0,2.474401235432747,0,0,0,0,0,0,159,1.0,902.3396226415094,0.0,0.6867749265002089,27.13482856567863,0.9367540842667202,1.2355830412968127,0.0007108017343610189,0.0,159,242
2025-12-31,60.0,2.474401235432747,0,0,0,0,0,0,159,1.0,903.3396226415094,0.0,0.6874846322709981,27.162943618469534,0.9367540842667202,1.2355830412968127,0.0007097057707892317,0.0,159,242
