date,discharge,water_level,recruits,mortality,mortality_anoxia,mortality_shear,mortality_sediment,mortality_drought,present_cells,presence_fraction,mean_age_days,mean_effective_age_days,mean_biomass,biomass_integral_m,mean_carrying_capacity,mean_groundwater_depth_m,mean_growth_rate,mean_flood_decay_rate,growth_cells,decay_cells
2023-01-01,45.0,2.1451103773311786,0,0,0,0,0,0,10,0.06289308176100629,1.0,0.0,0.027715787943294642,1.0891622584198632,0.904146013663016,1.5648738993983808,0.00011304922343394994,0.0,259,142
2023-01-02,45.0,2.1451103773311786,0,0,0,0,0,0,10,0.06289308176100629,2.0,0.0,0.02782928809811223,1.0936334573516562,0.904146013663016,1.5648738993983808,0.00011350015481759,0.0,259,142
2023-01-03,45.0,2.1451103773311786,0,0,0,0,0,0,11,0.06918238993710692,2.8181818181818183,0.0,0.02794324086568182,1.0981225274529345,0.904146013663016,1.5648738993983808,0.00011395276756958945,0.0,259,142
2023-01-04,45.0,2.1451103773311786,0,0,0,0,0,0,11,0.06918238993710692,3.8181818181818183,0.0,0.028057647932615854,1.1026295354749607,0.904146013663016,1.5648738993983808,0.00011440706693403929,0.0,259,142
2023-01-05,45.0,2.1451103773311786,0,0,0,0,0,0,12,0.07547169811320754,4.5,0.0,0.028172510990778443,1.1071545483774696,0.904146013663016,1.5648738993983808,0.00011486305816258868,0.0,259,142
2023-01-06,45.0,2.1451103773311786,0,0,0,0,0,0,14,0.0880503144654088,4.857142857142857,0.0,0.028287831737292823,1.1116976333289688,0.904146013663016,1.5648738993983808,0.00011532074651437226,0.0,259,142
2023-01-07,45.0,2.1451103773311786,0,0,0,0,0,0,15,0.09433962264150944,5.533333333333334,0.0,0.028403611874548755,1.1162588577070358,0.904146013663016,1.5648738993983808,0.00011578013725593651,0.0,259,142
2023-01-08,45.0,2.1451103773311786,0,0,0,0,0,0,15,0.09433962264150944,6.533333333333334,0.0,0.02851985311020992,1.120838289098613,0.904146013663016,1.5648738993983808,0.00011624123566116527,0.0,259,142
2023-01-09,45.0,2.1451103773311786,0,0,0,0,0,0,17,0.1069182389937107,6.764705882352941,0.0,0.028636557157221125,1.125435995300299,0.904146013663016,1.5648738993983808,0.0001167040470112041,0.0,259,142
2023-01-10,45.0,2.1451103773311786,0,0,0,0,0,0,18,0.11320754716981132,7.388888888888889,0.0,0.028753725733815502,1.1300520443186373,0.904146013663016,1.5648738993983808,0.00011716857659438387,0.0,259,142
2023-01-11,45.0,2.1451103773311786,0,0,0,0,0,0,18,0.11320754716981132,8.38888888888889,0.0,0.028871360563521648,1.1346865043704009,0.904146013663016,1.5648738993983808,0.0001176348297061434,0.0,259,142
2023-01-12,45.0,2.1451103773311786,0,0,0,0,0,0,20,0.12578616352201258,8.549999999999999,0.0,0.0289894633751706,1.1393394438828763,0.904146013663016,1.5648738993983808,0.00011810281164895085,0.0,259,142
2023-01-13,45.0,2.1451103773311786,0,0,0,0,0,0,21,0.1320754716981132,9.142857142857142,0.0,0.02910803590290283,1.1440109314941411,0.904146013663016,1.5648738993983808,0.00011857252773222447,0.0,259,142
2023-01-14,45.0,2.1451103773311786,0,0,0,0,0,0,23,0.14465408805031446,9.347826086956522,0.0,0.029227079886175074,1.1487010360533412,0.904146013663016,1.5648738993983808,0.00011904398327225208,0.0,259,142
2023-01-15,45.0,2.1451103773311786,0,0,0,0,0,0,24,0.1509433962264151,9.958333333333334,0.0,0.029346597069767194,1.1534098266209627,0.904146013663016,1.5648738993983808,0.00011951718359210974,0.0,259,142
2023-01-16,45.0,2.1451103773311786,0,0,0,0,0,0,24,0.1509433962264151,10.958333333333334,0.0,0.02946658920378876,1.1581373724691026,0.904146013663016,1.5648738993983808,0.00011999213402157932,0.0,259,142
2023-01-17,45.0,2.1451103773311786,0,0,0,0,0,0,24,0.1509433962264151,11.958333333333334,0.0,0.02958705804368583,1.1628837430817347,0.904146013663016,1.5648738993983808,0.00012046883989706509,0.0,259,142
2023-01-18,45.0,2.1451103773311786,0,0,0,0,0,0,24,0.1509433962264151,12.958333333333334,0.0,0.029708005350247337,1.1676490081549713,0.904146013663016,1.5648738993983808,0.00012094730656150912,0.0,259,142
2023-01-19,45.0,2.1451103773311786,0,0,0,0,0,0,25,0.15723270440251572,13.44,0.0,0.02982943288961165,1.1724332375973254,0.904146013663016,1.5648738993983808,0.0001214275393643062,0.0,259,142
2023-01-20,45.0,2.1451103773311786,0,0,0,0,0,0,25,0.15723270440251572,14.44,0.0,0.02995134243327286,1.177236501529965,0.904146013663016,1.5648738993983808,0.0001219095436612169,0.0,259,142
2023-01-21,45.0,2.1451103773311786,0,0,0,0,0,0,26,0.16352201257861634,14.884615384615385,0.0,0.030073735758087146,1.1820588702869657,0.904146013663016,1.5648738993983808,0.00012239332481428036,0.0,259,142
2023-01-22,45.0,2.1451103773311786,0,0,0,0,0,0,26,0.16352201257861634,15.884615384615385,0.0,0.030196614646278867,1.186900414415561,0.904146013663016,1.5648738993983808,0.00012287888819172553,0.0,259,142
2023-01-23,45.0,2.1451103773311786,0,0,0,0,0,0,27,0.16981132075471697,16.296296296296294,0.0,0.03031998088544675,1.1917612046763884,0.904146013663016,1.5648738993983808,0.00012336623916788154,0.0,259,142
2023-01-24,45.0,2.1451103773311786,0,0,0,0,0,0,27,0.16981132075471697,17.296296296296294,0.0,0.030443836268569828,1.1966413120437296,0.904146013663016,1.5648738993983808,0.0001238553831230872,0.0,259,142
2023-01-25,45.0,2.1451103773311786,0,0,0,0,0,0,27,0.16981132075471697,18.296296296296294,0.0,0.03056818259401343,1.2015408077057508,0.904146013663016,1.5648738993983808,0.00012434632544359894,0.0,259,142
2023-01-26,45.0,2.1451103773311786,0,0,0,0,0,0,27,0.16981132075471697,19.296296296296294,0.0,0.030693021665534927,1.2064597630647367,0.904146013663016,1.5648738993983808,0.00012483907152149816,0.0,259,142
2023-01-27,45.0,2.1451103773311786,0,0,0,0,0,0,27,0.16981132075471697,20.296296296296294,0.0,0.03081835529228953,1.211398249737322,0.904146013663016,1.5648738993983808,0.0001253336267545974,0.0,259,142
2023-01-28,45.0,2.1451103773311786,0,0,0,0,0,0,28,0.1761006289308176,20.571428571428573,0.0,0.030944185288835874,1.2163563395547181,0.904146013663016,1.5648738993983808,0.0001258299965463451,0.0,259,142
2023-01-29,45.0,2.1451103773311786,0,0,0,0,0,0,30,0.18867924528301888,20.2,0.0,0.031070513475141604,1.2213341045629384,0.904146013663016,1.5648738993983808,0.00012632818630572967,0.0,259,142
2023-01-30,45.0,2.1451103773311786,0,0,0,0,0,0,31,0.1949685534591195,20.548387096774196,0.0,0.031197341676588792,1.2263316170230167,0.904146013663016,1.5648738993983808,0.00012682820144718223,0.0,259,142
2023-01-31,45.0,2.1451103773311786,0,0,0,0,0,0,31,0.1949685534591195,21.548387096774192,0.0,0.03132467172397927,1.2313489494112222,0.904146013663016,1.5648738993983808,0.00012733004739047828,0.0,259,142
2023-02-01,45.0,2.1451103773311786,0,0,0,0,0,0,32,0.20125786163522014,21.875,0.0,0.031452505453539906,1.236386174419274,0.904146013663016,1.5648738993983808,0.0001278337295606384,0.0,259,142
2023-02-02,45.0,2.1451103773311786,0,0,0,0,0,0,33,0.20754716981132076,22.212121212121215,0.0,0.03158084470692773,1.241443364954547,0.904146013663016,1.5648738993983808,0.0001283392533878276,0.0,259,142
2023-02-03,45.0,2.1451103773311786,0,0,0,0,0,0,33,0.20754716981132076,23.212121212121215,0.0,0.03170969133123498,1.2465205941402768,0.904146013663016,1.5648738993983808,0.00012884662430725363,0.0,259,142
2023-02-04,45.00000000000001,2.145110377331179,0,0,0,0,0,0,35,0.22012578616352202,22.885714285714286,0.0,0.03183904717899405,1.2516179353157595,0.904146013663016,1.5648738993983806,0.00012935584775906428,0.0,259,142
2023-02-05,45.00000000000001,2.145110377331179,0,0,0,0,0,0,36,0.22641509433962265,23.25,0.0,0.03196891410818229,1.2567354620365474,0.904146013663016,1.5648738993983806,0.0001298669291882433,0.0,259,142
2023-02-06,45.000000000000014,2.145110377331179,0,0,0,0,0,0,36,0.22641509433962265,24.25,0.0,0.0320992939822268,1.2618732480746404,0.904146013663016,1.5648738993983806,0.00013037987404450539,0.0,259,142
2023-02-07,45.00000000000003,2.145110377331179,0,0,0,0,0,0,36,0.22641509433962265,25.25,0.0,0.03223018867000899,1.2670313674186744,0.904146013663016,1.5648738993983806,0.00013089468778218981,0.0,259,142
2023-02-08,45.000000000000064,2.1451103773311795,0,0,0,0,0,0,37,0.23270440251572327,25.56756756756757,0.0,0.032361600045869146,1.2722098942741031,0.904146013663016,1.5648738993983802,0.00013141137586015323,0.0,259,142
2023-02-09,45.00000000000013,2.1451103773311804,0,0,0,0,0,0,38,0.2389937106918239,25.894736842105264,0.0,0.03249352998961081,1.2774089030633784,0.904146013663016,1.5648738993983793,0.00013192994374166083,0.0,259,142
2023-02-10,45.00000000000025,2.145110377331182,0,0,0,0,0,0,38,0.2389937106918239,26.894736842105264,0.0,0.03262598038650508,1.2826284684261244,0.9041460136630164,1.5648738993983777,0.0001324503968942766,0.0,259,142
2023-02-11,45.0000000000005,2.145110377331186,0,0,0,0,0,0,40,0.25157232704402516,26.55,0.0,0.03275895312729483,1.2878686652193072,0.9041460136630167,1.5648738993983737,0.00013297274078975265,0.0,259,142
2023-02-12,45.00000000000097,2.1451103773311937,0,0,0,0,0,0,40,0.25157232704402516,27.55,0.0,0.03289245010819875,1.293129568517401,0.9041460136630174,1.564873899398366,0.0001334969809039166,0.0,259,142
2023-02-13,45.0000000000019,2.1451103773312084,0,0,0,0,0,0,40,0.25157232704402516,28.55,0.0,0.03302647323091531,1.2984112536125498,0.9041460136630194,1.5648738993983513,0.00013402312271655864,0.0,259,142
2023-02-14,45.00000000000369,2.1451103773312363,0,0,0,0,0,0,41,0.2578616352201258,28.853658536585368,0.0,0.033161024402626624,1.303713796014724,0.9041460136630224,1.5648738993983233,0.0001345511717113169,0.0,259,142
2023-02-15,45.000000000007105,2.145110377331289,0,0,0,0,0,0,42,0.2641509433962264,29.166666666666668,0.0,0.03329610553600219,1.3090372714518723,0.9041460136630288,1.5648738993982707,0.00013508113337556147,0.0,259,142
2023-02-16,45.00000000001361,2.1451103773313895,0,0,0,0,0,0,42,0.2641509433962264,30.166666666666668,0.0,0.03343171854920246,1.3143817558700694,0.9041460136630407,1.5648738993981701,0.00013561301320027806,0.0,259,142
2023-02-17,45.000000000025864,2.14511037733158,0,0,0,0,0,0,43,0.27044025157232704,30.465116279069765,0.0,0.03356786536588242,1.3197473254336591,0.9041460136630631,1.5648738993979798,0.0001361468166799496,0.0,259,142
2023-02-18,45.00000000004882,2.1451103773319367,0,0,0,0,0,0,43,0.27044025157232704,31.465116279069765,0.0,0.03370454791519485,1.3251340565253924,0.9041460136631047,1.5648738993976232,0.00013668254931243734,0.0,259,142
2023-02-19,45.00000000009153,2.1451103773326,0,0,0,0,0,0,43,0.27044025157232704,32.46511627906977,0.0,0.03384176813179371,1.3305420257465614,0.9041460136631824,1.5648738993969595,0.00013722021659886096,0.0,259,142
2023-02-20,45.00000000017041,2.145110377333826,0,0,0,0,0,0,43,0.27044025157232704,33.46511627906977,0.0,0.03397952795583719,1.3359713099171278,0.9041460136633258,1.5648738993957338,0.00013775982404347806,0.0,259,142
2023-02-21,45.00000000031506,2.145110377336073,0,0,0,0,0,0,44,0.27672955974842767,33.70454545454545,0.0,0.03411782933299075,1.3414219860758463,0.9041460136635893,1.564873899393487,0.00013830137715356344,0.0,259,142
2023-02-22,45.00000000057848,2.1451103773401643,0,0,0,0,0,0,44,0.27672955974842767,34.70454545454545,0.0,0.03425667421443004,1.3468941314803846,0.9041460136640683,1.5648738993893956,0.0001388448814392892,0.0,259,142
2023-02-23,45.000000001054794,2.1451103773475624,0,0,0,0,0,0,44,0.27672955974842767,35.70454545454545,0.0,0.03439606455684365,1.3523878236074376,0.9041460136649351,1.5648738993819973,0.00013939034241360683,0.0,259,142
2023-02-24,45.00000000190999,2.1451103773608464,0,0,0,0,0,0,44,0.27672955974842767,36.70454545454545,0.0,0.03453600232243578,1.357903140152838,0.9041460136664909,1.5648738993687132,0.0001399377655921339,0.0,259,142
2023-02-25,45.0000000034346,2.1451103773845284,0,0,0,0,0,0,45,0.2830188679245283,36.88888888888889,0.0,0.03467648947892884,1.3634401590316616,0.9041460136692648,1.5648738993450313,0.0001404871564930493,0.0,259,142
2023-02-26,45.00000000613348,2.145110377426451,0,0,0,0,0,0,45,0.2830188679245283,37.88888888888889,0.0,0.03481752799956584,1.3689989583783295,0.9041460136741756,1.5648738993031088,0.00014103852063700398,0.0,259,142
2023-02-27,45.00000001087731,2.1451103775001377,0,0,0,0,0,0,45,0.2830188679245283,38.88888888888889,0.0,0.03495911986311289,1.3745796165467086,0.9041460136828071,1.5648738992294218,0.00014159186354705845,0.0,259,142
2023-02-28,45.00000001915667,2.1451103776287423,0,0,0,0,0,0,45,0.2830188679245283,39.88888888888889,0.0,0.035101267053861566,1.3801822121102103,0.9041460136978714,1.564873899100817,0.00014214719074866604,0.0,259,142
2023-03-01,45.00000003350447,2.145110377851609,0,0,0,0,0,0,46,0.2893081761006289,40.02173913043478,0.0,0.03524397156163129,1.385806823861893,0.9041460137239772,1.5648738988779507,0.0001427045077697314,0.0,259,142
2023-03-02,45.00000005819283,2.145110378235097,0,0,0,0,0,0,48,0.3018867924528302,39.354166666666664,0.0,0.035387235381772096,1.391453530814569,0.9041460137688972,1.564873898494463,0.00014326382014079526,0.0,259,142
2023-03-03,45.00000010037379,2.1451103788903,0,0,0,0,0,0,48,0.3018867924528302,40.354166666666664,0.0,0.035531060515167516,1.397122412200929,0.9041460138456453,1.56487389783926,0.00014382513339542205,0.0,259,142
2023-03-04,45.000000171931404,2.145110380001815,0,0,0,0,0,0,49,0.3081761006289308,40.53061224489796,0.0,0.03567544896823843,1.4028135474736936,0.9041460139758439,1.5648738967277447,0.00014438845307091828,0.0,259,142
2023-03-05,45.00000029246517,2.145110381874084,0,0,0,0,0,0,50,0.31446540880503143,40.72,0.0,0.03582040275294801,1.4085270163058137,0.9041460141951542,1.5648738948554757,0.0001449537847095774,0.0,259,142
2023-03-06,45.00000049405712,2.1451103850054425,0,0,0,0,0,0,50,0.31446540880503143,41.72,0.0,0.03596592388680877,1.4142628985907517,0.9041460145619492,1.5648738917241174,0.00014552113386076166,0.0,259,142
2023-03-07,45.00000082882766,2.1451103902054838,0,0,0,0,0,0,51,0.32075471698113206,41.90196078431372,0.0,0.03611201439289306,1.420021274442896,0.9041460151710622,1.5648738865240759,0.00014609050608429766,0.0,259,142
2023-03-08,45.00000138081462,2.1451103987795808,0,0,0,0,0,0,51,0.32075471698113206,42.90196078431373,0.0,0.03625867629984898,1.4258022241981863,0.9041460161753988,1.564873877949979,0.00014666190695592093,0.0,259,142
2023-03-09,45.000002284496965,2.1451104128166145,0,0,0,0,0,0,52,0.3270440251572327,43.07692307692307,0.0,0.036405911641924874,1.4316058284150786,0.9041460178196423,1.5648738639129454,0.0001472353420758844,0.0,259,142
2023-03-10,45.000003753443295,2.1451104356339785,0,0,0,0,0,0,52,0.3270440251572327,44.07692307692307,0.0,0.03655372245900728,1.437432167876032,0.9041460204923799,1.5648738410955814,0.00014781081708241273,0.0,259,142
2023-03-11,45.000006124254064,2.145110472460138,0,0,0,0,0,0,54,0.33962264150943394,43.44444444444445,0.0,0.036702110796679795,1.443281323589812,0.9041460248060535,1.564873804269422,0.00014838833767251409,0.0,259,142
2023-03-12,45.00000992340246,2.145110531472875,0,0,0,0,0,0,54,0.33962264150943394,44.44444444444445,0.0,0.03685107870631366,1.4491533767950364,0.9041460317185765,1.564873745256685,0.00014896790963386247,0.0,259,142
2023-03-13,45.00001596805712,2.145110625365395,0,0,0,0,0,0,54,0.33962264150943394,45.44444444444445,0.0,0.037000628245206856,1.4550484089656126,0.9041460427167805,1.564873651364165,0.00014954953889319484,0.0,259,142
2023-03-14,45.000025516882616,2.1451107736886668,0,0,0,0,0,0,54,0.33962264150943394,46.44444444444445,0.0,0.03715076147679597,1.4609665018190237,0.9041460600907889,1.5648735030408931,0.0001501332315891179,0.0,259,142
2023-03-15,45.00004049367755,2.145111006325361,0,0,0,0,0,0,54,0.33962264150943394,47.44444444444445,0.0,0.03730148047097666,1.46690773732885,0.9041460873409379,1.5648732704041988,0.0001507189941806854,0.0,259,142
2023-03-16,45.000063816192764,2.14511136859732,0,0,0,0,0,0,54,0.33962264150943394,48.44444444444445,0.0,0.03745278730458453,1.4728721977435664,0.9041461297760404,1.5648729081322397,0.00015130683360788542,0.0,259,142
2023-03-17,45.000099875422045,2.14511192870996,0,0,0,0,0,0,55,0.34591194968553457,48.56363636363636,0.0,0.037604684062111336,1.4788599656145271,0.9041461953853885,1.5648723480195998,0.00015189675752678723,0.0,259,142
2023-03-18,45.00015522813167,2.1451127885107084,0,0,0,0,0,0,56,0.3522012578616352,48.69642857142858,0.0,0.03775717283676246,1.484871123837296,0.9041462960989325,1.5648714882188515,0.00015248877465113644,0.0,259,142
2023-03-19,45.000239588682426,2.14511409889134,0,0,0,0,0,0,57,0.3584905660377358,48.84210526315789,0.0,0.03791025573200642,1.4909057557121876,0.904146449591405,1.5648701778382195,0.0001530828952439507,0.0,259,142
2023-03-20,45.00036723683363,2.145116081662475,0,0,0,0,0,0,57,0.3584905660377358,49.84210526315789,0.0,0.03806393486382573,1.4969639450322307,0.9041466818445123,1.5648681950670846,0.00015367913181930888,0.0,259,142
2023-03-21,45.00055899797581,2.145119060284909,0,0,0,0,0,0,58,0.36477987421383645,49.98275862068965,0.0,0.03821821236395925,1.5030457762098646,0.9041470307464572,1.5648652164446508,0.0001542775001335346,0.0,259,142
2023-03-22,45.00084500310044,2.145123502797458,0,0,0,0,0,0,58,0.36477987421383645,50.98275862068965,0.0,0.03837309038453618,1.5091513344580179,0.9041475511198508,1.564860773932102,0.00015487802057691783,0.0,259,142
2023-03-23,45.0012684998953,2.145130080965692,0,0,0,0,0,0,58,0.36477987421383645,51.98275862068965,0.0,0.03852857110463804,1.5152807060465374,0.9041483216491358,1.5648541957638678,0.0001554807201018607,0.0,259,142
2023-03-24,45.001891065776555,2.1451397511143453,0,0,0,0,0,0,58,0.36477987421383645,52.98275862068965,0.0,0.0386846567395103,1.5214339786621474,0.904149454346813,1.5648445256152144,0.00015608563487226496,0.0,259,142
2023-03-25,45.002799670367025,2.1451538642254575,0,0,0,0,0,0,58,0.36477987421383645,53.98275862068965,0.0,0.03884134955340111,1.527611241910161,0.9041511074454598,1.5648304125041024,0.0001566928138907972,0.0,259,142
2023-03-26,45.0041161503721,2.1451743121121436,0,0,0,0,0,0,58,0.36477987421383645,54.98275862068965,0.0,0.0389986518772458,1.5338125880055653,0.9041535025109412,1.5648099646174163,0.00015730232384469981,0.0,259,142
2023-03-27,45.00600979460894,2.1452037246536406,0,0,0,0,0,0,58,0.36477987421383645,55.98275862068965,0.0,0.03915656613292012,1.5400381127208012,0.9041569475277607,1.564780552075919,0.0001579142556743271,0.0,259,142
2023-03-28,45.00871389040611,2.1452457211034077,0,0,0,0,0,0,59,0.3710691823899371,56.03389830508474,0.0,0.03931509486592775,1.5462879166631773,0.9041618663010834,1.564738555626152,0.00015852873300761702,0.0,259,142
2023-03-29,45.01254725208446,2.145305255821568,0,0,0,0,0,0,60,0.37735849056603776,56.1,0.0,0.03947424078971323,1.5525621070066142,0.904168838886223,1.5646790209079917,0.00015914592378548612,0.0,259,142
2023-03-30,45.017941932537155,2.1453890388838683,0,0,0,0,0,0,61,0.3836477987421384,56.18032786885246,0.0,0.03963400684425902,1.5588607997816428,0.9041786507277062,1.5645952378456913,0.0001597660545457908,0.0,259,142
2023-03-31,45.02547850148421,2.1455060636916756,0,0,0,0,0,0,61,0.3836477987421384,57.18032786885246,0.0,0.039794396272712716,1.565184122870078,0.9041923542203334,1.5644782130378843,0.0001603894284536967,0.0,259,142
2023-04-01,5.0359304461239285,1.1507223771795911,0,0,0,0,0,0,61,0.3836477987421384,58.18032786885246,0.0,0.03991280708594236,1.5698646185932497,0.7332828404505131,2.5592618995499685,0.00011841081322964427,0.0,327,74
2023-04-02,45.05031939418538,2.1458916664565444,0,0,0,0,0,0,61,0.3836477987421384,59.18032786885246,0.0,0.04007430172021588,1.5762316447080136,0.9042374972740411,1.5640926102730155,0.00016149463427351553,0.0,259,142
2023-04-03,45.06998295302586,2.146196834918333,0,0,0,0,0,0,63,0.39622641509433965,58.3015873015873,0.0,0.040236431957596575,1.5826237823318352,0.9042732121775711,1.5637874418112268,0.0001621302373806947,0.0,259,142
2023-04-04,45.09665697308529,2.146610802183226,0,0,0,0,0,0,63,0.39622641509433965,59.3015873015873,0.0,0.04039920359099965,1.5890412590087222,0.9043216438018301,1.563373474546334,0.0001627716334030816,0.0,259,142
2023-04-05,45.13257394604026,2.1471676430109676,0,0,0,0,0,0,65,0.4088050314465409,58.47692307692308,0.0,0.04056262357134755,1.5954843475436213,0.9043867610221206,1.5628166337185923,0.0001634199803478931,0.0,258,143
2023-04-06,45.18057899922423,2.147911892076284,0,0,0,0,0,0,65,0.4088050314465409,59.47692307692308,0.0,0.04072670036528063,1.601953379982625,0.9044737405887411,1.5620723846532756,0.0001640767939330829,0.0,258,143
2023-04-07,45.24426450723618,2.148897723702549,0,0,0,0,0,0,68,0.4276729559748428,57.85294117647059,0.0,0.040891444291631315,1.6084487607636515,0.9045888598363001,1.5610865530270108,0.00016474392635069002,0.0,258,143
2023-04-08,45.32812366772743,2.150195837121834,0,0,0,0,0,0,68,0.4276729559748428,58.85294117647059,0.0,0.041056868086518435,1.6149709888010628,0.9047402823321715,1.5597884396077257,0.00016542379488711296,0.0,258,143
2023-04-09,45.43772244291014,2.1518858362392876,0,0,0,0,0,0,69,0.4339622641509434,59.0,0.0,0.041222987224928384,1.6215206700541434,0.9049371398148739,1.558098440490272,0.00016611913840994963,0.0,258,143
2023-04-10,45.57988802092092,2.154078011297539,0,0,0,0,0,0,69,0.4339622641509434,60.0,0.0,0.04138982095608617,1.6280985579877751,0.9051920245762883,1.5559062654320206,0.00016683373115778936,0.0,257,144
2023-04-11,45.7629103846519,2.156900192774147,0,0,0,0,0,0,71,0.44654088050314467,59.309859154929576,0.0,0.04155739291195992,1.6347055773502208,0.9055193820186996,1.5530840839554125,0.00016757195587374782,0.0,257,144
2023-04-12,45.99675169241121,2.1604831929850046,0,0,0,0,0,0,71,0.44654088050314467,60.309859154929576,0.0,0.04172573122834851,1.6413428288997072,0.9059337279891564,1.5495010837445553,0.00016833831638859127,0.0,257,144
2023-04-13,46.29325600324493,2.1650263381564763,0,0,0,0,0,0,72,0.4528301886792453,60.47222222222222,0.0,0.041894870804753244,1.648011677703141,0.9064570767158313,1.5449579385730836,0.00016913957640473471,0.0,257,144
2023-04-14,46.66634948073634,2.1706925058761826,0,0,0,0,0,0,72,0.4528301886792453,61.47222222222222,0.0,0.04206485208832451,1.6547137055946697,0.9071066106791159,1.5392917708533773,0.0001699812835712602,0.0,256,145
2023-04-15,47.13221868101055,2.1777676577709504,0,0,0,0,0,0,72,0.4528301886792453,62.47222222222222,0.0,0.042235725058447374,1.6614508668443557,0.9079127036871223,1.5322166189586095,0.00017087297012286572,0.0,256,145
2023-04-16,47.70945201296719,2.1863722173558613,0,0,0,0,0,0,72,0.4528301886792453,63.47222222222222,0.0,0.042407543658961905,1.6682252705363576,0.9088856262068716,1.5236120593736984,0.00017181860051453452,0.0,256,145
2023-04-17,48.41912713254185,2.19695102754274,0,0,0,0,0,0,72,0.4528301886792453,64.47222222222221,0.0,0.042580376226457634,1.6750395879735878,0.9100706168344209,1.5130332491868197,0.00017283256749572678,0.0,254,147
2023-04-18,49.28482511768256,2.209838027901387,0,0,0,0,0,0,72,0.4528301886792453,65.47222222222221,0.0,0.04275430147183339,1.6818968955182618,0.9114975283046327,1.5001462488281727,0.00017392524537575938,0.0,254,147
2023-04-19,50.33255101721717,2.22503596587448,0,0,0,0,0,0,74,0.46540880503144655,64.7027027027027,0.0,0.0429293972297878,1.688800234862848,0.913156842224016,1.4849483108550798,0.0001750957579544091,0.0,253,148
2023-04-20,51.59054004351111,2.243283905723003,0,0,0,0,0,0,74,0.46540880503144655,65.7027027027027,0.0,0.043105763614676496,1.6957535175053167,0.9151155884503793,1.4667003710065563,0.0001763663848887,0.0,251,150
2023-04-21,53.088929554593435,2.2643203545361654,0,0,0,0,0,0,74,0.46540880503144655,66.7027027027027,0.0,0.043283489974829954,1.7027602334587368,0.9173282028965103,1.4456639221933942,0.00017772636015345156,0.0,250,151
2023-04-22,54.85927929247957,2.2891749543361444,0,0,0,0,0,0,74,0.46540880503144655,67.7027027027027,0.0,0.04346269484607813,1.7098250116398162,0.919879677400747,1.4208093223934153,0.0001792048712481748,0.0,248,153
2023-04-23,56.933926307734154,2.3591066350013787,0,0,0,0,0,0,74,0.46540880503144655,68.7027027027027,0.0,0.043644733082370726,1.7170007524037838,0.9266940149865011,1.350877641728181,0.00018203823629259398,0.0,217,184
2023-04-24,59.3451667248808,2.440384121542054,0,0,0,0,0,0,75,0.4716981132075472,68.78666666666668,0.0,0.043829830698601094,1.724296242683494,0.9339379749145564,1.2696001551875056,0.00018509761623038698,0.0,176,225
2023-04-25,62.12426400145304,2.5023404958801114,0,0,0,0,0,0,75,0.4716981132075472,69.78666666666668,0.0,0.04401170336721025,1.7314621074770176,0.9390406429193672,1.2088718748263134,0.00018189187354802108,1.920493888065994e-08,145,256
2023-04-26,65.30029248549191,2.5319957799661794,0,0,0,0,0,0,75,0.4716981132075472,70.78666666666668,0.0,0.04419505275062526,1.7386858870483408,0.9414525441406346,1.1818277478295847,0.00018340942230521642,6.003889020259498e-08,145,256
2023-04-27,68.89883561088229,2.565596177196783,0,0,0,0,0,0,75,0.4716981132075472,71.78666666666668,0.0,0.044379147944815504,1.7459384542933405,0.9440971957579788,1.1515135856754624,0.00018420666184143874,1.1146765119647585e-07,143,258
2023-04-28,72.94056955465514,2.5986926564404396,0,0,0,0,0,0,76,0.4779874213836478,71.84210526315789,0.0,0.04456395136358475,1.753218328681526,0.9466119297738456,1.1219941875881345,0.00018497091328366176,1.6749451441145373e-07,141,260
2023-04-29,77.4397750244831,2.635535225129191,0,0,0,0,0,0,76,0.4779874213836478,72.84210526315789,0.0,0.04474952077300995,1.7605277402166069,0.949307768431236,1.0895351224922845,0.00018580562872422206,2.3621929902474763e-07,139,262
2023-04-30,82.40283131659442,2.673694289534325,0,0,0,0,0,0,76,0.4779874213836478,73.84210526315789,0.0,0.044935852282639105,1.7678665158069709,0.9519872389459751,1.056371175781019,0.0001866461310236638,3.1462139451048476e-07,137,264
2023-05-01,87.82675704574788,2.7153968048889086,0,0,0,0,0,0,76,0.4779874213836478,74.84210526315789,0.0,0.045122983000863336,1.7752360732087515,0.954786878671591,1.020661215491033,0.00018753952060473775,4.088023805091387e-07,135,266
2023-05-02,93.69787010375246,2.7575031850834555,0,0,0,0,0,0,76,0.4779874213836478,75.84210526315789,0.0,0.0453108791336618,1.7826350707648393,0.9574795129211612,0.9851651514226926,0.00018840896512334983,5.128323248807972e-07,133,268
2023-05-03,99.99064456105107,2.802215476363082,0,0,0,0,0,0,76,0.4779874213836478,76.84210526315789,0.0,0.04549954492335248,1.7900636412834938,0.9601939475639047,0.9480839592422211,0.000189298890901296,6.331012106128612e-07,131,270
2023-05-04,106.66684357607812,2.8496521288327132,0,0,0,0,0,0,76,0.4779874213836478,77.84210526315789,0.0,0.045688463162273395,1.7975011909589398,0.9629146204392146,0.9094418759663111,0.00018969035279670733,7.721138757925785e-07,128,273
2023-05-05,113.67500426574213,2.8958572551417046,0,0,0,0,0,0,76,0.4779874213836478,78.84210526315789,0.0,0.04587794547379999,1.804960140338023,0.965411284275127,0.8725061398538401,0.0001904021494651222,9.198379385322794e-07,126,275
2023-05-06,120.9503424972151,2.943823895293325,0,0,0,0,0,0,76,0.4779874213836478,79.84210526315789,0.0,0.04606780624257045,1.8124330955528047,0.9678448245211201,0.8348616380199131,0.00019094759439579012,1.0868256253279112e-06,124,277
2023-05-07,128.4151325659813,2.990362562810776,0,0,0,0,0,0,77,0.48427672955974843,79.8051948051948,0.0,0.0462573474409951,1.8198923463503625,0.9700565541437484,0.7990401251565793,0.00019080468894090323,1.2634905162628356e-06,121,280
2023-05-08,135.97959895689502,3.037522654798715,0,0,0,0,0,0,77,0.48427672955974843,80.8051948051948,0.0,0.04644627013734403,1.8273260139625795,0.9721528744998297,0.7634724427699265,0.00019038099935412243,1.4583030051861368e-06,118,283
2023-05-09,143.5433354473903,3.0818541455608797,0,0,0,0,0,0,77,0.48427672955974843,81.8051948051948,0.0,0.04663501099171056,1.8347515112062163,0.9739961223880877,0.7307502774524399,0.00019039947684346508,1.6586224769403056e-06,116,285
2023-05-10,150.99724167865742,3.125541914912536,0,0,0,0,0,0,77,0.48427672955974843,82.8051948051948,0.0,0.04682341223717413,1.8421625879969794,0.9756930084872452,0.6991397591193137,0.0001902737507036148,1.8725052400339383e-06,114,287
2023-05-11,158.2259402983511,3.1679097296141876,0,0,0,0,0,0,77,0.48427672955974843,83.8051948051948,0.0,0.04701049274458687,1.8495202745169728,0.9772289156862947,0.6691007547976426,0.00018917740839526922,2.0969009825236486e-06,111,290
2023-05-12,165.1106104375212,3.2060722406588895,0,0,0,0,0,0,77,0.48427672955974843,84.8051948051948,0.0,0.04719692379982372,1.8568513224567558,0.9785240411657914,0.6425943444539688,0.00018874524226280407,2.31418702595835e-06,109,292
2023-05-13,171.53214735963516,3.2416675515104387,0,0,0,0,0,0,77,0.48427672955974843,85.8051948051948,0.0,0.04738245521052802,1.8641458289771538,0.9796567848004953,0.6183104632393064,0.00018806106749718072,2.5296567928822908e-06,107,294
2023-05-14,177.3745353876893,3.2729508921488155,0,0,0,0,0,0,79,0.4968553459119497,84.63291139240506,0.0,0.047567034173486254,1.8714017579866562,0.9805929552980727,0.5973044422916626,0.00018730829526617264,2.7293323079430444e-06,105,296
2023-05-15,182.52830335980434,3.3005469844091455,0,0,0,0,0,0,80,0.5031446540880503,84.575,0.0,0.0477514517284064,1.87865060490871,0.9813763333825253,0.5790840479336407,0.00018733252757772826,2.9149726575858773e-06,104,297
2023-05-16,186.89392033601482,3.3232642701639445,0,0,0,0,0,0,81,0.5094339622641509,84.53086419753086,0.0,0.04793576285951409,1.8858946195867672,0.9819913544073762,0.5642926425981993,0.00018738556086954054,3.0744297618482794e-06,103,298
2023-05-17,190.38498517145163,3.341430664029306,0,0,0,0,0,0,82,0.5157232704402516,84.5,0.0,0.04811981842427175,1.8931279312634355,0.9824627985412827,0.5525754021111788,0.0001872607778913291,3.2052131336685613e-06,102,299
2023-05-18,192.93106751158743,3.354679668784258,0,0,0,0,0,0,83,0.5220125786163522,84.48192771084338,0.0,0.048303548718851494,1.9003478297161767,0.9827949969809339,0.5440858183613623,0.0001870322802976701,3.301985717926004e-06,101,300
2023-05-19,194.48006984555536,3.3626121304545276,0,0,0,0,0,0,83,0.5220125786163522,85.48192771084337,0.0,0.04848808974065827,1.907599535188306,0.9829904147276742,0.5390469590613798,0.0001879017200216561,3.3606982148746208e-06,101,300
2023-05-20,195.0,3.3652746997295426,0,0,0,0,0,0,83,0.5220125786163522,86.48192771084337,0.0,0.04867343192243954,1.9148827308732443,0.9830550220672809,0.5373556414715903,0.00018872122189833097,3.3790401170703502e-06,101,300
2023-05-21,194.48006984555536,3.3626121304545276,0,0,0,0,0,0,83,0.5220125786163522,87.48192771084337,0.0,0.04885956555005988,1.9221970954327778,0.9829904147276742,0.5390469590613798,0.00018949028158759057,3.3566539672397073e-06,101,300
2023-05-22,192.93106751158743,3.354679668784258,0,0,0,0,0,0,83,0.5220125786163522,88.48192771084337,0.0,0.04904647909955468,1.9295422364544357,0.9827949969809339,0.5440858183613623,0.00019020757738747877,3.2940278926767803e-06,101,300
2023-05-23,190.38498517145163,3.341430664029306,0,0,0,0,0,0,84,0.5283018867924528,88.42857142857143,0.0,0.04923530974545594,1.9369634253692412,0.9824627985412827,0.5525754021111788,0.00019202424565872752,3.193599757475604e-06,102,299
2023-05-24,186.89392033601482,3.3232642701639445,0,0,0,0,0,0,84,0.5283018867924528,89.42857142857143,0.0,0.04942599185800473,1.9444581204121407,0.9819913544073762,0.5642926425981993,0.00019374164065009562,3.059528101307342e-06,103,298
2023-05-25,182.52830335980434,3.3005469844091455,0,0,0,0,0,0,84,0.5283018867924528,90.42857142857143,0.0,0.04961837752633015,1.952020508328493,0.9813763333825253,0.5790840479336407,0.00019528290668867406,2.8972383632498873e-06,104,297
2023-05-26,177.3745353876893,3.2729508921488155,0,0,0,0,0,0,84,0.5283018867924528,91.42857142857143,0.0,0.04981252017035169,1.9596527877855443,0.9805929552980727,0.5973044422916626,0.0001968519565029695,2.709312481436334e-06,105,296
2023-05-27,171.53214735963516,3.2416675515104387,0,0,0,0,0,0,84,0.5283018867924528,92.42857142857143,0.0,0.05000921073634839,1.9673864630204938,0.9796567848004953,0.6183104632393064,0.0001991984841914859,2.507918194781078e-06,107,294
2023-05-28,165.1106104375212,3.2060722406588895,0,0,0,0,0,0,84,0.5283018867924528,93.42857142857143,0.0,0.05020839694219622,1.9752195339325573,0.9785240411657914,0.6425943444539688,0.00020147756347636223,2.2913576285278762e-06,109,292
2023-05-29,158.2259402983511,3.1679097296141876,0,0,0,0,0,0,85,0.5345911949685535,93.32941176470588,0.0,0.05040982706594183,1.9831420527853485,0.9772289156862947,0.6691007547976426,0.00020350367320647647,2.073549460882373e-06,111,290
2023-05-30,150.99724167865742,3.125541914912536,0,0,0,0,0,0,86,0.5408805031446541,93.24418604651163,0.0,0.050614165799606724,1.9911805290387483,0.9756930084872452,0.6991397591193137,0.00020618800184496553,1.8492681800511002e-06,114,287
2023-05-31,143.5433354473903,3.0818541455608797,0,0,0,0,0,0,86,0.5408805031446541,94.24418604651163,0.0,0.05082042957466823,1.999295914481797,0.9739961223880877,0.7307502774524399,0.0002078997472783707,1.6359722168735928e-06,116,285
2023-06-01,135.97959895689502,3.037522654798715,0,0,0,0,0,0,87,0.5471698113207547,94.16091954022988,0.0,0.05102845052778866,2.0074815764844196,0.9721528744998297,0.7634724427699265,0.00020945758034016234,1.4366272197407175e-06,118,283
2023-06-02,128.4151325659813,2.990362562810776,0,0,0,0,0,0,88,0.5534591194968553,94.09090909090908,0.0,0.0512386465507501,2.0157542055424016,0.9700565541437484,0.7990401251565793,0.00021143926092325192,1.2432379618067012e-06,121,280
2023-06-03,120.9503424972151,2.943823895293325,0,0,0,0,0,0,88,0.5534591194968553,95.09090909090908,0.0,0.05145070898036347,2.024101555262173,0.9678448245211201,0.8348616380199131,0.00021313064146268352,1.0682118493018875e-06,124,277
2023-06-04,113.67500426574213,2.8958572551417046,0,0,0,0,0,0,89,0.559748427672956,95.02247191011236,0.0,0.05166392372781611,2.0324953008248814,0.965411284275127,0.8725061398538401,0.00021411787818304275,9.031307304099892e-07,126,275
2023-06-05,106.66684357607812,2.8496521288327132,0,0,0,0,0,0,89,0.559748427672956,96.02247191011236,0.0,0.05187808939704423,2.0409274387979512,0.9629146204392146,0.9094418759663111,0.0002149230263873317,7.573571592170241e-07,128,273
2023-06-06,99.99064456105107,2.802215476363082,0,0,0,0,0,0,90,0.5660377358490566,95.95555555555556,0.0,0.05209348627732704,2.04940916900939,0.9601939475639047,0.9480839592422211,0.00021601732554859108,6.204452657793737e-07,131,270
2023-06-07,93.69787010375246,2.7575031850834555,0,0,0,0,0,0,90,0.5660377358490566,96.95555555555556,0.0,0.052309588870754355,2.0579195831032573,0.9574795129211612,0.9851651514226926,0.00021660477157984365,5.021781525277132e-07,133,268
2023-06-08,87.82675704574788,2.7153968048889086,0,0,0,0,0,0,90,0.5660377358490566,97.95555555555556,0.0,0.05252638610870218,2.0664582189905767,0.954786878671591,1.020661215491033,0.00021719726306253424,4.000251147050224e-07,135,266
2023-06-09,82.40283131659442,2.673694289534325,0,0,0,0,0,0,90,0.5660377358490566,98.95555555555556,0.0,0.05274382065375694,2.0750228184588444,0.9519872389459751,1.056371175781019,0.00021774221757299097,3.0767251823018663e-07,137,264
2023-06-10,77.4397750244831,2.635535225129191,0,0,0,0,0,0,90,0.5660377358490566,99.95555555555556,0.0,0.05296192103783732,2.083614466703322,0.949307768431236,1.0895351224922845,0.00021833126530026252,2.308812198943678e-07,139,262
2023-06-11,72.94056955465514,2.5986926564404396,0,0,0,0,0,0,90,0.5660377358490566,100.95555555555556,0.0,0.053180666361256394,2.0922323286482047,0.9466119297738456,1.1219941875881345,0.00021890896245569587,1.636390366075783e-07,141,260
2023-06-12,68.89883561088229,2.565596177196783,0,0,0,0,0,0,90,0.5660377358490566,101.95555555555556,0.0,0.053400112208802836,2.1008785513936905,0.9440971957579788,1.1515135856754624,0.0002195547134317912,1.0886588536582749e-07,143,258
2023-06-13,65.30029248549191,2.5319957799661794,0,0,0,0,0,0,90,0.5660377358490566,102.95555555555556,0.0,0.05362019674809761,2.109550709309667,0.9414525441406346,1.1818277478295847,0.00022014316181606853,5.862252129862791e-08,145,256
2023-06-14,62.12426400145304,2.5023404958801114,0,0,0,0,0,0,90,0.5660377358490566,103.95555555555556,0.0,0.05384021162094848,2.118220571340064,0.9390406429193672,1.2088718748263134,0.0002200336207167567,1.8747865879808947e-08,145,256
2023-06-15,59.3451667248808,2.440384121542054,0,0,0,0,0,0,90,0.5660377358490566,104.95555555555556,0.0,0.05406446907901877,2.1270603627276303,0.9339379749145564,1.2696001551875056,0.00022425745807029803,0.0,176,225
2023-06-16,56.933926307734154,2.3591066350013787,0,0,0,0,0,0,90,0.5660377358490566,105.95555555555556,0.0,0.05428665782380269,2.135819768521678,0.9266940149865011,1.350877641728181,0.0002221887447839123,0.0,217,184
2023-06-17,54.85927929247957,2.2891749543361444,0,0,0,0,0,0,90,0.5660377358490566,106.95555555555556,0.0,0.05450700152767337,2.144507473877307,0.919879677400747,1.4208093223934153,0.0002203437038706873,0.0,248,153
2023-06-18,53.088929554593435,2.2643203545361654,0,0,0,0,0,0,91,0.5723270440251572,106.78021978021978,0.0,0.05472718214354444,2.1531891728857957,0.9173282028965103,1.4456639221933942,0.00022018061587105456,0.0,250,151
2023-06-19,51.59054004351111,2.243283905723003,0,0,0,0,0,0,92,0.5786163522012578,106.61956521739131,0.0,0.054947330568686746,2.161869976692067,0.9151155884503793,1.4667003710065563,0.00022014842514232383,0.0,251,150
2023-06-20,50.33255101721717,2.22503596587448,0,0,0,0,0,0,92,0.5786163522012578,107.61956521739131,0.0,0.055167543800104836,2.1705536734379605,0.913156842224016,1.4849483108550798,0.0002202132314180877,0.0,253,148
2023-06-21,49.28482511768256,2.209838027901387,0,0,0,0,0,0,93,0.5849056603773585,107.46236559139784,0.0,0.055387936114321086,2.179244727993019,0.9114975283046327,1.5001462488281727,0.00022039231421624875,0.0,254,147
2023-06-22,48.41912713254185,2.19695102754274,0,0,0,0,0,0,93,0.5849056603773585,108.46236559139784,0.0,0.05560859586900895,2.1879465932354067,0.9100706168344209,1.5130332491868197,0.0002206597546878588,0.0,254,147
2023-06-23,47.70945201296719,2.1863722173558613,0,0,0,0,0,0,93,0.5849056603773585,109.46236559139784,0.0,0.0558296153681467,2.196662877128059,0.9088856262068716,1.5236120593736984,0.0002210194991377491,0.0,256,145
2023-06-24,47.13221868101055,2.1777676577709504,0,0,0,0,0,0,94,0.5911949685534591,109.29787234042554,0.0,0.05605107582303545,2.2053967546532376,0.9079127036871223,1.5322166189586095,0.00022146045488875054,0.0,256,145
2023-06-25,46.66634948073634,2.1706925058761826,0,0,0,0,0,0,96,0.6037735849056604,108.02083333333333,0.0,0.056273041440333606,2.214150736467259,0.9071066106791159,1.5392917708533773,0.00022196561729816898,0.0,256,145
2023-06-26,46.29325600324493,2.1650263381564763,0,0,0,0,0,0,96,0.6037735849056604,109.02083333333333,0.0,0.056495572975120034,2.22292719862336,0.9064570767158313,1.5449579385730836,0.00022253153478642214,0.0,257,144
2023-06-27,45.99675169241121,2.1604831929850046,0,0,0,0,0,0,98,0.6163522012578616,107.79591836734694,0.0,0.05671871990845228,2.231728076639798,0.9059337279891564,1.5495010837445553,0.00022314693333224186,0.0,257,144
2023-06-28,45.7629103846519,2.156900192774147,0,0,0,0,0,0,98,0.6163522012578616,108.79591836734694,0.0,0.0569425255149395,2.2405550635537566,0.9055193820186996,1.5530840839554125,0.00022380560648721986,0.0,257,144
2023-06-29,45.57988802092092,2.154078011297539,0,0,0,0,0,0,98,0.6163522012578616,109.79591836734694,0.0,0.05716702490753013,2.2494095334149113,0.9051920245762883,1.5559062654320206,0.00022449939259062252,0.0,257,144
2023-06-30,45.43772244291014,2.1518858362392876,0,0,0,0,0,0,98,0.6163522012578616,110.79591836734694,0.0,0.05739224788961344,2.2582926527617877,0.9049371398148739,1.558098440490272,0.00022522298208331324,0.0,258,143
2023-07-01,45.32812366772743,2.150195837121834,0,0,0,0,0,0,98,0.6163522012578616,111.79591836734694,0.0,0.05761821891114011,2.2672053788756763,0.9047402823321715,1.5597884396077257,0.00022597102152668194,0.0,258,143
2023-07-02,45.24426450723618,2.148897723702549,0,0,0,0,0,0,98,0.6163522012578616,112.79591836734694,0.0,0.057844957723555156,2.27614848536655,0.9045888598363001,1.5610865530270108,0.00022673881241504296,0.0,258,143
2023-07-03,45.18057899922423,2.147911892076284,0,0,0,0,0,0,98,0.6163522012578616,113.79591836734694,0.0,0.05807248068262404,2.285122613101389,0.9044737405887411,1.5620723846532756,0.00022752295906888702,0.0,258,143
2023-07-04,45.13257394604026,2.1471676430109676,0,0,0,0,0,0,98,0.6163522012578616,114.79591836734694,0.0,0.05830080107903374,2.294128283120064,0.9043867610221206,1.5628166337185923,0.00022832039640968606,0.0,258,143
2023-07-05,45.09665697308529,2.146610802183226,0,0,0,0,0,0,98,0.6163522012578616,115.79591836734694,0.0,0.05852992984222989,2.3031659241497295,0.9043216438018301,1.563373474546334,0.00022912876319616912,0.0,259,142
2023-07-06,45.06998295302586,2.146196834918333,0,0,0,0,0,0,99,0.6226415094339622,115.62626262626263,0.0,0.058759875941939356,2.3122358882999077,0.9042732121775711,1.5637874418112268,0.0002299460997094395,0.0,259,142
2023-07-07,45.05031939418538,2.1458916664565444,0,0,0,0,0,0,99,0.6226415094339622,116.62626262626263,0.0,0.05899064684107183,2.321338468768703,0.9042374972740411,1.5640926102730155,0.0002307708991324913,0.0,259,142
2023-07-08,45.03593044612393,2.1456683572792845,0,0,0,0,0,0,99,0.6226415094339622,117.62626262626263,0.0,0.059222248803299626,2.330473911867502,0.9042113561503704,1.5643159194502754,0.00023160196222778937,0.0,259,142
2023-07-09,45.02547850148421,2.1455060636916756,0,0,0,0,0,0,99,0.6226415094339622,118.62626262626263,0.0,0.059454687159375685,2.3396424274331262,0.9041923542203334,1.5644782130378843,0.0002324383560760668,0.0,259,142
2023-07-10,45.017941932537155,2.1453890388838683,0,0,0,0,0,0,99,0.6226415094339622,119.62626262626263,0.0,0.05968796653247512,2.3488441976383148,0.9041786507277062,1.5645952378456913,0.00023327937309944454,0.0,259,142
2023-07-11,45.01254725208446,2.145305255821568,0,0,0,0,0,0,99,0.6226415094339622,120.62626262626263,0.0,0.0599220910029703,2.3580793834342137,0.904168838886223,1.5646790209079917,0.00023412447049516366,0.0,259,142
2023-07-12,45.00871389040611,2.1452457211034077,0,0,0,0,0,0,99,0.6226415094339622,121.62626262626263,0.0,0.060157064244122344,2.367348129855917,0.9041618663010834,1.564738555626152,0.00023497324115206623,0.0,259,142
2023-07-13,45.00600979460894,2.1452037246536406,0,0,0,0,0,0,99,0.6226415094339622,122.62626262626263,0.0,0.06039288962469174,2.376650570034597,0.9041569475277607,1.564780552075919,0.00023582538056937655,0.0,259,142
2023-07-14,45.0041161503721,2.1451743121121436,0,0,0,0,0,0,99,0.6226415094339622,123.62626262626263,0.0,0.060629570288331096,2.3859868283018826,0.9041535025109412,1.5648099646174163,0.000236680663639352,0.0,259,142
2023-07-15,45.002799670367025,2.1451538642254575,0,0,0,0,0,0,99,0.6226415094339622,124.62626262626263,0.0,0.06086710921431824,2.395357022564645,0.9041511074454598,1.5648304125041024,0.00023753892598714807,0.0,259,142
2023-07-16,45.001891065776555,2.1451397511143453,0,0,0,0,0,0,100,0.6289308176100629,124.38,0.0,0.06110550926277316,2.404761266073102,0.904149454346813,1.5648445256152144,0.00023840004845492366,0.0,259,142
2023-07-17,45.0012684998953,2.145130080965692,0,0,0,0,0,0,100,0.6289308176100629,125.38,0.0,0.06134477320857034,2.4141996687469063,0.9041483216491358,1.5648541957638678,0.00023926394579718612,0.0,259,142
2023-07-18,45.00084500310044,2.145123502797458,0,0,0,0,0,0,100,0.6289308176100629,126.38,0.0,0.06158490376630392,2.4236723381513685,0.9041475511198508,1.564860773932102,0.00024013055773357937,0.0,259,142
2023-07-19,45.00055899797581,2.145119060284909,0,0,0,0,0,0,100,0.6289308176100629,127.38,0.0,0.06182590360858984,2.4331793802131547,0.9041470307464572,1.5648652164446508,0.0002409998422859045,0.0,259,142
2023-07-20,45.00036723683363,2.145116081662475,0,0,0,0,0,0,100,0.6289308176100629,128.38,0.0,0.062067775379317035,2.4427208997384664,0.9041466818445123,1.5648681950670846,0.0002418717707272074,0.0,259,142
2023-07-21,45.000239588682426,2.14511409889134,0,0,0,0,0,0,100,0.6289308176100629,129.38,0.0,0.06231052170317106,2.4522970007854537,0.904146449591405,1.5648701778382195,0.00024274632385403016,0.0,259,142
2023-07-22,45.00015522813167,2.1451127885107084,0,0,0,0,0,0,100,0.6289308176100629,130.38,0.0,0.06255414519241476,2.461907786929376,0.9041462960989325,1.5648714882188515,0.00024362348924367617,0.0,259,142
2023-07-23,45.000099875422045,2.14511192870996,0,0,0,0,0,0,101,0.6352201257861635,130.0891089108911,0.0,0.06279864845166747,2.4715533614494922,0.9041461953853885,1.5648723480195998,0.0002445032592527149,0.0,259,142
2023-07-24,45.000063816192764,2.14511136859732,0,0,0,0,0,0,101,0.6352201257861635,131.0891089108911,0.0,0.06304403408124425,2.4812338274596297,0.9041461297760404,1.5648729081322397,0.0002453856295767948,0.0,259,142
2023-07-25,45.00004049367755,2.145111006325361,0,0,0,0,0,0,101,0.6352201257861635,132.0891089108911,0.0,0.06329030467946437,2.490949287998455,0.9041460873409379,1.5648732704041988,0.0002462705982201166,0.0,259,142
2023-07-26,45.000025516882616,2.1451107736886668,0,0,0,0,0,0,102,0.6415094339622641,131.7941176470588,0.0,0.06353746284423045,2.500699846091221,0.9041460600907889,1.5648735030408931,0.00024715816476609,0.0,259,142
2023-07-27,45.00001596805712,2.145110625365395,0,0,0,0,0,0,103,0.6477987421383647,131.51456310679612,0.0,0.06378551117409571,2.5104856047914867,0.9041460427167805,1.564873651364165,0.00024804832986525106,0.0,259,142
2023-07-28,45.00000992340246,2.145110531472875,0,0,0,0,0,0,103,0.6477987421383647,132.51456310679612,0.0,0.0640344522689748,2.5203066672089074,0.9041460317185765,1.564873745256685,0.0002489410948790821,0.0,259,142
2023-07-29,45.000006124254064,2.145110472460138,0,0,0,0,0,0,103,0.6477987421383647,133.51456310679612,0.0,0.06428428873060915,2.5301631365274195,0.9041460248060535,1.564873804269422,0.00024983646163434845,0.0,259,142
2023-07-30,45.000003753443295,2.1451104356339785,0,0,0,0,0,0,103,0.6477987421383647,134.51456310679612,0.0,0.06453502316286423,2.54005511601685,0.9041460204923799,1.5648738410955814,0.0002507344322550897,0.0,259,142
2023-07-31,45.000002284496965,2.1451104128166145,0,0,0,0,0,0,103,0.6477987421383647,135.51456310679612,0.0,0.06478665817191293,2.5499827090400733,0.9041460178196423,1.5648738639129454,0.0002516350090486817,0.0,259,142
2023-08-01,45.00000138081462,2.1451103987795808,0,0,0,0,0,0,103,0.6477987421383647,136.51456310679612,0.0,0.0650391963663421,2.559946019057168,0.9041460161753988,1.564873877949979,0.0002525381944291763,0.0,259,142
2023-08-02,45.00000082882766,2.1451103902054838,0,0,0,0,0,0,103,0.6477987421383647,137.51456310679612,0.0,0.0652926403572082,2.569945149627572,0.9041460151710622,1.5648738865240759,0.0002534439908661163,0.0,259,142
2023-08-03,45.00000049405712,2.1451103850054425,0,0,0,0,0,0,104,0.6540880503144654,137.1923076923077,0.0,0.0655469927580588,2.5799802044109086,0.9041460145619492,1.5648738917241174,0.00025435240085060147,0.0,259,142
2023-08-04,45.00000029246517,2.145110381874084,0,0,0,0,0,0,104,0.6540880503144654,138.1923076923077,0.0,0.06580225618493174,2.590051287166941,0.9041460141951542,1.5648738948554757,0.0002552634268729298,0.0,259,142
2023-08-05,45.000000171931404,2.145110380001815,0,0,0,0,0,0,104,0.6540880503144654,139.1923076923077,0.0,0.06605843325633969,2.600158501754953,0.9041460139758439,1.5648738967277447,0.0002561770714079407,0.0,259,142
2023-08-06,45.00000010037379,2.1451103788903,0,0,0,0,0,0,104,0.6540880503144654,140.1923076923077,0.0,0.0663155265932451,2.6103019521327475,0.9041460138456453,1.56487389783926,0.0002570933369054341,0.0,259,142
2023-08-07,45.00000005819283,2.145110378235097,0,0,0,0,0,0,104,0.6540880503144654,141.1923076923077,0.0,0.06657353881902903,2.6204817423554134,0.9041460137688972,1.564873898494463,0.0002580122257839091,0.0,259,142
2023-08-08,45.00000003350447,2.145110377851609,0,0,0,0,0,0,104,0.6540880503144654,142.1923076923077,0.0,0.06683247255945546,2.6306979765739174,0.9041460137239772,1.5648738988779507,0.0002589337404264514,0.0,259,142
2023-08-09,45.00000001915667,2.1451103776287423,0,0,0,0,0,0,104,0.6540880503144654,143.1923076923077,0.0,0.06709233044263348,2.6409507590335974,0.9041460136978714,1.564873899100817,0.0002598578831780026,0.0,259,142
2023-08-10,45.00000001087731,2.1451103775001377,0,0,0,0,0,0,104,0.6540880503144654,144.1923076923077,0.0,0.06735311509897698,2.651240194072583,0.9041460136828071,1.5648738992294218,0.0002607846563435083,0.0,259,142
2023-08-11,45.00000000613348,2.145110377426451,0,0,0,0,0,0,104,0.6540880503144654,145.1923076923077,0.0,0.0676148291611636,2.6615663861201586,0.9041460136741756,1.5648738993031088,0.00026171406218662203,0.0,259,142
2023-08-12,45.0000000034346,2.1451103773845284,0,0,0,0,0,0,104,0.6540880503144654,146.1923076923077,0.0,0.06787747526409235,2.671929439695099,0.9041460136692648,1.5648738993450313,0.000262646102928755,0.0,259,142
2023-08-13,45.00000000190999,2.1451103773608464,0,0,0,0,0,0,104,0.6540880503144654,147.1923076923077,0.0,0.0681410560448407,2.682329459403964,0.9041460136664909,1.5648738993687132,0.00026358078074834246,0.0,259,142
2023-08-14,45.000000001054794,2.1451103773475624,0,0,0,0,0,0,104,0.6540880503144654,148.1923076923077,0.0,0.06840557414262095,2.6927665499393814,0.9041460136649351,1.5648738993819973,0.00026451809778024103,0.0,259,142
2023-08-15,45.00000000057848,2.1451103773401643,0,0,0,0,0,0,104,0.6540880503144654,149.1923076923077,0.0,0.06867103219873613,2.7032408160783006,0.9041460136640683,1.5648738993893956,0.0002654580561152072,0.0,259,142
2023-08-16,45.00000000031506,2.145110377336073,0,0,0,0,0,0,104,0.6540880503144654,150.1923076923077,0.0,0.06893743285653557,2.713752362680232,0.9041460136635893,1.564873899393487,0.000266400657799423,0.0,259,142
2023-08-17,45.00000000017041,2.145110377333826,0,0,0,0,0,0,104,0.6540880503144654,151.1923076923077,0.0,0.06920477876136963,2.724301294685467,0.9041460136633258,1.5648738993957338,0.0002673459048340499,0.0,259,142
2023-08-18,45.00000000009153,2.1451103773326,0,0,0,0,0,0,104,0.6540880503144654,152.1923076923077,0.0,0.06947307256054444,2.7348877171132795,0.9041460136631824,1.5648738993969595,0.0002682937991748009,0.0,259,142
2023-08-19,45.00000000004882,2.1451103773319367,0,0,0,0,0,0,104,0.6540880503144654,153.1923076923077,0.0,0.06974231690327594,2.7455117350601155,0.9041460136631047,1.5648738993976232,0.0002692443427315188,0.0,259,142
2023-08-20,45.000000000025864,2.14511037733158,0,0,0,0,0,0,104,0.6540880503144654,154.1923076923077,0.0,0.0700125144406437,2.7561734536977616,0.9041460136630631,1.5648738993979798,0.00027019753736776207,0.0,259,142
2023-08-21,45.00000000001361,2.1451103773313895,0,0,0,0,0,0,104,0.6540880503144654,155.1923076923077,0.0,0.0702836678255441,2.766872978271497,0.9041460136630407,1.5648738993981701,0.0002711533849003908,0.0,259,142
2023-08-22,45.000000000007105,2.145110377331289,0,0,0,0,0,0,106,0.6666666666666666,153.26415094339623,0.0,0.07055577971264325,2.777610414098235,0.9041460136630288,1.5648738993982707,0.000272111887099155,0.0,259,142
2023-08-23,45.00000000000369,2.1451103773312363,0,0,0,0,0,0,106,0.6666666666666666,154.26415094339623,0.0,0.07082885275832954,2.7883858665646395,0.9041460136630224,1.5648738993983233,0.00027307304568628194,0.0,259,142
2023-08-24,45.0000000000019,2.1451103773312084,0,0,0,0,0,0,107,0.6729559748427673,153.82242990654206,0.0,0.07110288962066559,2.799199441125232,0.9041460136630194,1.5648738993983513,0.0002740368623360628,0.0,259,142
2023-08-25,45.00000000000097,2.1451103773311937,0,0,0,0,0,0,107,0.6729559748427673,154.82242990654206,0.0,0.07137789295934004,2.81005124330048,0.9041460136630174,1.564873899398366,0.0002750033386744391,0.0,259,142
2023-08-26,45.0000000000005,2.145110377331186,0,0,0,0,0,0,107,0.6729559748427673,155.82242990654206,0.0,0.07165386543561864,2.8209413786748665,0.9041460136630167,1.5648738993983737,0.0002759724762785869,0.0,259,142
2023-08-27,45.00000000000025,2.145110377331182,0,0,0,0,0,0,107,0.6729559748427673,156.82242990654206,0.0,0.07193080971229512,2.8318699528949485,0.9041460136630164,1.5648738993983777,0.0002769442766765013,0.0,259,142
2023-08-28,45.00000000000013,2.1451103773311804,0,0,0,0,0,0,107,0.6729559748427673,157.82242990654206,0.0,0.07220872845364171,2.8428370716673914,0.904146013663016,1.5648738993983793,0.0002779187413465786,0.0,259,142
2023-08-29,45.000000000000064,2.1451103773311795,0,0,0,0,0,0,107,0.6729559748427673,158.82242990654206,0.0,0.0724876243253589,2.8538428407569936,0.904146013663016,1.5648738993983802,0.00027889587171719775,0.0,259,142
2023-08-30,45.00000000000003,2.145110377331179,0,0,0,0,0,0,107,0.6729559748427673,159.82242990654206,0.0,0.0727674999945252,2.864887365984692,0.904146013663016,1.5648738993983806,0.00027987566916630045,0.0,259,142
2023-08-31,45.000000000000014,2.145110377331179,0,0,0,0,0,0,107,0.6729559748427673,160.82242990654206,0.0,0.07304835812954617,2.8759707532255474,0.904146013663016,1.5648738993983806,0.00028085813502097047,0.0,259,142
2023-09-01,45.00000000000001,2.145110377331179,0,0,0,0,0,0,107,0.6729559748427673,161.82242990654206,0.0,0.07333020140010317,2.887093108406721,0.904146013663016,1.5648738993983806,0.0002818432705570108,0.0,259,142
2023-09-02,45.00000000000001,2.145110377331179,0,0,0,0,0,0,107,0.6729559748427673,162.82242990654206,0.0,0.07361303247710171,2.8982545375054265,0.904146013663016,1.5648738993983806,0.0002828310769985211,0.0,259,142
2023-09-03,45.0,2.1451103773311786,0,0,0,0,0,0,107,0.6729559748427673,163.82242990654206,0.0,0.07389685403261917,2.909455146546865,0.904146013663016,1.5648738993983808,0.0002838215555174723,0.0,259,142
2023-09-04,45.0,2.1451103773311786,0,0,0,0,0,0,107,0.6729559748427673,164.82242990654206,0.0,0.07418166873985246,2.920695041602154,0.904146013663016,1.5648738993983808,0.00028481470723328175,0.0,259,142
2023-09-05,45.0,2.1451103773311786,0,0,0,0,0,0,107,0.6729559748427673,165.82242990654206,0.0,0.07446747927306484,2.9319743287862248,0.904146013663016,1.5648738993983808,0.0002858105332123857,0.0,259,142
2023-09-06,45.0,2.1451103773311786,0,0,0,0,0,0,108,0.6792452830188679,165.28703703703704,0.0,0.07475428830753264,2.943293114255713,0.904146013663016,1.5648738993983808,0.00028680903446781175,0.0,259,142
2023-09-07,45.0,2.1451103773311786,0,0,0,0,0,0,109,0.6855345911949685,164.77064220183487,0.0,0.07504209851949141,2.954651504206827,0.904146013663016,1.5648738993983808,0.0002878102119587498,0.0,259,142
2023-09-08,45.0,2.1451103773311786,0,0,0,0,0,0,109,0.6855345911949685,165.77064220183487,0.0,0.07533091258608153,2.966049604873203,0.904146013663016,1.5648738993983808,0.000288814066590122,0.0,259,142
2023-09-09,45.0,2.1451103773311786,0,0,0,0,0,0,109,0.6855345911949685,166.77064220183487,0.0,0.07562073318529368,2.9774875225237385,0.904146013663016,1.5648738993983808,0.00028982059921215135,0.0,259,142
2023-09-10,45.0,2.1451103773311786,0,0,0,0,0,0,109,0.6855345911949685,167.77064220183487,0.0,0.07591156299591362,2.9889653634604145,0.904146013663016,1.5648738993983808,0.0002908298106199298,0.0,259,142
2023-09-11,45.0,2.1451103773311786,0,0,0,0,0,0,109,0.6855345911949685,168.77064220183487,0.0,0.0762034046974666,3.0004832340160923,0.904146013663016,1.5648738993983808,0.0002918417015529849,0.0,259,142
2023-09-12,45.0,2.1451103773311786,0,0,0,0,0,0,109,0.6855345911949685,169.77064220183487,0.0,0.07649626097016145,3.0120412405523034,0.904146013663016,1.5648738993983808,0.00029285627269484547,0.0,259,142
2023-09-13,45.0,2.1451103773311786,0,0,0,0,0,0,109,0.6855345911949685,170.77064220183487,0.0,0.07679013449483404,3.0236394894570133,0.904146013663016,1.5648738993983808,0.0002938735246726066,0.0,259,142
2023-09-14,45.0,2.1451103773311786,0,0,0,0,0,0,109,0.6855345911949685,171.77064220183487,0.0,0.07708502795289054,3.03527808714237,0.904146013663016,1.5648738993983808,0.0002948934580564931,0.0,259,142
2023-09-15,45.0,2.1451103773311786,0,0,0,0,0,0,109,0.6855345911949685,172.77064220183487,0.0,0.07738094402624995,3.04695714004244,0.904146013663016,1.5648738993983808,0.00029591607335942283,0.0,259,142
2023-09-16,45.0,2.1451103773311786,0,0,0,0,0,0,109,0.6855345911949685,173.77064220183487,0.0,0.07767788539728654,3.0586767546109206,0.904146013663016,1.5648738993983808,0.00029694137103656833,0.0,259,142
2023-09-17,45.0,2.1451103773311786,0,0,0,0,0,0,110,0.6918238993710691,173.19090909090912,0.0,0.07797585474877144,3.0704370373188383,0.904146013663016,1.5648738993983808,0.0002979693514849178,0.0,259,142
2023-09-18,45.0,2.1451103773311786,0,0,0,0,0,0,110,0.6918238993710691,174.19090909090912,0.0,0.0782748547638143,3.08223809465223,0.904146013663016,1.5648738993983808,0.00029900001504283536,0.0,259,142
2023-09-19,45.0,2.1451103773311786,0,0,0,0,0,0,110,0.6918238993710691,175.19090909090912,0.0,0.07857488812580389,3.0940800331098024,0.904146013663016,1.5648738993983808,0.0003000333619896202,0.0,259,142
2023-09-20,45.0,2.1451103773311786,0,0,0,0,0,0,110,0.6918238993710691,176.19090909090912,0.0,0.07887595751834897,3.105962959200581,0.904146013663016,1.5648738993983808,0.0003010693925450648,0.0,259,142
2023-09-21,45.0,2.1451103773311786,0,0,0,0,0,0,110,0.6918238993710691,177.19090909090912,0.0,0.07917806562521798,3.1178869794415345,0.904146013663016,1.5648738993983808,0.0003021081068690132,0.0,259,142
2023-09-22,45.0,2.1451103773311786,0,0,0,0,0,0,110,0.6918238993710691,178.19090909090912,0.0,0.0794812151302789,3.129852200355185,0.904146013663016,1.5648738993983808,0.0003031495050609165,0.0,259,142
2023-09-23,45.0,2.1451103773311786,0,0,0,0,0,0,111,0.6981132075471698,177.5855855855856,0.0,0.07978540871743828,3.141858728467203,0.904146013663016,1.5648738993983808,0.00030419358715939014,0.0,259,142
2023-09-24,45.0,2.1451103773311786,0,0,0,0,0,0,111,0.6981132075471698,178.5855855855856,0.0,0.08009064907058006,3.1539066703039786,0.904146013663016,1.5648738993983808,0.0003052403531417681,0.0,259,142
2023-09-25,45.0,2.1451103773311786,0,0,0,0,0,0,111,0.6981132075471698,179.5855855855856,0.0,0.08039693887350371,3.1659961323901786,0.904146013663016,1.5648738993983808,0.00030628980292365785,0.0,259,142
2023-09-26,45.0,2.1451103773311786,0,0,0,0,0,0,111,0.6981132075471698,180.5855855855856,0.0,0.08070428080986221,3.178127221246288,0.904146013663016,1.5648738993983808,0.0003073419363584938,0.0,259,142
2023-09-27,45.0,2.1451103773311786,0,0,0,0,0,0,111,0.6981132075471698,181.5855855855856,0.0,0.0810126775630993,3.190300043386128,0.904146013663016,1.5648738993983808,0.00030839675323709055,0.0,259,142
2023-09-28,45.0,2.1451103773311786,0,0,0,0,0,0,111,0.6981132075471698,182.5855855855856,0.0,0.08132213181638649,3.2025147053143646,0.904146013663016,1.5648738993983808,0.0003094542532871949,0.0,259,142
2023-09-29,45.0,2.1451103773311786,0,0,0,0,0,0,112,0.7044025157232704,181.95535714285714,0.0,0.08163264625255953,3.2147713135239884,0.904146013663016,1.5648738993983808,0.0003105144361730377,0.0,259,142
2023-09-30,45.0,2.1451103773311786,0,0,0,0,0,0,112,0.7044025157232704,182.95535714285714,0.0,0.08194422355405442,3.2270699744937845,0.904146013663016,1.5648738993983808,0.00031157730149488505,0.0,259,142
2023-10-01,45.0,2.1451103773311786,0,0,0,0,0,0,112,0.7044025157232704,183.95535714285714,0.0,0.082256866402843,3.239410794685786,0.904146013663016,1.5648738993983808,0.0003126428487885882,0.0,259,142
2023-10-02,45.0,2.1451103773311786,0,0,0,0,0,0,113,0.710691823899371,183.32743362831857,0.0,0.08257057748036814,3.2517938805427002,0.904146013663016,1.5648738993983808,0.0003137110775251341,0.0,259,142
2023-10-03,45.0,2.1451103773311786,0,0,0,0,0,0,113,0.710691823899371,184.32743362831857,0.0,0.08288535946747833,3.264219338485329,0.904146013663016,1.5648738993983808,0.0003147819871101938,0.0,259,142
2023-10-04,45.0,2.1451103773311786,0,0,0,0,0,0,113,0.710691823899371,185.32743362831857,0.0,0.083201215044362,3.276687274909959,0.904146013663016,1.5648738993983808,0.00031585557688367216,0.0,259,142
2023-10-05,45.0,2.1451103773311786,0,0,0,0,0,0,114,0.7169811320754716,184.7017543859649,0.0,0.08351814689048126,3.2891977961857464,0.904146013663016,1.5648738993983808,0.0003169318461192549,0.0,259,142
2023-10-06,45.0,2.1451103773311786,0,0,0,0,0,0,114,0.7169811320754716,185.7017543859649,0.0,0.08383615768450522,3.3017510086520705,0.904146013663016,1.5648738993983808,0.00031801079402395756,0.0,259,142
2023-10-07,45.0,2.1451103773311786,0,0,0,0,0,0,114,0.7169811320754716,186.7017543859649,0.0,0.0841552501042429,3.314347018615881,0.904146013663016,1.5648738993983808,0.0003190924197376718,0.0,259,142
2023-10-08,45.0,2.1451103773311786,0,0,0,0,0,0,114,0.7169811320754716,187.7017543859649,0.0,0.08447542682657559,3.3269859323490207,0.904146013663016,1.5648738993983808,0.00032017672233271283,0.0,259,142
2023-10-09,45.0,2.1451103773311786,0,0,0,0,0,0,114,0.7169811320754716,188.7017543859649,0.0,0.08479669052738896,3.3396678560855326,0.904146013663016,1.5648738993983808,0.0003212637008133654,0.0,259,142
2023-10-10,45.0,2.1451103773311786,0,0,0,0,0,0,114,0.7169811320754716,189.7017543859649,0.0,0.08511904388150439,3.352392896018947,0.904146013663016,1.5648738993983808,0.0003223533541154299,0.0,259,142
2023-10-11,45.0,2.1451103773311786,0,0,0,0,0,0,114,0.7169811320754716,190.7017543859649,0.0,0.08544248956261016,3.365161158299551,0.904146013663016,1.5648738993983808,0.00032344568110576836,0.0,259,142
2023-10-12,45.0,2.1451103773311786,0,0,0,0,0,0,114,0.7169811320754716,191.7017543859649,0.0,0.08576703024319203,3.377972749031643,0.904146013663016,1.5648738993983808,0.00032454068058184946,0.0,259,142
2023-10-13,45.0,2.1451103773311786,0,0,0,0,0,0,114,0.7169811320754716,192.7017543859649,0.0,0.0860926685944633,3.3908277742707673,0.904146013663016,1.5648738993983808,0.00032563835127129336,0.0,259,142
2023-10-14,45.0,2.1451103773311786,0,0,0,0,0,0,114,0.7169811320754716,193.7017543859649,0.0,0.08641940728629471,3.403726340020925,0.904146013663016,1.5648738993983808,0.000326738691831417,0.0,259,142
2023-10-15,45.0,2.1451103773311786,0,0,0,0,0,0,115,0.7232704402515723,193.01739130434783,0.0,0.08674724898714352,3.416668552231778,0.904146013663016,1.5648738993983808,0.0003278417008487782,0.0,259,142
2023-10-16,45.0,2.1451103773311786,0,0,0,0,0,0,115,0.7232704402515723,194.01739130434783,0.0,0.08707619636398221,3.429654516795825,0.904146013663016,1.5648738993983808,0.0003289473768387201,0.0,259,142
2023-10-17,45.0,2.1451103773311786,0,0,0,0,0,0,115,0.7232704402515723,195.01739130434783,0.0,0.08740625208222713,3.4426843395455657,0.904146013663016,1.5648738993983808,0.00033005571824491493,0.0,259,142
2023-10-18,45.0,2.1451103773311786,0,0,0,0,0,0,116,0.7295597484276729,194.33620689655172,0.0,0.08773741880566606,3.4557581262506396,0.904146013663016,1.5648738993983808,0.0003311667234389084,0.0,259,142
2023-10-19,45.0,2.1451103773311786,0,0,0,0,0,0,116,0.7295597484276729,195.33620689655172,0.0,0.0880696991963857,3.468875982614958,0.904146013663016,1.5648738993983808,0.0003322803907196631,0.0,259,142
2023-10-20,45.0,2.1451103773311786,0,0,0,0,0,0,116,0.7295597484276729,196.33620689655172,0.0,0.0884030959146988,3.4820380142738054,0.904146013663016,1.5648738993983808,0.00033339671831310254,0.0,259,142
2023-10-21,45.0,2.1451103773311786,0,0,0,0,0,0,116,0.7295597484276729,197.33620689655172,0.0,0.08873761161907048,3.4952443267909326,0.904146013663016,1.5648738993983808,0.0003345157043716541,0.0,259,142
2023-10-22,45.0,2.1451103773311786,0,0,0,0,0,0,116,0.7295597484276729,198.33620689655172,0.0,0.08907324896604427,3.5084950256556264,0.904146013663016,1.5648738993983808,0.0003356373469737934,0.0,259,142
2023-10-23,45.0,2.1451103773311786,0,0,0,0,0,0,116,0.7295597484276729,199.33620689655172,0.0,0.08941001061016783,3.5217902162797596,0.904146013663016,1.5648738993983808,0.0003367616441235872,0.0,259,142
2023-10-24,45.0,2.1451103773311786,0,0,0,0,0,0,116,0.7295597484276729,200.33620689655172,0.0,0.08974789920391808,3.53513000399483,0.904146013663016,1.5648738993983808,0.0003378885937502371,0.0,259,142
2023-10-25,45.0,2.1451103773311786,0,0,0,0,0,0,116,0.7295597484276729,201.33620689655172,0.0,0.0900869173976257,3.5485144940489755,0.904146013663016,1.5648738993983808,0.00033901819370762325,0.0,259,142
2023-10-26,45.0,2.1451103773311786,0,0,0,0,0,0,116,0.7295597484276729,202.33620689655172,0.0,0.09042706783939955,3.5619437916039693,0.904146013663016,1.5648738993983808,0.0003401504417738483,0.0,259,142
2023-10-27,45.0,2.1451103773311786,0,0,0,0,0,0,117,0.7358490566037735,201.60683760683762,0.0,0.09076835317505035,3.5754180017322064,0.904146013663016,1.5648738993983808,0.00034128533565078026,0.0,259,142
2023-10-28,45.0,2.1451103773311786,0,0,0,0,0,0,117,0.7358490566037735,202.60683760683762,0.0,0.09111077604801393,3.5889372294136592,0.904146013663016,1.5648738993983808,0.00034242287296359745,0.0,259,142
2023-10-29,45.0,2.1451103773311786,0,0,0,0,0,0,117,0.7358490566037735,203.60683760683762,0.0,0.09145433909927426,3.6025015795328255,0.904146013663016,1.5648738993983808,0.00034356305126033166,0.0,259,142
2023-10-30,45.0,2.1451103773311786,0,0,0,0,0,0,117,0.7358490566037735,204.60683760683762,0.0,0.09179904496728568,3.616111156875653,0.904146013663016,1.5648738993983808,0.00034470586801141334,0.0,259,142
2023-10-31,45.0,2.1451103773311786,0,0,0,0,0,0,117,0.7358490566037735,205.60683760683762,0.0,0.09214489628789489,3.629766066126446,0.904146013663016,1.5648738993983808,0.00034585132060921555,0.0,259,142
2023-11-01,45.0,2.1451103773311786,0,0,0,0,0,0,117,0.7358490566037735,206.60683760683762,0.0,0.0924918956942625,3.6434664118647584,0.904146013663016,1.5648738993983808,0.00034699940636759877,0.0,259,142
2023-11-02,45.0,2.1451103773311786,0,0,0,0,0,0,117,0.7358490566037735,207.60683760683762,0.0,0.09284004581678394,3.6572122985622615,0.904146013663016,1.5648738993983808,0.0003481501225214563,0.0,259,142
2023-11-03,45.0,2.1451103773311786,0,0,0,0,0,0,117,0.7358490566037735,208.60683760683762,0.0,0.0931893492830102,3.6710038305795987,0.904146013663016,1.5648738993983808,0.0003493034662262593,0.0,259,142
2023-11-04,45.0,2.1451103773311786,0,0,0,0,0,0,117,0.7358490566037735,209.60683760683762,0.0,0.09353980871756781,3.6848411121632223,0.904146013663016,1.5648738993983808,0.0003504594345576031,0.0,259,142
2023-11-05,45.0,2.1451103773311786,0,0,0,0,0,0,117,0.7358490566037735,210.60683760683762,0.0,0.09389142674207857,3.698724247442209,0.904146013663016,1.5648738993983808,0.0003516180245107529,0.0,259,142
2023-11-06,45.0,2.1451103773311786,0,0,0,0,0,0,117,0.7358490566037735,211.60683760683762,0.0,0.09424420597507875,3.7126533404250597,0.904146013663016,1.5648738993983808,0.0003527792330001909,0.0,259,142
2023-11-07,45.0,2.1451103773311786,0,0,0,0,0,0,117,0.7358490566037735,212.60683760683762,0.0,0.09459814903193793,3.7266284949964814,0.904146013663016,1.5648738993983808,0.00035394305685916306,0.0,259,142
2023-11-08,45.0,2.1451103773311786,0,0,0,0,0,0,117,0.7358490566037735,213.60683760683762,0.0,0.09495325852477714,3.74064981491415,0.904146013663016,1.5648738993983808,0.00035510949283922694,0.0,259,142
2023-11-09,45.0,2.1451103773311786,0,0,0,0,0,0,117,0.7358490566037735,214.60683760683762,0.0,0.09530953706238693,3.754717403805456,0.904146013663016,1.5648738993983808,0.00035627853760979974,0.0,259,142
2023-11-10,45.0,2.1451103773311786,0,0,0,0,0,0,117,0.7358490566037735,215.60683760683762,0.0,0.09566698725014465,3.7688313651642313,0.904146013663016,1.5648738993983808,0.0003574501877577075,0.0,259,142
2023-11-11,45.0,2.1451103773311786,0,0,0,0,0,0,117,0.7358490566037735,216.60683760683762,0.0,0.09602561168993139,3.7829918023474596,0.904146013663016,1.5648738993983808,0.00035862443978673376,0.0,259,142
2023-11-12,45.0,2.1451103773311786,0,0,0,0,0,0,118,0.7421383647798742,215.77118644067798,0.0,0.09638541298004857,3.7971988185719656,0.904146013663016,1.5648738993983808,0.00035980129011717045,0.0,259,142
2023-11-13,45.0,2.1451103773311786,0,0,0,0,0,0,118,0.7421383647798742,216.77118644067798,0.0,0.09674639371513392,3.8114525169110935,0.904146013663016,1.5648738993983808,0.0003609807350853679,0.0,259,142
2023-11-14,45.0,2.1451103773311786,0,0,0,0,0,0,119,0.7484276729559748,215.94957983193277,0.0,0.09710855648607722,3.825753000291358,0.904146013663016,1.5648738993983808,0.00036216277094328693,0.0,259,142
2023-11-15,45.0,2.1451103773311786,0,0,0,0,0,0,119,0.7484276729559748,216.94957983193277,0.0,0.09747190387993526,3.8401003714890836,0.904146013663016,1.5648738993983808,0.00036334739385805053,0.0,259,142
2023-11-16,45.0,2.1451103773311786,0,0,0,0,0,0,120,0.7547169811320755,216.14166666666665,0.0,0.09783643847984676,3.854494733127028,0.904146013663016,1.5648738993983808,0.00036453459991149745,0.0,259,142
2023-11-17,45.0,2.1451103773311786,0,0,0,0,0,0,120,0.7547169811320755,217.14166666666665,0.0,0.09820216286494649,3.8689361876709785,0.904146013663016,1.5648738993983808,0.00036572438509973546,0.0,259,142
2023-11-18,45.0,2.1451103773311786,0,0,0,0,0,0,120,0.7547169811320755,218.14166666666665,0.0,0.09856907961027919,3.883424837426344,0.904146013663016,1.5648738993983808,0.00036691674533269694,0.0,259,142
2023-11-19,45.0,2.1451103773311786,0,0,0,0,0,0,120,0.7547169811320755,219.14166666666665,0.0,0.09893719128671287,3.8979607845347157,0.904146013663016,1.5648738993983808,0.00036811167643369385,0.0,259,142
2023-11-20,45.0,2.1451103773311786,0,0,0,0,0,0,120,0.7547169811320755,220.14166666666665,0.0,0.09930650046085185,3.9125441309704225,0.904146013663016,1.5648738993983808,0.0003693091741389747,0.0,259,142
2023-11-21,45.0,2.1451103773311786,0,0,0,0,0,0,120,0.7547169811320755,221.14166666666665,0.0,0.09967700969494912,3.927174978537056,0.904146013663016,1.5648738993983808,0.00037050923409728224,0.0,259,142
2023-11-22,45.0,2.1451103773311786,0,0,0,0,0,0,120,0.7547169811320755,222.14166666666665,0.0,0.10004872154681854,3.9418534288639924,0.904146013663016,1.5648738993983808,0.000371711851869412,0.0,259,142
2023-11-23,45.0,2.1451103773311786,0,0,0,0,0,0,120,0.7547169811320755,223.14166666666665,0.0,0.10042163856974631,3.956579583402882,0.904146013663016,1.5648738993983808,0.0003729170229277725,0.0,259,142
2023-11-24,45.0,2.1451103773311786,0,0,0,0,0,0,120,0.7547169811320755,224.14166666666665,0.0,0.10079576331240225,3.971353543424136,0.904146013663016,1.5648738993983808,0.00037412474265594524,0.0,259,142
2023-11-25,45.0,2.1451103773311786,0,0,0,0,0,0,120,0.7547169811320755,225.14166666666665,0.0,0.1011710983187505,3.9861754100133817,0.904146013663016,1.5648738993983808,0.0003753350063482478,0.0,259,142
2023-11-26,45.0,2.1451103773311786,0,0,0,0,0,0,120,0.7547169811320755,226.14166666666665,0.0,0.1015476461279598,4.00104528406791,0.904146013663016,1.5648738993983808,0.0003765478092092964,0.0,259,142
2023-11-27,45.0,2.1451103773311786,0,0,0,0,0,0,120,0.7547169811320755,227.14166666666665,0.0,0.10192540927431336,4.015963266293104,0.904146013663016,1.5648738993983808,0.00037776314635357063,0.0,259,142
2023-11-28,45.0,2.1451103773311786,0,0,0,0,0,0,120,0.7547169811320755,228.14166666666665,0.0,0.10230439028711837,4.030929457198848,0.904146013663016,1.5648738993983808,0.0003789810128049792,0.0,259,142
2023-11-29,45.0,2.1451103773311786,0,0,0,0,0,0,120,0.7547169811320755,229.14166666666665,0.0,0.1026845916906148,4.045943957095915,0.904146013663016,1.5648738993983808,0.0003802014034964273,0.0,259,142
2023-11-30,45.0,2.1451103773311786,0,0,0,0,0,0,120,0.7547169811320755,230.14166666666665,0.0,0.10306601600388417,4.061006866092351,0.904146013663016,1.5648738993983808,0.00038142431326938455,0.0,259,142
2023-12-01,45.0,2.1451103773311786,0,0,0,0,0,0,120,0.7547169811320755,231.14166666666665,0.0,0.10344866574075762,4.076118284089828,0.904146013663016,1.5648738993983808,0.0003826497368734552,0.0,259,142
2023-12-02,45.0,2.1451103773311786,0,0,0,0,0,0,120,0.7547169811320755,232.14166666666665,0.0,0.10383254340972359,4.091278310779988,0.904146013663016,1.5648738993983808,0.0003838776689659497,0.0,259,142
2023-12-03,45.0,2.1451103773311786,0,0,0,0,0,0,120,0.7547169811320755,233.14166666666665,0.0,0.10421765151383502,4.106487045640764,0.904146013663016,1.5648738993983808,0.000385108104111457,0.0,259,142
2023-12-04,45.0,2.1451103773311786,0,0,0,0,0,0,120,0.7547169811320755,234.14166666666665,0.0,0.10460399255061646,4.121744587932688,0.904146013663016,1.5648738993983808,0.0003863410367814194,0.0,259,142
2023-12-05,45.0,2.1451103773311786,0,0,0,0,0,0,120,0.7547169811320755,235.14166666666665,0.0,0.10499156901197017,4.137051036695187,0.904146013663016,1.5648738993983808,0.0003875764613537083,0.0,259,142
2023-12-06,45.0,2.1451103773311786,0,0,0,0,0,0,120,0.7547169811320755,236.14166666666665,0.0,0.10538038338408234,4.152406490742846,0.904146013663016,1.5648738993983808,0.0003888143721122016,0.0,259,142
2023-12-07,45.0,2.1451103773311786,0,0,0,0,0,0,121,0.7610062893081762,235.1900826446281,0.0,0.10577043814732873,4.1678110486616795,0.904146013663016,1.5648738993983808,0.0003900547632463633,0.0,259,142
2023-12-08,45.0,2.1451103773311786,0,0,0,0,0,0,122,0.7672955974842768,234.2622950819672,0.0,0.10616173577617956,4.183264808805358,0.904146013663016,1.5648738993983808,0.00039129762885082426,0.0,259,142
2023-12-09,45.0,2.1451103773311786,0,0,0,0,0,0,122,0.7672955974842768,235.2622950819672,0.0,0.1065542787391045,4.198767869291437,0.904146013663016,1.5648738993983808,0.000392542962924965,0.0,259,142
2023-12-10,45.0,2.1451103773311786,0,0,0,0,0,0,122,0.7672955974842768,236.2622950819672,0.0,0.106948069498477,4.214320327997568,0.904146013663016,1.5648738993983808,0.0003937907593725003,0.0,259,142
2023-12-11,45.0,2.1451103773311786,0,0,0,0,0,0,122,0.7672955974842768,237.2622950819672,0.0,0.10734311051047807,4.229922282557683,0.904146013663016,1.5648738993983808,0.00039504101200106513,0.0,259,142
2023-12-12,45.0,2.1451103773311786,0,0,0,0,0,0,122,0.7672955974842768,238.2622950819672,0.0,0.10773940422499989,4.24557383035817,0.904146013663016,1.5648738993983808,0.0003962937145218036,0.0,259,142
2023-12-13,45.0,2.1451103773311786,0,0,0,0,0,0,122,0.7672955974842768,239.2622950819672,0.0,0.10813695308554885,4.261275068534037,0.904146013663016,1.5648738993983808,0.00039754886054895854,0.0,259,142
2023-12-14,45.0,2.1451103773311786,0,0,0,0,0,0,122,0.7672955974842768,240.2622950819672,0.0,0.1085357595291483,4.277026093965043,0.904146013663016,1.5648738993983808,0.0003988064435994644,0.0,259,142
2023-12-15,45.0,2.1451103773311786,0,0,0,0,0,0,122,0.7672955974842768,241.2622950819672,0.0,0.10893582598624085,4.292827003271834,0.904146013663016,1.5648738993983808,0.00040006645709254066,0.0,259,142
2023-12-16,45.0,2.1451103773311786,0,0,0,0,0,0,122,0.7672955974842768,242.2622950819672,0.0,0.10933715488059013,4.308677892812045,0.904146013663016,1.5648738993983808,0.0004013288943492887,0.0,259,142
2023-12-17,45.0,2.1451103773311786,0,0,0,0,0,0,122,0.7672955974842768,243.2622950819672,0.0,0.10973974862918241,4.3245788586763965,0.904146013663016,1.5648738993983808,0.00040259374859229,0.0,259,142
2023-12-18,45.0,2.1451103773311786,0,0,0,0,0,0,123,0.7735849056603774,242.28455284552845,0.0,0.11014360964212763,4.340529996684772,0.904146013663016,1.5648738993983808,0.0004038610129452071,0.0,259,142
2023-12-19,45.0,2.1451103773311786,0,0,0,0,0,0,123,0.7735849056603774,243.28455284552845,0.0,0.11054874032256001,4.356531402382281,0.904146013663016,1.5648738993983808,0.0004051306804323857,0.0,259,142
2023-12-20,45.0,2.1451103773311786,0,0,0,0,0,0,123,0.7735849056603774,244.28455284552845,0.0,0.11095514306653848,4.372583171035302,0.904146013663016,1.5648738993983808,0.00040640274397846075,0.0,259,142
2023-12-21,45.0,2.1451103773311786,0,0,0,0,0,0,123,0.7735849056603774,245.28455284552845,0.0,0.11136282026294646,4.388685397627514,0.904146013663016,1.5648738993983808,0.0004076771964079625,0.0,259,142
2023-12-22,45.0,2.1451103773311786,0,0,0,0,0,0,123,0.7735849056603774,246.28455284552845,0.0,0.11177177429339138,4.404838176855911,0.904146013663016,1.5648738993983808,0.00040895403044492756,0.0,259,142
2023-12-23,45.0,2.1451103773311786,0,0,0,0,0,0,123,0.7735849056603774,247.28455284552845,0.0,0.11218200753210388,4.421041603126806,0.904146013663016,1.5648738993983808,0.0004102332387125108,0.0,259,142
2023-12-24,45.0,2.1451103773311786,0,0,0,0,0,0,123,0.7735849056603774,248.28455284552845,0.0,0.1125935223458365,4.4372957705518035,0.904146013663016,1.5648738993983808,0.00041151481373259935,0.0,259,142
2023-12-25,45.0,2.1451103773311786,0,0,0,0,0,0,123,0.7735849056603774,249.28455284552845,0.0,0.11300632109376191,4.453600772943783,0.904146013663016,1.5648738993983808,0.0004127987479254302,0.0,259,142
2023-12-26,45.0,2.1451103773311786,0,0,0,0,0,0,123,0.7735849056603774,250.28455284552845,0.0,0.11342040612737112,4.4699567038128425,0.904146013663016,1.5648738993983808,0.00041408503360920994,0.0,259,142
2023-12-27,45.0,2.1451103773311786,0,0,0,0,0,0,123,0.7735849056603774,251.28455284552845,0.0,0.11383577979037085,4.486363656362238,0.904146013663016,1.5648738993983808,0.00041537366299973684,0.0,259,142
2023-12-28,45.0,2.1451103773311786,0,0,0,0,0,0,124,0.779874213836478,250.25806451612902,0.0,0.11425244441858089,4.502821723484311,0.904146013663016,1.5648738993983808,0.0004166646282100263,0.0,259,142
2023-12-29,45.0,2.1451103773311786,0,0,0,0,0,0,125,0.7861635220125787,249.256,0.0,0.11467040233983082,4.519330997756393,0.904146013663016,1.5648738993983808,0.0004179579212499375,0.0,259,142
2023-12-30,45.0,2.1451103773311786,0,0,0,0,0,0,125,0.7861635220125787,250.256,0.0,0.11508965587385662,4.535891571436704,0.904146013663016,1.5648738993983808,0.0004192535340258051,0.0,259,142
2023-12-31,45.0,2.1451103773311786,0,0,0,0,0,0,125,0.7861635220125787,251.256,0.0,0.11551020733219673,4.552503536460229,0.904146013663016,1.5648738993983808,0.0004205514583400715,0.0,259,142
2024-01-01,45.0,2.1451103773311786,0,0,0,0,0,0,125,0.7861635220125787,252.256,0.0,0.11593205901808762,4.569166984434583,0.904146013663016,1.5648738993983808,0.000421851685890923,0.0,259,142
2024-01-02,45.0,2.1451103773311786,0,0,0,0,0,0,125,0.7861635220125787,253.256,0.0,0.11635521322635956,4.585882006635858,0.904146013663016,1.5648738993983808,0.00042315420827192956,0.0,259,142
2024-01-03,45.0,2.1451103773311786,0,0,0,0,0,0,125,0.7861635220125787,254.256,0.0,0.11677967224333123,4.60264869400447,0.904146013663016,1.5648738993983808,0.0004244590169716858,0.0,259,142
2024-01-04,45.0,2.1451103773311786,0,0,0,0,0,0,125,0.7861635220125787,255.256,0.0,0.11720543834670469,4.619467137140969,0.904146013663016,1.5648738993983808,0.00042576610337345634,0.0,259,142
2024-01-05,45.0,2.1451103773311786,0,0,0,0,0,0,126,0.7924528301886793,254.2301587301587,0.0,0.11763251380545951,4.636337426301856,0.904146013663016,1.5648738993983808,0.00042707545875482364,0.0,259,142
2024-01-06,45.0,2.1451103773311786,0,0,0,0,0,0,126,0.7924528301886793,255.2301587301587,0.0,0.11806090087974686,4.65325965139537,0.904146013663016,1.5648738993983808,0.0004283870742873396,0.0,259,142
2024-01-07,45.0,2.1451103773311786,0,0,0,0,0,0,126,0.7924528301886793,256.23015873015873,0.0,0.11849060182078303,4.670233901977271,0.904146013663016,1.5648738993983808,0.00042970094103617887,0.0,259,142
2024-01-08,45.0,2.1451103773311786,0,0,0,0,0,0,126,0.7924528301886793,257.23015873015873,0.0,0.11892161887074283,4.687260267246611,0.904146013663016,1.5648738993983808,0.0004310170499597971,0.0,259,142
2024-01-09,45.0,2.1451103773311786,0,0,0,0,0,0,126,0.7924528301886793,258.23015873015873,0.0,0.11935395426265244,4.7043388360414795,0.904146013663016,1.5648738993983808,0.00043233539190959175,0.0,259,142
2024-01-10,45.0,2.1451103773311786,0,0,0,0,0,0,126,0.7924528301886793,259.23015873015873,0.0,0.11978761022028198,4.721469696834749,0.904146013663016,1.5648738993983808,0.00043365595762956513,0.0,259,142
2024-01-11,45.0,2.1451103773311786,0,0,0,0,0,0,126,0.7924528301886793,260.23015873015873,0.0,0.12022258895803796,4.7386529377298015,0.904146013663016,1.5648738993983808,0.0004349787377559931,0.0,259,142
2024-01-12,45.0,2.1451103773311786,0,0,0,0,0,0,126,0.7924528301886793,261.23015873015873,0.0,0.12065889268085508,4.755888646456235,0.904146013663016,1.5648738993983808,0.00043630372281709456,0.0,259,142
2024-01-13,45.0,2.1451103773311786,0,0,0,0,0,0,126,0.7924528301886793,262.23015873015873,0.0,0.12109652358408779,4.773176910365572,0.904146013663016,1.5648738993983808,0.00043763090323270716,0.0,259,142
2024-01-14,45.0,2.1451103773311786,0,0,0,0,0,0,127,0.7987421383647799,261.1653543307087,0.0,0.12153548385340175,4.7905178164269415,0.904146013663016,1.5648738993983808,0.00043896026931396383,0.0,259,142
2024-01-15,45.0,2.1451103773311786,0,0,0,0,0,0,127,0.7987421383647799,262.1653543307087,0.0,0.1219757756646647,4.807911451222761,0.904146013663016,1.5648738993983808,0.00044029181126297465,0.0,259,142
2024-01-16,45.0,2.1451103773311786,0,0,0,0,0,0,127,0.7987421383647799,263.1653543307087,0.0,0.12241740118383723,4.825357900944386,0.904146013663016,1.5648738993983808,0.0004416255191725123,0.0,259,142
2024-01-17,45.0,2.1451103773311786,0,0,0,0,0,0,127,0.7987421383647799,264.1653543307087,0.0,0.12286036256686293,4.842857251387773,0.904146013663016,1.5648738993983808,0.0004429613830257,0.0,259,142
2024-01-18,45.0,2.1451103773311786,0,0,0,0,0,0,127,0.7987421383647799,265.1653543307087,0.0,0.12330466195955865,4.8604095879491105,0.904146013663016,1.5648738993983808,0.00044429939269570424,0.0,259,142
2024-01-19,45.0,2.1451103773311786,0,0,0,0,0,0,127,0.7987421383647799,266.1653543307087,0.0,0.12375030149750407,4.8780149956204415,0.904146013663016,1.5648738993983808,0.00044563953794543115,0.0,259,142
2024-01-20,45.0,2.1451103773311786,0,0,0,0,0,0,127,0.7987421383647799,267.1653543307087,0.0,0.12419728330593131,4.895673558985285,0.904146013663016,1.5648738993983808,0.00044698180842722614,0.0,259,142
2024-01-21,45.0,2.1451103773311786,0,0,0,0,0,0,127,0.7987421383647799,268.1653543307087,0.0,0.12464560949961385,4.913385362214232,0.904146013663016,1.5648738993983808,0.00044832619368257814,0.0,259,142
2024-01-22,45.0,2.1451103773311786,0,0,0,0,0,0,127,0.7987421383647799,269.1653543307087,0.0,0.1250952821827557,4.931150489060533,0.904146013663016,1.5648738993983808,0.0004496726831418272,0.0,259,142
2024-01-23,45.0,2.1451103773311786,0,0,0,0,0,0,127,0.7987421383647799,270.1653543307087,0.0,0.1255463034488796,4.948969022855685,0.904146013663016,1.5648738993983808,0.00045102126612387697,0.0,259,142
2024-01-24,45.0,2.1451103773311786,0,0,0,0,0,0,127,0.7987421383647799,271.1653543307087,0.0,0.12599867538071552,4.9668410465049915,0.904146013663016,1.5648738993983808,0.0004523719318359095,0.0,259,142
2024-01-25,45.0,2.1451103773311786,0,0,0,0,0,0,127,0.7987421383647799,272.1653543307087,0.0,0.1264524000500886,4.984766642483118,0.904146013663016,1.5648738993983808,0.00045372466937310623,0.0,259,142
2024-01-26,45.0,2.1451103773311786,0,0,0,0,0,0,127,0.7987421383647799,273.1653543307087,0.0,0.12690747951780698,5.002745892829641,0.904146013663016,1.5648738993983808,0.000455079467718372,0.0,259,142
2024-01-27,45.0,2.1451103773311786,0,0,0,0,0,0,127,0.7987421383647799,274.1653543307087,0.0,0.12736391583354903,5.02077887914458,0.904146013663016,1.5648738993983808,0.0004564363157420627,0.0,259,142
2024-01-28,45.0,2.1451103773311786,0,0,0,0,0,0,127,0.7987421383647799,275.1653543307087,0.0,0.12782171103575077,5.038865682583921,0.904146013663016,1.5648738993983808,0.00045779520220171906,0.0,259,142
2024-01-29,45.0,2.1451103773311786,0,0,0,0,0,0,127,0.7987421383647799,276.1653543307087,0.0,0.12828086715149253,5.0570063838551285,0.904146013663016,1.5648738993983808,0.00045915611574180265,0.0,259,142
2024-01-30,45.0,2.1451103773311786,0,0,0,0,0,0,127,0.7987421383647799,277.1653543307087,0.0,0.12874138619638595,5.075201063212647,0.904146013663016,1.5648738993983808,0.0004605190448934376,0.0,259,142
2024-01-31,45.0,2.1451103773311786,0,0,0,0,0,0,127,0.7987421383647799,278.1653543307087,0.0,0.12920327017446012,5.093449800453398,0.904146013663016,1.5648738993983808,0.00046188397807415634,0.0,259,142
2024-02-01,45.0,2.1451103773311786,0,0,0,0,0,0,128,0.8050314465408805,276.9921875,0.0,0.12966652107804777,5.111752674912257,0.904146013663016,1.5648738993983808,0.00046325090358765014,0.0,259,142
2024-02-02,45.0,2.1451103773311786,0,0,0,0,0,0,128,0.8050314465408805,277.9921875,0.0,0.1301311408876713,5.130109765457528,0.904146013663016,1.5648738993983808,0.00046461980962352316,0.0,259,142
2024-02-03,45.0,2.1451103773311786,0,0,0,0,0,0,128,0.8050314465408805,278.9921875,0.0,0.13059713157192837,5.148521150486405,0.904146013663016,1.5648738993983808,0.0004659906842570524,0.0,259,142
2024-02-04,45.0,2.1451103773311786,0,0,0,0,0,0,128,0.8050314465408805,279.9921875,0.0,0.1310644950873773,5.16698690792043,0.904146013663016,1.5648738993983808,0.0004673635154489515,0.0,259,142
2024-02-05,45.00000000000001,2.145110377331179,0,0,0,0,0,0,128,0.8050314465408805,280.9921875,0.0,0.13153323337842246,5.185507115200932,0.904146013663016,1.5648738993983806,0.0004687382910451394,0.0,259,142
2024-02-06,45.00000000000001,2.145110377331179,0,0,0,0,0,0,128,0.8050314465408805,281.9921875,0.0,0.132003348377199,5.204081849284464,0.904146013663016,1.5648738993983806,0.00047011499877651407,0.0,259,142
2024-02-07,45.000000000000014,2.145110377331179,0,0,0,0,0,0,128,0.8050314465408805,282.9921875,0.0,0.1324748420034577,5.222711186638225,0.904146013663016,1.5648738993983806,0.0004714936262587302,0.0,259,142
2024-02-08,45.00000000000003,2.145110377331179,0,0,0,0,0,0,128,0.8050314465408805,283.9921875,0.0,0.1329477161644497,5.24139520323549,0.904146013663016,1.5648738993983806,0.0004728741609919828,0.0,259,142
2024-02-09,45.000000000000064,2.1451103773311795,0,0,0,0,0,0,128,0.8050314465408805,284.9921875,0.0,0.1334219727548105,5.260133974551003,0.904146013663016,1.5648738993983802,0.0004742565903607953,0.0,259,142
2024-02-10,45.00000000000013,2.1451103773311804,0,0,0,0,0,0,128,0.8050314465408805,285.9921875,0.0,0.1338976136564443,5.27892757555639,0.904146013663016,1.5648738993983793,0.00047564090163381155,0.0,259,142
2024-02-11,45.00000000000025,2.145110377331182,0,0,0,0,0,0,128,0.8050314465408805,286.9921875,0.0,0.1343746407384079,5.297776080715543,0.9041460136630164,1.5648738993983777,0.00047702708196359546,0.0,259,142
2024-02-12,45.0000000000005,2.145110377331186,0,0,0,0,0,0,128,0.8050314465408805,287.9921875,0.0,0.1348530558567943,5.316679563980013,0.9041460136630167,1.5648738993983737,0.0004784151183864326,0.0,259,142
2024-02-13,45.00000000000097,2.1451103773311937,0,0,0,0,0,0,128,0.8050314465408805,288.9921875,0.0,0.1353328608546165,5.335638098784379,0.9041460136630174,1.564873899398366,0.000479804997822139,0.0,259,142
2024-02-14,45.0000000000019,2.1451103773312084,0,0,0,0,0,0,128,0.8050314465408805,289.9921875,0.0,0.13581405756169035,5.35465175804162,0.9041460136630194,1.5648738993983513,0.0004811967070738753,0.0,259,142
2024-02-15,45.00000000000369,2.1451103773312363,0,0,0,0,0,0,128,0.8050314465408805,290.9921875,0.0,0.13629664779451828,5.3737206141384855,0.9041460136630224,1.5648738993983233,0.0004825902328279641,0.0,259,142
2024-02-16,45.000000000007105,2.145110377331289,0,0,0,0,0,0,129,0.8113207547169812,289.73643410852713,0.0,0.13678063335617202,5.392844738930833,0.9041460136630288,1.5648738993982707,0.00048398556165371516,0.0,259,142
2024-02-17,45.00000000001361,2.1451103773313895,0,0,0,0,0,0,130,0.8176100628930818,288.5076923076923,0.0,0.13726601603617528,5.412024203738998,0.9041460136630407,1.5648738993981701,0.0004853826800032551,0.0,259,142
2024-02-18,45.000000000025864,2.14511037733158,0,0,0,0,0,0,130,0.8176100628930818,289.5076923076923,0.0,0.13775279761038664,5.431259079343116,0.9041460136630631,1.5648738993979798,0.00048678157421136274,0.0,259,142
2024-02-19,45.00000000004882,2.1451103773319367,0,0,0,0,0,0,130,0.8176100628930818,290.5076923076923,0.0,0.13824097984088193,5.450549435978471,0.9041460136631047,1.5648738993976232,0.0004881822304953103,0.0,259,142
2024-02-20,45.00000000009153,2.1451103773326,0,0,0,0,0,0,130,0.8176100628930818,291.5076923076923,0.0,0.13873056447583668,5.46989534333082,0.9041460136631824,1.5648738993969595,0.0004895846349547133,0.0,259,142
2024-02-21,45.00000000017041,2.145110377333826,0,0,0,0,0,0,130,0.8176100628930818,292.5076923076923,0.0,0.13922155324940808,5.4892968705317156,0.9041460136633258,1.5648738993957338,0.0004909887735713862,0.0,259,142
2024-02-22,45.00000000031506,2.145110377336073,0,0,0,0,0,0,130,0.8176100628930818,293.5076923076923,0.0,0.13971394788161726,5.508754086153826,0.9041460136635893,1.564873899393487,0.0004923946322092093,0.0,259,142
2024-02-23,45.00000000057848,2.1451103773401643,0,0,0,0,0,0,130,0.8176100628930818,294.5076923076923,0.0,0.14020775007823127,5.52826705820625,0.9041460136640683,1.5648738993893956,0.000493802196614008,0.0,259,142
2024-02-24,45.000000001054794,2.1451103773475624,0,0,0,0,0,0,130,0.8176100628930818,295.5076923076923,0.0,0.14070296153064474,5.54783585412982,0.9041460136649351,1.5648738993819973,0.0004952114524134514,0.0,259,142
2024-02-25,45.00000000190999,2.1451103773608464,0,0,0,0,0,0,130,0.8176100628930818,296.5076923076923,0.0,0.1411995839157617,5.567460540792415,0.9041460136664909,1.5648738993687132,0.0004966223851169776,0.0,259,142
2024-02-26,45.0000000034346,2.1451103773845284,0,0,0,0,0,0,130,0.8176100628930818,297.5076923076923,0.0,0.14169761889587745,5.587141184484262,0.9041460136692648,1.5648738993450313,0.0004980349801157637,0.0,259,142
2024-02-27,45.00000000613348,2.145110377426451,0,0,0,0,0,0,130,0.8176100628930818,298.5076923076923,0.0,0.14219706811856023,5.606877850913238,0.9041460136741756,1.5648738993031088,0.0004994492226827638,0.0,259,142
2024-02-28,45.00000001087731,2.1451103775001377,0,0,0,0,0,0,130,0.8176100628930818,299.5076923076923,0.0,0.14269793321653307,5.6266706052001965,0.9041460136828071,1.5648738992294218,0.0005008650979728608,0.0,259,142
2024-02-29,45.00000001915667,2.1451103776287423,0,0,0,0,0,0,130,0.8176100628930818,300.5076923076923,0.0,0.1432002158075563,5.646519511874269,0.9041460136978714,1.564873899100817,0.0005022825910232004,0.0,259,142
2024-03-01,45.00000003350447,2.145110377851609,0,0,0,0,0,0,131,0.8238993710691824,299.21374045801525,0.0,0.1437039174943101,5.666424634868239,0.9041460137239772,1.5648738988779507,0.0005037016867538235,0.0,259,142
2024-03-02,45.00000005819283,2.145110378235097,0,0,0,0,0,0,131,0.8238993710691824,300.21374045801525,0.0,0.14420903986427888,5.686386037513918,0.9041460137688972,1.564873898494463,0.0005051223699687828,0.0,259,142
2024-03-03,45.00000010037379,2.1451103788903,0,0,0,0,0,0,133,0.8364779874213837,296.69924812030075,0.0,0.14471558448963692,5.70640378253762,0.9041460138456453,1.56487389783926,0.0005065446253580428,0.0,259,142
2024-03-04,45.000000171931404,2.145110380001815,0,0,0,0,0,0,133,0.8364779874213837,297.69924812030075,0.0,0.14522355292713757,5.726477932055753,0.9041460139758439,1.5648738967277447,0.000507968437500632,0.0,259,142
2024-03-05,45.00000029246517,2.145110381874084,0,0,0,0,0,0,135,0.8490566037735849,294.2888888888889,0.0,0.14573294671800735,5.746608547570608,0.9041460141951542,1.5648738948554757,0.0005093937908697972,0.0,259,142
2024-03-06,45.00000049405712,2.1451103850054425,0,0,0,0,0,0,135,0.8490566037735849,295.2888888888889,0.0,0.14624376738784867,5.766795689966482,0.9041460145619492,1.5648738917241174,0.0005108206698413202,0.0,259,142
2024-03-07,45.00000082882766,2.1451103902054838,0,0,0,0,0,0,135,0.8490566037735849,296.2888888888889,0.0,0.14675601644655548,5.787039419506316,0.9041460151710622,1.5648738865240759,0.0005122490587067912,0.0,259,142
2024-03-08,45.00000138081462,2.1451103987795808,0,0,0,0,0,0,137,0.8616352201257862,292.963503649635,0.0,0.14726969538825008,5.807339795829158,0.9041460161753988,1.564873877949979,0.0005136789416946006,0.0,259,142
2024-03-09,45.000002284496965,2.1451104128166145,0,0,0,0,0,0,137,0.8616352201257862,293.963503649635,0.0,0.1477848056912529,5.827696877948908,0.9041460178196423,1.5648738639129454,0.0005151103030028304,0.0,259,142
2024-03-10,45.000003753443295,2.1451104356339785,0,0,0,0,0,0,139,0.8742138364779874,290.73381294964025,0.0,0.14830134881810325,5.848110724255086,0.9041460204923799,1.5648738410955814,0.0005165431268503528,0.0,259,142
2024-03-11,45.000006124254064,2.145110472460138,0,0,0,0,0,0,139,0.8742138364779874,291.73381294964025,0.0,0.14881932621565877,5.868581392516663,0.9041460248060535,1.564873804269422,0.0005179773975555364,0.0,259,142
2024-03-12,45.00000992340246,2.145110531472875,0,0,0,0,0,0,141,0.8867924528301887,288.59574468085106,0.0,0.14933873931531524,5.889108939890618,0.9041460317185765,1.564873745256685,0.0005194130996564562,0.0,259,142
2024-03-13,45.00001596805712,2.145110625365395,0,0,0,0,0,0,141,0.8867924528301887,289.59574468085106,0.0,0.14985958953340817,5.909693422937633,0.9041460427167805,1.564873651364165,0.0005208502180929457,0.0,259,142
2024-03-14,45.000025516882616,2.1451107736886668,0,0,0,0,0,0,141,0.8867924528301887,290.59574468085106,0.0,0.15038187827188818,5.930334897648503,0.9041460600907889,1.5648735030408931,0.0005222887384799738,0.0,259,142
2024-03-15,45.00004049367755,2.145111006325361,0,0,0,0,0,0,143,0.89937106918239,287.53146853146853,0.0,0.15090560691940286,5.951033419486511,0.9041460873409379,1.5648732704041988,0.0005237286475147081,0.0,259,142
2024-03-16,45.000063816192764,2.14511136859732,0,0,0,0,0,0,143,0.89937106918239,288.53146853146853,0.0,0.1514307768529803,5.9717890434533665,0.9041461297760404,1.5648729081322397,0.000525169933577393,0.0,259,142
2024-03-17,45.000099875422045,2.14511192870996,0,0,0,0,0,0,145,0.9119496855345912,285.55172413793105,0.0,0.15195738944059098,5.992601824189618,0.9041461953853885,1.5648723480195998,0.0005266125876106985,0.0,259,142
2024-03-18,45.00015522813167,2.1451127885107084,0,0,0,0,0,0,145,0.9119496855345912,286.55172413793105,0.0,0.15248544604498665,6.013471816125109,0.9041462960989325,1.5648714882188515,0.0005280566043956914,0.0,259,142
2024-03-19,45.000239588682426,2.14511409889134,0,0,0,0,0,0,145,0.9119496855345912,287.55172413793105,0.0,0.15301494802937277,6.034399073701357,0.904146449591405,1.5648701778382195,0.0005295019843861189,0.0,259,142
2024-03-20,45.00036723683363,2.145116081662475,0,0,0,0,0,0,145,0.9119496855345912,288.55172413793105,0.0,0.15354589676569697,6.055383651696517,0.9041466818445123,1.5648681950670846,0.0005309487363242112,0.0,259,142
2024-03-21,45.00055899797581,2.145119060284909,0,0,0,0,0,0,145,0.9119496855345912,289.55172413793105,0.0,0.1540782936466282,6.076425605695057,0.9041470307464572,1.5648652164446508,0.0005323968809312204,0.0,259,142
2024-03-22,45.00084500310044,2.145123502797458,0,0,0,0,0,0,157,0.9874213836477987,268.4203821656051,0.0,0.15461214010271218,6.097524992760438,0.9041475511198508,1.564860773932102,0.000533846456083977,0.0,259,142
2024-03-23,45.0012684998953,2.145130080965692,0,0,0,0,0,0,159,1.0,266.04402515723274,0.0,0.15514743762669106,6.1186818723887395,0.9041483216491358,1.5648541957638678,0.0005352975239788668,0.0,259,142
2024-03-24,45.001891065776555,2.1451397511143453,0,0,0,0,0,0,159,1.0,267.04402515723274,0.0,0.1556841878076559,6.139896307847889,0.904149454346813,1.5648445256152144,0.0005367501809648396,0.0,259,142
2024-03-25,45.002799670367025,2.1451538642254575,0,0,0,0,0,0,159,1.0,268.04402515723274,0.0,0.15622239237864768,6.161168368044289,0.9041511074454598,1.5648304125041024,0.0005382045709917926,0.0,259,142
2024-03-26,45.0041161503721,2.1451743121121436,0,0,0,0,0,0,159,1.0,269.04402515723274,0.0,0.15676205328220166,6.182498130093141,0.9041535025109412,1.5648099646174163,0.0005396609035539916,0.0,259,142
2024-03-27,45.00600979460894,2.1452037246536406,0,0,0,0,0,0,159,1.0,270.04402515723274,0.0,0.15730317276019112,6.203885682841722,0.9041569475277607,1.564780552075919,0.0005411194779894398,0.0,259,142
2024-03-28,45.00871389040611,2.1452457211034077,0,0,0,0,0,0,159,1.0,271.04402515723274,0.0,0.1578457534748217,6.225331131614328,0.9041618663010834,1.564738555626152,0.0005425807146305807,0.0,259,142
2024-03-29,45.01254725208446,2.145305255821568,0,0,0,0,0,0,159,1.0,272.04402515723274,0.0,0.15838979867254258,6.246834604640338,0.904168838886223,1.5646790209079917,0.0005440451977209168,0.0,259,142
2024-03-30,45.017941932537155,2.1453890388838683,0,0,0,0,0,0,159,1.0,273.04402515723274,0.0,0.15893531240057174,6.2683962615457345,0.9041786507277062,1.5645952378456913,0.0005455137280291206,0.0,259,142
2024-03-31,45.02547850148421,2.1455060636916756,0,0,0,0,0,0,159,1.0,274.04402515723274,0.0,0.1594822997897321,6.290016304445332,0.9041923542203334,1.5644782130378843,0.0005469873891603893,0.0,259,142
2024-04-01,5.0359304461239285,1.1507223771795911,0,0,0,0,0,0,159,1.0,275.04402515723274,0.0,0.15986866328745794,6.305328452910746,0.7332828404505131,2.5592618995499685,0.0003863634977258,0.0,327,74
2024-04-02,45.05031939418538,2.1458916664565444,0,0,0,0,0,0,159,1.0,276.04402515723274,0.0,0.1604182636458169,6.327052083745155,0.9042374972740411,1.5640926102730155,0.0005496003583589922,0.0,259,142
2024-04-03,45.06998295302586,2.146196834918333,0,0,0,0,0,0,159,1.0,277.04402515723274,0.0,0.160969363982686,6.348835135217088,0.9042732121775711,1.5637874418112268,0.0005511003368690854,0.0,259,142
2024-04-04,45.09665697308529,2.146610802183226,0,0,0,0,0,0,159,1.0,278.04402515723274,0.0,0.16152197869684642,6.370678172886693,0.9043216438018301,1.563373474546334,0.0005526147141604573,0.0,259,142
2024-04-05,45.13257394604026,2.1471676430109676,0,0,0,0,0,0,159,1.0,279.04402515723274,0.0,0.16207612641238303,6.392581928017365,0.9043867610221206,1.5628166337185923,0.0005541477155365689,0.0,258,143
2024-04-06,45.18057899922423,2.147911892076284,0,0,0,0,0,0,159,1.0,280.04402515723274,0.0,0.16263183129093337,6.4145473490402285,0.9044737405887411,1.5620723846532756,0.0005557048785503746,0.0,258,143
2024-04-07,45.24426450723618,2.148897723702549,0,0,0,0,0,0,159,1.0,281.04402515723274,0.0,0.16318912425758003,6.436575649632452,0.9045888598363001,1.5610865530270108,0.0005572929666466264,0.0,258,143
2024-04-08,45.32812366772743,2.150195837121834,0,0,0,0,0,0,159,1.0,282.04402515723274,0.0,0.16374804506913926,6.4586683898297945,0.9047402823321715,1.5597884396077257,0.0005589208115592383,0.0,258,143
2024-04-09,45.43772244291014,2.1518858362392876,0,0,0,0,0,0,159,1.0,283.04402515723274,0.0,0.16430864346559365,6.480827521182141,0.9049371398148739,1.558098440490272,0.0005605983964543897,0.0,258,143
2024-04-10,45.57988802092092,2.154078011297539,0,0,0,0,0,0,159,1.0,284.04402515723274,0.0,0.16487098296189878,6.503055535447738,0.9051920245762883,1.5559062654320206,0.0005623394963051435,0.0,257,144
2024-04-11,45.7629103846519,2.156900192774147,0,0,0,0,0,0,159,1.0,285.04402515723274,0.0,0.16543514303255386,6.525355550250055,0.9055193820186996,1.5530840839554125,0.000564160070655035,0.0,257,144
2024-04-12,45.99675169241121,2.1604831929850046,0,0,0,0,0,0,159,1.0,286.04402515723274,0.0,0.16600121947260338,6.547731323207312,0.9059337279891564,1.5495010837445553,0.0005660764400495643,0.0,257,144
2024-04-13,46.29325600324493,2.1650263381564763,0,0,0,0,0,0,159,1.0,287.04402515723274,0.0,0.16656933266502,6.570187576087774,0.9064570767158313,1.5449579385730836,0.0005681131924165825,0.0,257,144
2024-04-14,46.66634948073634,2.1706925058761826,0,0,0,0,0,0,159,1.0,288.04402515723274,0.0,0.16713962293391016,6.592729812498991,0.9071066106791159,1.5392917708533773,0.0005702902688902019,0.0,256,145
2024-04-15,47.13221868101055,2.1777676577709504,0,0,0,0,0,0,159,1.0,289.04402515723274,0.0,0.16771226512049134,6.615364889332529,0.9079127036871223,1.5322166189586095,0.000572642186581149,0.0,256,145
2024-04-16,47.70945201296719,2.1863722173558613,0,0,0,0,0,0,159,1.0,290.04402515723274,0.0,0.1682874477968638,6.638100201456637,0.9088856262068716,1.5236120593736984,0.0005751826763724356,0.0,256,145
2024-04-17,48.41912713254185,2.19695102754274,0,0,0,0,0,0,159,1.0,291.04402515723274,0.0,0.16886541154103651,6.660945182270092,0.9100706168344209,1.5130332491868197,0.0005779637441727559,0.0,254,147
2024-04-18,49.28482511768256,2.209838027901387,0,0,0,0,0,0,159,1.0,292.04402515723274,0.0,0.16944643371516202,6.683910706310216,0.9114975283046327,1.5001462488281727,0.0005810221741255067,0.0,254,147
2024-04-19,50.33255101721717,2.22503596587448,0,0,0,0,0,0,159,1.0,293.04402515723274,0.0,0.17003078674100547,6.707007452728611,0.913156842224016,1.4849483108550798,0.0005843530258434244,0.0,253,148
2024-04-20,51.59054004351111,2.243283905723003,0,0,0,0,0,0,159,1.0,294.04402515723274,0.0,0.17061882288050442,6.730249228507137,0.9151155884503793,1.4667003710065563,0.0005880361394989791,0.0,251,150
2024-04-21,53.088929554593435,2.2643203545361654,0,0,0,0,0,0,159,1.0,295.04402515723274,0.0,0.17121085238139677,6.75364819018795,0.9173282028965103,1.4456639221933942,0.0005920295008923817,0.0,250,151
2024-04-22,54.85927929247957,2.2891749543361444,0,0,0,0,0,0,159,1.0,296.04402515723274,0.0,0.1718072894581301,6.777220565268577,0.919879677400747,1.4208093223934153,0.0005964370767332785,0.0,248,153
2024-04-23,56.933926307734154,2.3591066350013787,0,0,0,0,0,0,159,1.0,297.04402515723274,0.0,0.17241303973388908,6.801158564179148,0.9266940149865011,1.350877641728181,0.000605750275758996,0.0,217,184
2024-04-24,59.3451667248808,2.440384121542054,0,0,0,0,0,0,159,1.0,298.04402515723274,0.0,0.1730288469504705,6.825491187754913,0.9339379749145564,1.2696001551875056,0.000615807216581417,0.0,176,225
2024-04-25,62.12426400145304,2.5023404958801114,0,0,0,0,0,0,159,1.0,299.04402515723274,0.0,0.17362843133257577,6.849175077419595,0.9390406429193672,1.2088718748263134,0.0005996476860826547,6.330397736883212e-08,145,256
2024-04-26,65.30029248549191,2.5319957799661794,0,0,0,0,0,0,159,1.0,300.04402515723274,0.0,0.1742322791116419,6.873026467676805,0.9414525441406346,1.1818277478295847,0.0006040457258541091,1.979467879634162e-07,145,256
2024-04-27,68.89883561088229,2.565596177196783,0,0,0,0,0,0,159,1.0,301.04402515723274,0.0,0.17483714726412797,6.896916239941848,0.9440971957579788,1.1515135856754624,0.0006052359844208332,3.6783193480256743e-07,143,258
2024-04-28,72.94056955465514,2.5986926564404396,0,0,0,0,0,0,159,1.0,302.04402515723274,0.0,0.17544283315706044,6.920836386095585,0.9466119297738456,1.1219941875881345,0.0006062392148070017,5.533218745148607e-07,141,260
2024-04-29,77.4397750244831,2.635535225129191,0,0,0,0,0,0,159,1.0,303.04402515723274,0.0,0.17604947488660927,6.944792209655818,0.949307768431236,1.0895351224922845,0.0006074231886455987,7.814590967932626e-07,139,262
2024-04-30,82.40283131659442,2.673694289534325,0,0,0,0,0,0,159,1.0,304.04402515723274,0.0,0.1766569881603672,6.9687803139024,0.9519872389459751,1.056371175781019,0.0006085558271134696,1.0425533555124315e-06,137,264
2024-05-01,87.82675704574788,2.7153968048889086,0,0,0,0,0,0,159,1.0,305.04402515723274,0.0,0.177265432503343,6.9928029060342345,0.954786878671591,1.020661215491033,0.0006098016825883218,1.3573396125243418e-06,135,266
2024-05-02,93.69787010375246,2.7575031850834555,0,0,0,0,0,0,159,1.0,306.04402515723274,0.0,0.1778746144721031,7.0168523097621085,0.9574795129211612,0.9851651514226926,0.0006108883947670276,1.7064260069615198e-06,133,268
2024-05-03,99.99064456105107,2.802215476363082,0,0,0,0,0,0,159,1.0,307.04402515723274,0.0,0.17848447352667485,7.040926022844662,0.9601939475639047,0.9480839592422211,0.0006119707478816666,2.1116933098672167e-06,131,270
2024-05-04,106.66684357607812,2.8496521288327132,0,0,0,0,0,0,159,1.0,308.04402515723274,0.0,0.17909259494563246,7.064927967694267,0.9629146204392146,0.9094418759663111,0.0006107036714612135,2.58225250362033e-06,128,273
2024-05-05,113.67500426574213,2.8958572551417046,0,0,0,0,0,0,159,1.0,309.04402515723274,0.0,0.17970044997857665,7.088916732654367,0.965411284275127,0.8725061398538401,0.0006109395458163578,3.084512872174513e-06,126,275
2024-05-06,120.9503424972151,2.943823895293325,0,0,0,0,0,0,159,1.0,310.04402515723274,0.0,0.18030723801985377,7.112860456958881,0.9678448245211201,0.8348616380199131,0.0006104426296993043,3.6545884221819662e-06,124,277
2024-05-07,128.4151325659813,2.990362562810776,0,0,0,0,0,0,159,1.0,311.04402515723274,0.0,0.18090982627048366,7.136634725994978,0.9700565541437484,0.7990401251565793,0.0006068484263110526,4.260175681175563e-06,121,280
2024-05-08,135.97959895689502,3.037522654798715,0,0,0,0,0,0,159,1.0,312.04402515723274,0.0,0.1815070149524115,7.160191868092582,0.9721528744998297,0.7634724427699265,0.0006021192083014019,4.930526373577641e-06,118,283
2024-05-09,143.5433354473903,3.0818541455608797,0,0,0,0,0,0,159,1.0,313.04402515723274,0.0,0.18210089938117294,7.183615341423404,0.9739961223880877,0.7307502774524399,0.0005995065349927354,5.622106231319997e-06,116,285
2024-05-10,150.99724167865742,3.125541914912536,0,0,0,0,0,0,159,1.0,314.04402515723274,0.0,0.18269086020508282,7.206880596078458,0.9756930084872452,0.6991397591193137,0.0005963233225293765,6.362498619483416e-06,114,287
2024-05-11,158.2259402983511,3.1679097296141876,0,0,0,0,0,0,159,1.0,315.04402515723274,0.0,0.18327271169220805,7.229821344100369,0.9772289156862947,0.6691007547976426,0.0005889926596964377,7.141172571184248e-06,111,290
2024-05-12,165.1106104375212,3.2060722406588895,0,0,0,0,0,0,159,1.0,316.04402515723274,0.0,0.1838494700066129,7.252557682341117,0.9785240411657914,0.6425943444539688,0.0005846552789345257,7.896964529688004e-06,109,292
2024-05-13,171.53214735963516,3.2416675515104387,0,0,0,0,0,0,159,1.0,317.04402515723274,0.0,0.1844202703511581,7.275055364434039,0.9796567848004953,0.6183104632393064,0.000579448123995901,8.647779450685228e-06,107,294
2024-05-14,177.3745353876893,3.2729508921488155,0,0,0,0,0,0,159,1.0,318.04402515723274,0.0,0.1849848877392129,7.297305635241399,0.9805929552980727,0.5973044422916626,0.000573961955279017,9.344567224230316e-06,105,296
2024-05-15,182.52830335980434,3.3005469844091455,0,0,0,0,0,0,159,1.0,319.04402515723274,0.0,0.18554684709501534,7.319448765573677,0.9813763333825253,0.5790840479336407,0.0005719527597961203,9.993403993670603e-06,104,297
2024-05-16,186.89392033601482,3.3232642701639445,0,0,0,0,0,0,159,1.0,320.04402515723274,0.0,0.1861062705313861,7.341489800309526,0.9819913544073762,0.5642926425981993,0.0005699749725724479,1.0551536201698737e-05,103,298
2024-05-17,190.38498517145163,3.341430664029306,0,0,0,0,0,0,159,1.0,321.04402515723274,0.0,0.18666268468510253,7.36341009462797,0.9824627985412827,0.5525754021111788,0.0005674242180376019,1.1010064321139292e-05,102,299
2024-05-18,192.93106751158743,3.354679668784258,0,0,0,0,0,0,159,1.0,322.04402515723274,0.0,0.18721586487054692,7.385200896233509,0.9827949969809339,0.5440858183613623,0.0005645302526032904,1.135006715891818e-05,101,300
2024-05-19,194.48006984555536,3.3626121304545276,0,0,0,0,0,0,159,1.0,323.04402515723274,0.0,0.18777048867949947,7.407048328767095,0.9829904147276742,0.5390469590613798,0.0005661810847058947,1.1557275753329133e-05,101,300
2024-05-20,195.0,3.3652746997295426,0,0,0,0,0,0,159,1.0,324.04402515723274,0.0,0.18832652977741363,7.428951531676184,0.9830550220672809,0.5373556414715903,0.0005676645075678038,1.1623409653633237e-05,101,300
2024-05-21,194.48006984555536,3.3626121304545276,0,0,0,0,0,0,159,1.0,325.04402515723274,0.0,0.1888839628007229,7.450909686087796,0.9829904147276742,0.5390469590613798,0.000568980179098105,1.1547155788873717e-05,101,300
2024-05-22,192.93106751158743,3.354679668784258,0,0,0,0,0,0,159,1.0,326.04402515723274,0.0,0.18944275672516553,7.47292174991556,0.9827949969809339,0.5440858183613623,0.0005701240813024382,1.133015685978921e-05,101,300
2024-05-23,190.38498517145163,3.341430664029306,0,0,0,0,0,0,159,1.0,327.04402515723274,0.0,0.19000759378648374,7.495174041274842,0.9824627985412827,0.5525754021111788,0.000575818075789901,1.0981014471682593e-05,102,299
2024-05-24,186.89392033601482,3.3232642701639445,0,0,0,0,0,0,159,1.0,328.04402515723274,0.0,0.19057826302090386,7.517658367927151,0.9819913544073762,0.5642926425981993,0.0005811835072433111,1.0514272823173493e-05,103,298
2024-05-25,182.52830335980434,3.3005469844091455,0,0,0,0,0,0,159,1.0,329.04402515723274,0.0,0.191154298945258,7.540356417434128,0.9813763333825253,0.5790840479336407,0.0005859849997868079,9.949075432701212e-06,104,297
2024-05-26,177.3745353876893,3.2729508921488155,0,0,0,0,0,0,159,1.0,330.04402515723274,0.0,0.19173582475445278,7.563273302371204,0.9805929552980727,0.5973044422916626,0.0005908203607104004,9.29455151559395e-06,105,296
2024-05-27,171.53214735963516,3.2416675515104387,0,0,0,0,0,0,159,1.0,331.04402515723274,0.0,0.19232637259503013,7.58654960862278,0.9796567848004953,0.6183104632393064,0.0005991413433643278,8.593502786996184e-06,107,294
2024-05-28,165.1106104375212,3.2060722406588895,0,0,0,0,0,0,159,1.0,332.04402515723274,0.0,0.1929257294134575,7.610177089576833,0.9785240411657914,0.6425943444539688,0.0006071968241649261,7.840005737595736e-06,109,292
2024-05-29,158.2259402983511,3.1679097296141876,0,0,0,0,0,0,159,1.0,333.04402515723274,0.0,0.19353303754698986,7.634121817808859,0.9772289156862947,0.6691007547976426,0.0006143910924773649,7.082958944966868e-06,111,290
2024-05-30,150.99724167865742,3.125541914912536,0,0,0,0,0,0,159,1.0,334.04402515723274,0.0,0.19415131086768428,7.658503843465515,0.9756930084872452,0.6991397591193137,0.0006245779462254973,6.304625531076734e-06,114,287
2024-05-31,143.5433354473903,3.0818541455608797,0,0,0,0,0,0,159,1.0,335.04402515723274,0.0,0.19477637310952478,7.683157295826796,0.9739961223880877,0.7307502774524399,0.0006306279950959665,5.5657532554862804e-06,116,285
2024-06-01,135.97959895689502,3.037522654798715,0,0,0,0,0,0,159,1.0,336.04402515723274,0.0,0.1954075914873533,7.708057132235224,0.9721528744998297,0.7634724427699265,0.000636095035839573,4.876658011039743e-06,118,283
2024-06-02,128.4151325659813,2.990362562810776,0,0,0,0,0,0,159,1.0,337.04402515723274,0.0,0.19604702681284011,7.733285491900293,0.9700565541437484,0.7990401251565793,0.0006436452319476743,4.2099064608484715e-06,121,280
2024-06-03,120.9503424972151,2.943823895293325,0,0,0,0,0,0,159,1.0,338.04402515723274,0.0,0.1966934727797394,7.758794485235633,0.9678448245211201,0.8348616380199131,0.0006500544122486735,3.608445349400192e-06,124,277
2024-06-04,113.67500426574213,2.8958572551417046,0,0,0,0,0,0,159,1.0,339.04402515723274,0.0,0.19734377205590328,7.784458774770319,0.965411284275127,0.8725061398538401,0.0006533424279508934,3.0431517869970753e-06,126,275
2024-06-05,106.66684357607812,2.8496521288327132,0,0,0,0,0,0,159,1.0,340.04402515723274,0.0,0.19799709535485108,7.810245397274964,0.9629146204392146,0.9094418759663111,0.000655869068056849,2.5457691090648373e-06,128,273
2024-06-06,99.99064456105107,2.802215476363082,0,0,0,0,0,0,159,1.0,341.04402515723274,0.0,0.19865484279588963,7.836210167760138,0.9601939475639047,0.9480839592422211,0.0006598278882792609,2.0804472407149024e-06,131,270
2024-06-07,93.69787010375246,2.7575031850834555,0,0,0,0,0,0,159,1.0,342.0440251572327,0.0,0.19931459589975017,7.862256890042504,0.9574795129211612,0.9851651514226926,0.0006614332601649862,1.6801563044224256e-06,133,268
2024-06-08,87.82675704574788,2.7153968048889086,0,0,0,0,0,0,159,1.0,343.0440251572327,0.0,0.19997626588380257,7.88838196706339,0.954786878671591,1.020661215491033,0.0006630057078536277,1.3357238012333097e-06,135,266
2024-06-09,82.40283131659442,2.673694289534325,0,0,0,0,0,0,159,1.0,344.0440251572327,0.0,0.20063960769562317,7.914575711964343,0.9519872389459751,1.056371175781019,0.0006643672718103568,1.0254599897644506e-06,137,264
2024-06-10,77.4397750244831,2.635535225129191,0,0,0,0,0,0,159,1.0,345.0440251572327,0.0,0.20130467064308563,7.940839941024121,0.949307768431236,1.0895351224922845,0.0006658312885191143,7.683410566703467e-07,139,262
2024-06-11,72.94056955465514,2.5986926564404396,0,0,0,0,0,0,159,1.0,346.0440251572327,0.0,0.20197133608670756,7.967169921091497,0.9466119297738456,1.1219941875881345,0.0006672092991179858,5.438554960607502e-07,141,260
2024-06-12,68.89883561088229,2.565596177196783,0,0,0,0,0,0,159,1.0,347.0440251572327,0.0,0.20263974895770873,7.993571232179367,0.9440971957579788,1.1515135856754624,0.000668774319258259,3.614482570724804e-07,143,258
2024-06-13,65.30029248549191,2.5319957799661794,0,0,0,0,0,0,159,1.0,348.0440251572327,0.0,0.20330965084470223,8.020033688659709,0.9414525441406346,1.1818277478295847,0.0006700963606122088,1.9447361867896109e-07,145,256
2024-06-14,62.12426400145304,2.5023404958801114,0,0,0,0,0,0,159,1.0,349.0440251572327,0.0,0.2039778750151169,8.04643120023739,0.9390406429193672,1.2088718748263134,0.000668286353738782,6.218332414001627e-08,145,256
2024-06-15,59.3451667248808,2.440384121542054,0,0,0,0,0,0,159,1.0,350.0440251572327,0.0,0.20466380980237214,8.073536736833223,0.9339379749145564,1.2696001551875056,0.0006859347872552514,0.0,176,225
2024-06-16,56.933926307734154,2.3591066350013787,0,0,0,0,0,0,159,1.0,351.0440251572327,0.0,0.2053411599933434,8.10030662407021,0.9266940149865011,1.350877641728181,0.0006773501909712467,0.0,217,184
2024-06-17,54.85927929247957,2.2891749543361444,0,0,0,0,0,0,159,1.0,352.0440251572327,0.0,0.20601067348739757,8.12676999627758,0.919879677400747,1.4208093223934153,0.0006695134940541456,0.0,248,153
2024-06-18,53.088929554593435,2.2643203545361654,0,0,0,0,0,0,159,1.0,353.0440251572327,0.0,0.20667820191474742,8.153156175414665,0.9173282028965103,1.4456639221933942,0.0006675284273498777,0.0,250,151
2024-06-19,51.59054004351111,2.243283905723003,0,0,0,0,0,0,159,1.0,354.0440251572327,0.0,0.20734419880041308,8.179482926656327,0.9151155884503793,1.4667003710065563,0.0006659968856656863,0.0,251,150
2024-06-20,50.33255101721717,2.22503596587448,0,0,0,0,0,0,159,1.0,355.0440251572327,0.0,0.20800899941920326,8.205763384487735,0.913156842224016,1.4849483108550798,0.0006648006187901498,0.0,253,148
2024-06-21,49.28482511768256,2.209838027901387,0,0,0,0,0,0,159,1.0,356.0440251572327,0.0,0.2086729990496515,8.232013040912491,0.9114975283046327,1.5001462488281727,0.0006639996304482263,0.0,254,147
2024-06-22,48.41912713254185,2.19695102754274,0,0,0,0,0,0,159,1.0,357.0440251572327,0.0,0.20933650196726938,8.258243822571213,0.9100706168344209,1.5130332491868197,0.0006635029176178976,0.0,254,147
2024-06-23,47.70945201296719,2.1863722173558613,0,0,0,0,0,0,159,1.0,358.0440251572327,0.0,0.2099998255589267,8.284468172958718,0.9088856262068716,1.5236120593736984,0.0006633235916573262,0.0,256,145
2024-06-24,47.13221868101055,2.1777676577709504,0,0,0,0,0,0,159,1.0,359.0440251572327,0.0,0.21066324772418374,8.310696988841858,0.9079127036871223,1.5322166189586095,0.000663422165257038,0.0,256,145
2024-06-25,46.66634948073634,2.1706925058761826,0,0,0,0,0,0,159,1.0,360.0440251572327,0.0,0.21132698629661614,8.336938812353402,0.9071066106791159,1.5392917708533773,0.0006637385724324161,0.0,256,145
2024-06-26,46.29325600324493,2.1650263381564763,0,0,0,0,0,0,159,1.0,361.0440251572327,0.0,0.21199124636030392,8.363201686537828,0.9064570767158313,1.5449579385730836,0.0006642600636878073,0.0,257,144
2024-06-27,45.99675169241121,2.1604831929850046,0,0,0,0,0,0,159,1.0,362.0440251572327,0.0,0.21265619303364094,8.389492087434036,0.9059337279891564,1.5495010837445553,0.0006649466733370097,0.0,257,144
2024-06-28,45.7629103846519,2.156900192774147,0,0,0,0,0,0,159,1.0,363.0440251572327,0.0,0.21332196921455363,8.415815619929733,0.9055193820186996,1.5530840839554125,0.0006657761809126662,0.0,257,144
2024-06-29,45.57988802092092,2.154078011297539,0,0,0,0,0,0,159,1.0,364.0440251572327,0.0,0.21398868886164515,8.442176754005615,0.9051920245762883,1.5559062654320206,0.0006667196470914696,0.0,257,144
2024-06-30,45.43772244291014,2.1518858362392876,0,0,0,0,0,0,159,1.0,365.0440251572327,0.0,0.21465644700958023,8.46857921750743,0.9049371398148739,1.558098440490272,0.0006677581479351335,0.0,258,143
2024-07-01,45.32812366772743,2.150195837121834,0,0,0,0,0,0,159,1.0,366.0440251572327,0.0,0.21532531969584467,8.49502599318189,0.9047402823321715,1.5597884396077257,0.0006688726862644322,0.0,258,143
2024-07-02,45.24426450723618,2.148897723702549,0,0,0,0,0,0,159,1.0,367.0440251572327,0.0,0.21599536631604468,8.52151941100985,0.9045888598363001,1.5610865530270108,0.0006700466202000071,0.0,258,143
2024-07-03,45.18057899922423,2.147911892076284,0,0,0,0,0,0,159,1.0,368.0440251572327,0.0,0.21666663421303567,8.548061328200557,0.9044737405887411,1.5620723846532756,0.0006712678969909992,0.0,258,143
2024-07-04,45.13257394604026,2.1471676430109676,0,0,0,0,0,0,159,1.0,369.0440251572327,0.0,0.21733915987898653,8.574653176318773,0.9043867610221206,1.5628166337185923,0.0006725256659508354,0.0,258,143
2024-07-05,45.09665697308529,2.146610802183226,0,0,0,0,0,0,159,1.0,370.0440251572327,0.0,0.2180129714420322,8.601296058819955,0.9043216438018301,1.563373474546334,0.000673811563045691,0.0,259,142
2024-07-06,45.06998295302586,2.146196834918333,0,0,0,0,0,0,159,1.0,371.0440251572327,0.0,0.2186880900952571,8.627990807097213,0.9042732121775711,1.5637874418112268,0.0006751186532249106,0.0,259,142
2024-07-07,45.05031939418538,2.1458916664565444,0,0,0,0,0,0,159,1.0,372.0440251572327,0.0,0.21936453169495254,8.654738043174865,0.9042374972740411,1.5640926102730155,0.0006764415996954242,0.0,259,142
2024-07-08,45.03593044612393,2.1456683572792845,0,0,0,0,0,0,159,1.0,373.0440251572327,0.0,0.22004230784864037,8.681538222387347,0.9042113561503704,1.5643159194502754,0.0006777761536877864,0.0,259,142
2024-07-09,45.02547850148421,2.1455060636916756,0,0,0,0,0,0,159,1.0,374.0440251572327,0.0,0.22072142685456858,8.708391670233425,0.9041923542203334,1.5644782130378843,0.0006791190059282689,0.0,259,142
2024-07-10,45.017941932537155,2.1453890388838683,0,0,0,0,0,0,159,1.0,375.0440251572327,0.0,0.22140189449455236,8.735298613478491,0.9041786507277062,1.5645952378456913,0.0006804676399837913,0.0,259,142
2024-07-11,45.01254725208446,2.145305255821568,0,0,0,0,0,0,159,1.0,376.0440251572327,0.0,0.22208371461378318,8.762259202900065,0.904168838886223,1.5646790209079917,0.0006818201192307837,0.0,259,142
2024-07-12,45.00871389040611,2.1452457211034077,0,0,0,0,0,0,159,1.0,377.0440251572327,0.0,0.22276688959718408,8.789273531975304,0.9041618663010834,1.564738555626152,0.0006831749834009043,0.0,259,142
2024-07-13,45.00600979460894,2.1452037246536406,0,0,0,0,0,0,159,1.0,378.0440251572327,0.0,0.22345142072930288,8.81634165099985,0.9041569475277607,1.564780552075919,0.0006845311321187821,0.0,259,142
2024-07-14,45.0041161503721,2.1451743121121436,0,0,0,0,0,0,159,1.0,379.0440251572327,0.0,0.2241373084723694,8.843463577996362,0.9041535025109412,1.5648099646174163,0.00068588774306655,0.0,259,142
2024-07-15,45.002799670367025,2.1451538642254575,0,0,0,0,0,0,159,1.0,380.0440251572327,0.0,0.22482455267870113,8.870639307047563,0.9041511074454598,1.5648304125041024,0.0006872442063317429,0.0,259,142
2024-07-16,45.001891065776555,2.1451397511143453,0,0,0,0,0,0,159,1.0,381.0440251572327,0.0,0.22551315274868136,8.897868814494068,0.904149454346813,1.5648445256152144,0.0006886000699802343,0.0,259,142
2024-07-17,45.0012684998953,2.145130080965692,0,0,0,0,0,0,159,1.0,382.0440251572327,0.0,0.2262031077490951,8.925152063576999,0.9041483216491358,1.5648541957638678,0.0006899550004136933,0.0,259,142
2024-07-18,45.00084500310044,2.145123502797458,0,0,0,0,0,0,159,1.0,383.0440251572327,0.0,0.22689441650015815,8.9524890078524,0.9041475511198508,1.564860773932102,0.0006913087510630929,0.0,259,142
2024-07-19,45.00055899797581,2.145119060284909,0,0,0,0,0,0,159,1.0,384.0440251572327,0.0,0.22758707763926006,8.979879593692063,0.9041470307464572,1.5648652164446508,0.000692661139101895,0.0,259,142
2024-07-20,45.00036723683363,2.145116081662475,0,0,0,0,0,0,159,1.0,385.0440251572327,0.0,0.22828108966708327,9.007323762092962,0.9041466818445123,1.5648681950670846,0.000694012027823173,0.0,259,142
2024-07-21,45.000239588682426,2.14511409889134,0,0,0,0,0,0,159,1.0,386.0440251572327,0.0,0.2289764509807342,9.034821449977098,0.904146449591405,1.5648701778382195,0.0006953613136509847,0.0,259,142
2024-07-22,45.00015522813167,2.1451127885107084,0,0,0,0,0,0,159,1.0,387.0440251572327,0.0,0.22967315989733206,9.062372591116965,0.9041462960989325,1.5648714882188515,0.0006967089165978482,0.0,259,142
2024-07-23,45.000099875422045,2.14511192870996,0,0,0,0,0,0,159,1.0,388.0440251572327,0.0,0.23037121467064364,9.089977116788218,0.9041461953853885,1.5648723480195998,0.0006980547733116053,0.0,259,142
2024-07-24,45.000063816192764,2.14511136859732,0,0,0,0,0,0,159,1.0,389.0440251572327,0.0,0.2310706135027231,9.11763495622632,0.9041461297760404,1.5648729081322397,0.000699398832079442,0.0,259,142
2024-07-25,45.00004049367755,2.145111006325361,0,0,0,0,0,0,159,1.0,390.0440251572327,0.0,0.23177135455198164,9.145346036943156,0.9041460873409379,1.5648732704041988,0.00070074104925851,0.0,259,142
2024-07-26,45.000025516882616,2.1451107736886668,0,0,0,0,0,0,159,1.0,391.0440251572327,0.0,0.23247343593873535,9.17311028494467,0.9041460600907889,1.5648735030408931,0.0007020813867537198,0.0,259,142
2024-07-27,45.00001596805712,2.145110625365395,0,0,0,0,0,0,159,1.0,392.0440251572327,0.0,0.23317685574898517,9.200927624879164,0.9041460427167805,1.564873651364165,0.0007034198102498739,0.0,259,142
2024-07-28,45.00000992340246,2.145110531472875,0,0,0,0,0,0,159,1.0,393.0440251572327,0.0,0.23388161203696958,9.228797980137418,0.9041460317185765,1.564873745256685,0.0007047562879843258,0.0,259,142
2024-07-29,45.000006124254064,2.145110472460138,0,0,0,0,0,0,159,1.0,394.0440251572327,0.0,0.23458770282687177,9.25672127291969,0.9041460248060535,1.564873804269422,0.0007060907899022776,0.0,259,142
2024-07-30,45.000003753443295,2.1451104356339785,0,0,0,0,0,0,159,1.0,395.0440251572327,0.0,0.23529512611395242,9.284697424280079,0.9041460204923799,1.5648738410955814,0.0007074232870805789,0.0,259,142
2024-07-31,45.000002284496965,2.1451104128166145,0,0,0,0,0,0,159,1.0,396.0440251572327,0.0,0.23600387986529062,9.312726354155641,0.9041460178196423,1.5648738639129454,0.0007087537513382297,0.0,259,142
2024-08-01,45.00000138081462,2.1451103987795808,0,0,0,0,0,0,159,1.0,397.0440251572327,0.0,0.23671396202026607,9.340807981385232,0.9041460161753988,1.564873877949979,0.0007100821549754319,0.0,259,142
2024-08-02,45.00000082882766,2.1451103902054838,0,0,0,0,0,0,159,1.0,398.0440251572327,0.0,0.23742537049086643,9.368942223721586,0.9041460151710622,1.5648738865240759,0.000711408470600382,0.0,259,142
2024-08-03,45.00000049405712,2.1451103850054425,0,0,0,0,0,0,159,1.0,399.0440251572327,0.0,0.23813810316188186,9.397128997838895,0.9041460145619492,1.5648738917241174,0.0007127326710153976,0.0,259,142
2024-08-04,45.00000029246517,2.145110381874084,0,0,0,0,0,0,159,1.0,400.0440251572327,0.0,0.2388521578910247,9.425368219337509,0.9041460141951542,1.5648738948554757,0.0007140547291428178,0.0,259,142
2024-08-05,45.000000171931404,2.145110380001815,0,0,0,0,0,0,159,1.0,401.0440251572327,0.0,0.23956753250900198,9.453659802746753,0.9041460139758439,1.5648738967277447,0.0007153746179773265,0.0,259,142
2024-08-06,45.00000010037379,2.1451103788903,0,0,0,0,0,0,159,1.0,402.0440251572327,0.0,0.24028422481955763,9.482003661526551,0.9041460138456453,1.56487389783926,0.000716692310555679,0.0,259,142
2024-08-07,45.00000005819283,2.145110378235097,0,0,0,0,0,0,159,1.0,403.0440251572327,0.0,0.2410022325994955,9.51039970806832,0.9041460137688972,1.564873898494463,0.0007180077799377949,0.0,259,142
2024-08-08,45.00000003350447,2.145110377851609,0,0,0,0,0,0,159,1.0,404.0440251572327,0.0,0.24172155359869069,9.538847853695412,0.9041460137239772,1.5648738988779507,0.0007193209991952027,0.0,259,142
2024-08-09,45.00000001915667,2.1451103776287423,0,0,0,0,0,0,159,1.0,405.0440251572327,0.0,0.24244218554009486,9.567348008663263,0.9041460136978714,1.564873899100817,0.0007206319414042094,0.0,259,142
2024-08-10,45.00000001087731,2.1451103775001377,0,0,0,0,0,0,159,1.0,406.0440251572327,0.0,0.24316412611973695,9.595900082159439,0.9041460136828071,1.5648738992294218,0.000721940579642076,0.0,259,142
2024-08-11,45.00000000613348,2.145110377426451,0,0,0,0,0,0,159,1.0,407.0440251572327,0.0,0.243887373006722,9.624503982303557,0.9041460136741756,1.5648738993031088,0.0007232468869850906,0.0,259,142
2024-08-12,45.0000000034346,2.1451103773845284,0,0,0,0,0,0,159,1.0,408.0440251572327,0.0,0.24461192384322983,9.65315961614721,0.9041460136692648,1.5648738993450313,0.0007245508365078295,0.0,259,142
2024-08-13,45.00000000190999,2.1451103773608464,0,0,0,0,0,0,159,1.0,409.0440251572327,0.0,0.245337776244513,9.681866889673891,0.9041460136664909,1.5648738993687132,0.0007258524012831591,0.0,259,142
2024-08-14,45.000000001054794,2.1451103773475624,0,0,0,0,0,0,159,1.0,410.0440251572327,0.0,0.24606492779889572,9.710625707798908,0.9041460136649351,1.5648738993819973,0.0007271515543826908,0.0,259,142
2024-08-15,45.00000000057848,2.1451103773401643,0,0,0,0,0,0,159,1.0,411.0440251572327,0.0,0.24679337606777324,9.739435974369364,0.9041460136640683,1.5648738993893956,0.0007284482688775188,0.0,259,142
2024-08-16,45.00000000031506,2.145110377336073,0,0,0,0,0,0,159,1.0,412.0440251572327,0.0,0.24752311858561238,9.76829759216415,0.9041460136635893,1.564873899393487,0.000729742517839125,0.0,259,142
2024-08-17,45.00000000017041,2.145110377333826,0,0,0,0,0,0,159,1.0,413.0440251572327,0.0,0.24825415285995278,9.797210462893982,0.9041460136633258,1.5648738993957338,0.0007310342743403885,0.0,259,142
2024-08-18,45.00000000009153,2.1451103773326,0,0,0,0,0,0,159,1.0,414.0440251572327,0.0,0.2489864763714094,9.826174487201499,0.9041460136631824,1.5648738993969595,0.000732323511456658,0.0,259,142
2024-08-19,45.00000000004882,2.1451103773319367,0,0,0,0,0,0,159,1.0,415.0440251572327,0.0,0.24972008657367628,9.855189564661357,0.9041460136631047,1.5648738993976232,0.0007336102022668602,0.0,259,142
2024-08-20,45.000000000025864,2.14511037733158,0,0,0,0,0,0,159,1.0,416.0440251572327,0.0,0.25045498089353097,9.884255593780441,0.9041460136630631,1.5648738993979798,0.0007348943198546336,0.0,259,142
2024-08-21,45.00000000001361,2.1451103773313895,0,0,0,0,0,0,159,1.0,417.0440251572327,0.0,0.25119115673084036,9.91337247199805,0.9041460136630407,1.5648738993981701,0.0007361758373094754,0.0,259,142
2024-08-22,45.000000000007105,2.145110377331289,0,0,0,0,0,0,159,1.0,418.0440251572327,0.0,0.2519286114585683,9.942540095686176,0.9041460136630288,1.5648738993982707,0.0007374547277278975,0.0,259,142
2024-08-23,45.00000000000369,2.1451103773312363,0,0,0,0,0,0,159,1.0,419.0440251572327,0.0,0.2526673424227829,9.971758360149806,0.9041460136630224,1.5648738993983233,0.0007387309642145886,0.0,259,142
2024-08-24,45.0000000000019,2.1451103773312084,0,0,0,0,0,0,159,1.0,420.0440251572327,0.0,0.2534073469426664,10.001027159627277,0.9041460136630194,1.5648738993983513,0.0007400045198835811,0.0,259,142
2024-08-25,45.00000000000097,2.1451103773311937,0,0,0,0,0,0,159,1.0,421.0440251572327,0.0,0.2541486223105259,10.030346387290681,0.9041460136630174,1.564873899398366,0.000741275367859421,0.0,259,142
2024-08-26,45.0000000000005,2.145110377331186,0,0,0,0,0,0,159,1.0,422.0440251572327,0.0,0.2548911657918042,10.059715935246313,0.9041460136630167,1.5648738993983737,0.0007425434812783394,0.0,259,142
2024-08-27,45.00000000000025,2.145110377331182,0,0,0,0,0,0,159,1.0,423.0440251572327,0.0,0.25563497462509366,10.089135694535159,0.9041460136630164,1.5648738993983777,0.0007438088332894267,0.0,259,142
2024-08-28,45.00000000000013,2.1451103773311804,0,0,0,0,0,0,159,1.0,424.0440251572327,0.0,0.2563800460221494,10.118605555133446,0.904146013663016,1.5648738993983793,0.0007450713970558091,0.0,259,142
2024-08-29,45.000000000000064,2.1451103773311795,0,0,0,0,0,0,159,1.0,425.0440251572327,0.0,0.2571263771679053,10.148125405953227,0.904146013663016,1.5648738993983802,0.0007463311457558249,0.0,259,142
2024-08-30,45.00000000000003,2.145110377331179,0,0,0,0,0,0,159,1.0,426.0440251572327,0.0,0.25787396522048944,10.17769513484301,0.904146013663016,1.5648738993983806,0.0007475880525842049,0.0,259,142
2024-08-31,45.000000000000014,2.145110377331179,0,0,0,0,0,0,159,1.0,427.0440251572327,0.0,0.25862280731124276,10.207314628588442,0.904146013663016,1.5648738993983806,0.0007488420907532507,0.0,259,142
2024-09-01,45.00000000000001,2.145110377331179,0,0,0,0,0,0,159,1.0,428.0440251572327,0.0,0.2593729005447367,10.236983772913046,0.904146013663016,1.5648738993983806,0.0007500932334940173,0.0,259,142
2024-09-02,45.00000000000001,2.145110377331179,0,0,0,0,0,0,159,1.0,429.0440251572327,0.0,0.2601242419987942,10.266702452478983,0.904146013663016,1.5648738993983806,0.0007513414540574943,0.0,259,142
2024-09-03,45.0,2.1451103773311786,0,0,0,0,0,0,159,1.0,430.0440251572327,0.0,0.26087682872451007,10.296470550887882,0.904146013663016,1.5648738993983808,0.0007525867257157892,0.0,259,142
2024-09-04,45.0,2.1451103773311786,0,0,0,0,0,0,159,1.0,431.0440251572327,0.0,0.26163065774627337,10.326287950681706,0.904146013663016,1.5648738993983808,0.0007538290217633117,0.0,259,142
2024-09-05,45.0,2.1451103773311786,0,0,0,0,0,0,159,1.0,432.0440251572327,0.0,0.2623857260617913,10.356154533343673,0.904146013663016,1.5648738993983808,0.0007550683155179573,0.0,259,142
2024-09-06,45.0,2.1451103773311786,0,0,0,0,0,0,159,1.0,433.0440251572327,0.0,0.2631420306421136,10.386070179299214,0.904146013663016,1.5648738993983808,0.0007563045803222924,0.0,259,142
2024-09-07,45.0,2.1451103773311786,0,0,0,0,0,0,159,1.0,434.0440251572327,0.0,0.2638995684316583,10.416034767916976,0.904146013663016,1.5648738993983808,0.0007575377895447403,0.0,259,142
2024-09-08,45.0,2.1451103773311786,0,0,0,0,0,0,159,1.0,435.0440251572327,0.0,0.2646583363482391,10.446048177509901,0.904146013663016,1.5648738993983808,0.0007587679165807662,0.0,259,142
2024-09-09,45.0,2.1451103773311786,0,0,0,0,0,0,159,1.0,436.0440251572327,0.0,0.2654183312830931,10.476110285336308,0.904146013663016,1.5648738993983808,0.0007599949348540635,0.0,259,142
2024-09-10,45.0,2.1451103773311786,0,0,0,0,0,0,159,1.0,437.0440251572327,0.0,0.26617955010091093,10.506220967601053,0.904146013663016,1.5648738993983808,0.0007612188178177392,0.0,259,142
2024-09-11,45.0,2.1451103773311786,0,0,0,0,0,0,159,1.0,438.0440251572327,0.0,0.2669419896398664,10.53638009945673,0.904146013663016,1.5648738993983808,0.0007624395389555012,0.0,259,142
2024-09-12,45.0,2.1451103773311786,0,0,0,0,0,0,159,1.0,439.0440251572327,0.0,0.26770564671164926,10.56658755500491,0.904146013663016,1.5648738993983808,0.0007636570717828418,0.0,259,142
2024-09-13,45.0,2.1451103773311786,0,0,0,0,0,0,159,1.0,440.0440251572327,0.0,0.2684705181014974,10.596843207297443,0.904146013663016,1.5648738993983808,0.0007648713898482253,0.0,259,142
2024-09-14,45.0,2.1451103773311786,0,0,0,0,0,0,159,1.0,441.0440251572327,0.0,0.26923660056823173,10.627146928337783,0.904146013663016,1.5648738993983808,0.0007660824667342715,0.0,259,142
2024-09-15,45.0,2.1451103773311786,0,0,0,0,0,0,159,1.0,442.0440251572327,0.0,0.27000389084429066,10.657498589082389,0.904146013663016,1.5648738993983808,0.0007672902760589424,0.0,259,142
2024-09-16,45.0,2.1451103773311786,0,0,0,0,0,0,159,1.0,443.0440251572327,0.0,0.27077238563576744,10.687898059442148,0.904146013663016,1.5648738993983808,0.0007684947914767237,0.0,259,142
2024-09-17,45.0,2.1451103773311786,0,0,0,0,0,0,159,1.0,444.0440251572327,0.0,0.27154208162244725,10.71834520828386,0.904146013663016,1.5648738993983808,0.0007696959866798095,0.0,259,142
2024-09-18,45.0,2.1451103773311786,0,0,0,0,0,0,159,1.0,445.0440251572327,0.0,0.2723129754578465,10.748839903431769,0.904146013663016,1.5648738993983808,0.0007708938353992846,0.0,259,142
2024-09-19,45.0,2.1451103773311786,0,0,0,0,0,0,159,1.0,446.0440251572327,0.0,0.2730850637692528,10.779382011669124,0.904146013663016,1.5648738993983808,0.0007720883114063061,0.0,259,142
2024-09-20,45.0,2.1451103773311786,0,0,0,0,0,0,159,1.0,447.0440251572327,0.0,0.2738583431577661,10.809971398739812,0.904146013663016,1.5648738993983808,0.0007732793885132833,0.0,259,142
2024-09-21,45.0,2.1451103773311786,0,0,0,0,0,0,159,1.0,448.0440251572327,0.0,0.2746328101983412,10.84060792935003,0.904146013663016,1.5648738993983808,0.000774467040575057,0.0,259,142
2024-09-22,45.0,2.1451103773311786,0,0,0,0,0,0,159,1.0,449.0440251572327,0.0,0.2754084614398312,10.871291467169979,0.904146013663016,1.5648738993983808,0.0007756512414900777,0.0,259,142
2024-09-23,45.0,2.1451103773311786,0,0,0,0,0,0,159,1.0,450.0440251572327,0.0,0.2761852934050328,10.902021874835647,0.904146013663016,1.5648738993983808,0.0007768319652015818,0.0,259,142
2024-09-24,45.0,2.1451103773311786,0,0,0,0,0,0,159,1.0,451.0440251572327,0.0,0.2769633025907316,10.932799013950603,0.904146013663016,1.5648738993983808,0.0007780091856987669,0.0,259,142
2024-09-25,45.0,2.1451103773311786,0,0,0,0,0,0,159,1.0,452.0440251572327,0.0,0.2777424854677496,10.96362274508786,0.904146013663016,1.5648738993983808,0.0007791828770179641,0.0,259,142
2024-09-26,45.0,2.1451103773311786,0,0,0,0,0,0,159,1.0,453.0440251572327,0.0,0.2785228384809933,10.99449292779177,0.904146013663016,1.5648738993983808,0.0007803530132438108,0.0,259,142
2024-09-27,45.0,2.1451103773311786,0,0,0,0,0,0,159,1.0,454.0440251572327,0.0,0.27930435804950376,11.025409420579972,0.904146013663016,1.5648738993983808,0.0007815195685104188,0.0,259,142
2024-09-28,45.0,2.1451103773311786,0,0,0,0,0,0,159,1.0,455.0440251572327,0.0,0.2800870405665063,11.056372080945389,0.904146013663016,1.5648738993983808,0.0007826825170025435,0.0,259,142
2024-09-29,45.0,2.1451103773311786,0,0,0,0,0,0,159,1.0,456.0440251572327,0.0,0.28087088239946306,11.087380765358263,0.904146013663016,1.5648738993983808,0.0007838418329567478,0.0,259,142
2024-09-30,45.0,2.1451103773311786,0,0,0,0,0,0,159,1.0,457.0440251572327,0.0,0.2816558798901256,11.118435329268248,0.904146013663016,1.5648738993983808,0.0007849974906625664,0.0,259,142
2024-10-01,45.0,2.1451103773311786,0,0,0,0,0,0,159,1.0,458.0440251572327,0.0,0.2824420293545893,11.149535627106538,0.904146013663016,1.5648738993983808,0.0007861494644636661,0.0,259,142
2024-10-02,45.0,2.1451103773311786,0,0,0,0,0,0,159,1.0,459.0440251572327,0.0,0.28322932708334825,11.180681512288038,0.904146013663016,1.5648738993983808,0.000787297728759004,0.0,259,142
2024-10-03,45.0,2.1451103773311786,0,0,0,0,0,0,159,1.0,460.0440251572327,0.0,0.2840177693413523,11.211872837213601,0.904146013663016,1.5648738993983808,0.0007884422580039843,0.0,259,142
2024-10-04,45.0,2.1451103773311786,0,0,0,0,0,0,159,1.0,461.0440251572327,0.0,0.28480735236806387,11.243109453272293,0.904146013663016,1.5648738993983808,0.0007895830267116098,0.0,259,142
2024-10-05,45.0,2.1451103773311786,0,0,0,0,0,0,159,1.0,462.0440251572327,0.0,0.28559807237751755,11.274391210843703,0.904146013663016,1.5648738993983808,0.000790720009453633,0.0,259,142
2024-10-06,45.0,2.1451103773311786,0,0,0,0,0,0,159,1.0,463.0440251572327,0.0,0.2863899255583792,11.30571795930031,0.904146013663016,1.5648738993983808,0.0007918531808617043,0.0,259,142
2024-10-07,45.0,2.1451103773311786,0,0,0,0,0,0,159,1.0,464.0440251572327,0.0,0.2871829080740077,11.337089547009885,0.904146013663016,1.5648738993983808,0.0007929825156285138,0.0,259,142
2024-10-08,45.0,2.1451103773311786,0,0,0,0,0,0,159,1.0,465.0440251572327,0.0,0.28797701606251663,11.368505821337951,0.904146013663016,1.5648738993983808,0.0007941079885089354,0.0,259,142
2024-10-09,45.0,2.1451103773311786,0,0,0,0,0,0,159,1.0,466.0440251572327,0.0,0.2887722456368379,11.399966628650265,0.904146013663016,1.5648738993983808,0.0007952295743211615,0.0,259,142
2024-10-10,45.0,2.1451103773311786,0,0,0,0,0,0,159,1.0,467.0440251572327,0.0,0.2895685928847857,11.431471814315376,0.904146013663016,1.5648738993983808,0.00079634724794784,0.0,259,142
2024-10-11,45.0,2.1451103773311786,0,0,0,0,0,0,159,1.0,468.0440251572327,0.0,0.2903660538691228,11.463021222707203,0.904146013663016,1.5648738993983808,0.0007974609843372038,0.0,259,142
2024-10-12,45.0,2.1451103773311786,0,0,0,0,0,0,159,1.0,469.0440251572327,0.0,0.29116462462762704,11.494614697207663,0.904146013663016,1.5648738993983808,0.0007985707585041981,0.0,259,142
2024-10-13,45.0,2.1451103773311786,0,0,0,0,0,0,159,1.0,470.0440251572327,0.0,0.2919643011731587,11.526252080209359,0.904146013663016,1.5648738993983808,0.0007996765455316047,0.0,259,142
2024-10-14,45.0,2.1451103773311786,0,0,0,0,0,0,159,1.0,471.0440251572327,0.0,0.2927650794937298,11.55793321311829,0.904146013663016,1.5648738993983808,0.0008007783205711604,0.0,259,142
2024-10-15,45.0,2.1451103773311786,0,0,0,0,0,0,159,1.0,472.0440251572327,0.0,0.2935669555525745,11.589657936356614,0.904146013663016,1.5648738993983808,0.0008018760588446742,0.0,259,142
2024-10-16,45.0,2.1451103773311786,0,0,0,0,0,0,159,1.0,473.0440251572327,0.0,0.29436992528821965,11.621426089365473,0.904146013663016,1.5648738993983808,0.000802969735645137,0.0,259,142
2024-10-17,45.0,2.1451103773311786,0,0,0,0,0,0,159,1.0,474.0440251572327,0.0,0.29517398461455746,11.653237510607827,0.904146013663016,1.5648738993983808,0.0008040593263378314,0.0,259,142
2024-10-18,45.0,2.1451103773311786,0,0,0,0,0,0,159,1.0,475.0440251572327,0.0,0.2959791294209189,11.685092037571359,0.904146013663016,1.5648738993983808,0.0008051448063614323,0.0,259,142
2024-10-19,45.0,2.1451103773311786,0,0,0,0,0,0,159,1.0,476.0440251572327,0.0,0.29678535557214797,11.716989506771421,0.904146013663016,1.5648738993983808,0.0008062261512291083,0.0,259,142
2024-10-20,45.0,2.1451103773311786,0,0,0,0,0,0,159,1.0,477.0440251572327,0.0,0.2975926589086776,11.748929753754007,0.904146013663016,1.5648738993983808,0.0008073033365296129,0.0,259,142
2024-10-21,45.0,2.1451103773311786,0,0,0,0,0,0,159,1.0,478.0440251572327,0.0,0.298401035246606,11.780912613098785,0.904146013663016,1.5648738993983808,0.0008083763379283768,0.0,259,142
2024-10-22,45.0,2.1451103773311786,0,0,0,0,0,0,159,1.0,479.0440251572327,0.0,0.2992104803777746,11.812937918422168,0.904146013663016,1.5648738993983808,0.0008094451311685912,0.0,259,142
2024-10-23,45.0,2.1451103773311786,0,0,0,0,0,0,159,1.0,480.0440251572327,0.0,0.30002099006984684,11.845005502380427,0.904146013663016,1.5648738993983808,0.0008105096920722882,0.0,259,142
2024-10-24,45.0,2.1451103773311786,0,0,0,0,0,0,159,1.0,481.0440251572327,0.0,0.3008325600663883,11.877115196672845,0.904146013663016,1.5648738993983808,0.0008115699965414152,0.0,259,142
2024-10-25,45.0,2.1451103773311786,0,0,0,0,0,0,159,1.0,482.0440251572327,0.0,0.3016451860869472,11.909266832044914,0.904146013663016,1.5648738993983808,0.0008126260205589061,0.0,259,142
2024-10-26,45.0,2.1451103773311786,0,0,0,0,0,0,159,1.0,483.0440251572327,0.0,0.30245886382713694,11.94146023829158,0.904146013663016,1.5648738993983808,0.000813677740189745,0.0,259,142
2024-10-27,45.0,2.1451103773311786,0,0,0,0,0,0,159,1.0,484.0440251572327,0.0,0.303273588958719,11.973695244260519,0.904146013663016,1.5648738993983808,0.0008147251315820264,0.0,259,142
2024-10-28,45.0,2.1451103773311786,0,0,0,0,0,0,159,1.0,485.0440251572327,0.0,0.304089357129687,12.00597167785547,0.904146013663016,1.5648738993983808,0.0008157681709680091,0.0,259,142
2024-10-29,45.0,2.1451103773311786,0,0,0,0,0,0,159,1.0,486.0440251572327,0.0,0.3049061639643521,12.038289366039594,0.904146013663016,1.5648738993983808,0.0008168068346651641,0.0,259,142
2024-10-30,45.0,2.1451103773311786,0,0,0,0,0,0,159,1.0,487.0440251572327,0.0,0.3057240050634294,12.07064813483888,0.904146013663016,1.5648738993983808,0.0008178410990772194,0.0,259,142
2024-10-31,45.0,2.1451103773311786,0,0,0,0,0,0,159,1.0,488.0440251572327,0.0,0.30654287600412455,12.1030478093456,0.904146013663016,1.5648738993983808,0.000818870940695196,0.0,259,142
2024-11-01,45.0,2.1451103773311786,0,0,0,0,0,0,159,1.0,489.0440251572327,0.0,0.307362772340223,12.135488213721802,0.904146013663016,1.5648738993983808,0.0008198963360984393,0.0,259,142
2024-11-02,45.0,2.1451103773311786,0,0,0,0,0,0,159,1.0,490.0440251572327,0.0,0.3081836896021787,12.16796917120282,0.904146013663016,1.5648738993983808,0.0008209172619556462,0.0,259,142
2024-11-03,45.0,2.1451103773311786,0,0,0,0,0,0,159,1.0,491.0440251572327,0.0,0.30900562329720455,12.200490504100872,0.904146013663016,1.5648738993983808,0.0008219336950258832,0.0,259,142
2024-11-04,45.0,2.1451103773311786,0,0,0,0,0,0,159,1.0,492.0440251572327,0.0,0.3098285689093641,12.23305203380865,0.904146013663016,1.5648738993983808,0.0008229456121596016,0.0,259,142
2024-11-05,45.0,2.1451103773311786,0,0,0,0,0,0,159,1.0,493.0440251572327,0.0,0.3106525218996638,12.265653580802985,0.904146013663016,1.5648738993983808,0.0008239529902996434,0.0,259,142
2024-11-06,45.0,2.1451103773311786,0,0,0,0,0,0,159,1.0,494.0440251572327,0.0,0.31147747770614603,12.298294964648527,0.904146013663016,1.5648738993983808,0.0008249558064822437,0.0,259,142
2024-11-07,45.0,2.1451103773311786,0,0,0,0,0,0,159,1.0,495.0440251572327,0.0,0.31230343174398406,12.330976004001476,0.904146013663016,1.5648738993983808,0.0008259540378380244,0.0,259,142
2024-11-08,45.0,2.1451103773311786,0,0,0,0,0,0,159,1.0,496.0440251572327,0.0,0.31313037940557703,12.363696516613368,0.904146013663016,1.5648738993983808,0.0008269476615929835,0.0,259,142
2024-11-09,45.0,2.1451103773311786,0,0,0,0,0,0,159,1.0,497.0440251572327,0.0,0.3139583160606465,12.396456319334863,0.904146013663016,1.5648738993983808,0.0008279366550694757,0.0,259,142
2024-11-10,45.0,2.1451103773311786,0,0,0,0,0,0,159,1.0,498.0440251572327,0.0,0.31478723705633377,12.429255228119601,0.904146013663016,1.5648738993983808,0.0008289209956871884,0.0,259,142
2024-11-11,45.0,2.1451103773311786,0,0,0,0,0,0,159,1.0,499.0440251572327,0.0,0.3156171377172978,12.462093058028092,0.904146013663016,1.5648738993983808,0.0008299006609641096,0.0,259,142
2024-11-12,45.0,2.1451103773311786,0,0,0,0,0,0,159,1.0,500.0440251572327,0.0,0.31644801334581535,12.49496962323163,0.904146013663016,1.5648738993983808,0.0008308756285174889,0.0,259,142
2024-11-13,45.0,2.1451103773311786,0,0,0,0,0,0,159,1.0,501.0440251572327,0.0,0.31727985922188007,12.527884737016265,0.904146013663016,1.5648738993983808,0.000831845876064793,0.0,259,142
2024-11-14,45.0,2.1451103773311786,0,0,0,0,0,0,159,1.0,502.0440251572327,0.0,0.3181126706033047,12.560838211786793,0.904146013663016,1.5648738993983808,0.000832811381424652,0.0,259,142
2024-11-15,45.0,2.1451103773311786,0,0,0,0,0,0,159,1.0,503.0440251572327,0.0,0.31894644272582257,12.5938298590708,0.904146013663016,1.5648738993983808,0.0008337721225178009,0.0,259,142
2024-11-16,45.0,2.1451103773311786,0,0,0,0,0,0,159,1.0,504.0440251572327,0.0,0.3197811708031905,12.626859489522737,0.904146013663016,1.5648738993983808,0.0008347280773680112,0.0,259,142
2024-11-17,45.0,2.1451103773311786,0,0,0,0,0,0,159,1.0,505.0440251572327,0.0,0.3206168500272936,12.659926912928023,0.904146013663016,1.5648738993983808,0.0008356792241030182,0.0,259,142
2024-11-18,45.0,2.1451103773311786,0,0,0,0,0,0,159,1.0,506.0440251572327,0.0,0.32145347556824905,12.693031938207199,0.904146013663016,1.5648738993983808,0.0008366255409554391,0.0,259,142
2024-11-19,45.0,2.1451103773311786,0,0,0,0,0,0,159,1.0,507.0440251572327,0.0,0.32229104257451263,12.726174373420104,0.904146013663016,1.5648738993983808,0.0008375670062636827,0.0,259,142
2024-11-20,45.0,2.1451103773311786,0,0,0,0,0,0,159,1.0,508.0440251572327,0.0,0.32312954617298556,12.759354025770108,0.904146013663016,1.5648738993983808,0.000838503598472855,0.0,259,142
2024-11-21,45.0,2.1451103773311786,0,0,0,0,0,0,159,1.0,509.0440251572327,0.0,0.32396898146912123,12.792570701608355,0.904146013663016,1.5648738993983808,0.0008394352961356532,0.0,259,142
2024-11-22,45.0,2.1451103773311786,0,0,0,0,0,0,159,1.0,510.0440251572327,0.0,0.3248093435470345,12.825824206438046,0.904146013663016,1.5648738993983808,0.0008403620779132549,0.0,259,142
2024-11-23,45.0,2.1451103773311786,0,0,0,0,0,0,159,1.0,511.0440251572327,0.0,0.32565062746961065,12.859114344918796,0.904146013663016,1.5648738993983808,0.000841283922576198,0.0,259,142
2024-11-24,45.0,2.1451103773311786,0,0,0,0,0,0,159,1.0,512.0440251572327,0.0,0.3264928282786159,12.89244092087095,0.904146013663016,1.5648738993983808,0.0008422008090052529,0.0,259,142
2024-11-25,45.0,2.1451103773311786,0,0,0,0,0,0,159,1.0,513.0440251572327,0.0,0.32733594099480817,12.925803737280015,0.904146013663016,1.5648738993983808,0.0008431127161922874,0.0,259,142
2024-11-26,45.0,2.1451103773311786,0,0,0,0,0,0,159,1.0,514.0440251572327,0.0,0.3281799606180493,12.959202596301065,0.904146013663016,1.5648738993983808,0.0008440196232411228,0.0,259,142
2024-11-27,45.0,2.1451103773311786,0,0,0,0,0,0,159,1.0,515.0440251572327,0.0,0.3290248821274178,12.992637299263215,0.904146013663016,1.5648738993983808,0.0008449215093683831,0.0,259,142
2024-11-28,45.0,2.1451103773311786,0,0,0,0,0,0,159,1.0,516.0440251572327,0.0,0.32987070048132205,13.02610764667411,0.904146013663016,1.5648738993983808,0.0008458183539043352,0.0,259,142
2024-11-29,45.0,2.1451103773311786,0,0,0,0,0,0,159,1.0,517.0440251572327,0.0,0.3307174106176157,13.05961343822445,0.904146013663016,1.5648738993983808,0.0008467101362937193,0.0,259,142
2024-11-30,45.0,2.1451103773311786,0,0,0,0,0,0,159,1.0,518.0440251572327,0.0,0.3315650074537123,13.093154472792566,0.904146013663016,1.5648738993983808,0.000847596836096575,0.0,259,142
2024-12-01,45.0,2.1451103773311786,0,0,0,0,0,0,159,1.0,519.0440251572327,0.0,0.33241348588670144,13.126730548449,0.904146013663016,1.5648738993983808,0.0008484784329890545,0.0,259,142
2024-12-02,45.0,2.1451103773311786,0,0,0,0,0,0,159,1.0,520.0440251572327,0.0,0.3332628407934656,13.160341462461137,0.904146013663016,1.5648738993983808,0.0008493549067642311,0.0,259,142
2024-12-03,45.0,2.1451103773311786,0,0,0,0,0,0,159,1.0,521.0440251572327,0.0,0.33411306703079857,13.193987011297851,0.904146013663016,1.5648738993983808,0.0008502262373328969,0.0,259,142
2024-12-04,45.0,2.1451103773311786,0,0,0,0,0,0,159,1.0,522.0440251572327,0.0,0.3349641594355229,13.227666990634212,0.904146013663016,1.5648738993983808,0.0008510924047243531,0.0,259,142
2024-12-05,45.0,2.1451103773311786,0,0,0,0,0,0,159,1.0,523.0440251572327,0.0,0.3358161128246101,13.261381195356195,0.904146013663016,1.5648738993983808,0.0008519533890871903,0.0,259,142
2024-12-06,45.0,2.1451103773311786,0,0,0,0,0,0,159,1.0,524.0440251572327,0.0,0.33666892199530013,13.295129419565429,0.904146013663016,1.5648738993983808,0.0008528091706900616,0.0,259,142
2024-12-07,45.0,2.1451103773311786,0,0,0,0,0,0,159,1.0,525.0440251572327,0.0,0.3375225817252226,13.328911456583977,0.904146013663016,1.5648738993983808,0.000853659729922447,0.0,259,142
2024-12-08,45.0,2.1451103773311786,0,0,0,0,0,0,159,1.0,526.0440251572327,0.0,0.33837708677251793,13.362727098959166,0.904146013663016,1.5648738993983808,0.0008545050472954081,0.0,259,142
2024-12-09,45.0,2.1451103773311786,0,0,0,0,0,0,159,1.0,527.0440251572327,0.0,0.33923243187596025,13.39657613846839,0.904146013663016,1.5648738993983808,0.0008553451034423323,0.0,259,142
2024-12-10,45.0,2.1451103773311786,0,0,0,0,0,0,159,1.0,528.0440251572327,0.0,0.34008861175508,13.430458366124022,0.904146013663016,1.5648738993983808,0.0008561798791196735,0.0,259,142
2024-12-11,45.0,2.1451103773311786,0,0,0,0,0,0,159,1.0,529.0440251572327,0.0,0.34094562111028764,13.464373572178278,0.904146013663016,1.5648738993983808,0.000857009355207677,0.0,259,142
2024-12-12,45.0,2.1451103773311786,0,0,0,0,0,0,159,1.0,530.0440251572327,0.0,0.34180345462299877,13.498321546128167,0.904146013663016,1.5648738993983808,0.000857833512711101,0.0,259,142
2024-12-13,45.0,2.1451103773311786,0,0,0,0,0,0,159,1.0,531.0440251572327,0.0,0.34266210695575866,13.53230207672044,0.904146013663016,1.5648738993983808,0.0008586523327599257,0.0,259,142
2024-12-14,45.0,2.1451103773311786,0,0,0,0,0,0,159,1.0,532.0440251572327,0.0,0.3435215727523687,13.566314951956564,0.904146013663016,1.5648738993983808,0.0008594657966100545,0.0,259,142
2024-12-15,45.0,2.1451103773311786,0,0,0,0,0,0,159,1.0,533.0440251572327,0.0,0.34438184663801275,13.600359959097748,0.904146013663016,1.5648738993983808,0.0008602738856440048,0.0,259,142
2024-12-16,45.0,2.1451103773311786,0,0,0,0,0,0,159,1.0,534.0440251572327,0.0,0.3452429232193844,13.634436884669974,0.904146013663016,1.5648738993983808,0.0008610765813715931,0.0,259,142
2024-12-17,45.0,2.1451103773311786,0,0,0,0,0,0,159,1.0,535.0440251572327,0.0,0.3461047970848149,13.668545514469054,0.904146013663016,1.5648738993983808,0.000861873865430606,0.0,259,142
2024-12-18,45.0,2.1451103773311786,0,0,0,0,0,0,159,1.0,536.0440251572327,0.0,0.3469674628044024,13.70268563356574,0.904146013663016,1.5648738993983808,0.0008626657195874654,0.0,259,142
2024-12-19,45.0,2.1451103773311786,0,0,0,0,0,0,159,1.0,537.0440251572327,0.0,0.3478309149301403,13.736857026310826,0.904146013663016,1.5648738993983808,0.0008634521257378831,0.0,259,142
2024-12-20,45.0,2.1451103773311786,0,0,0,0,0,0,159,1.0,538.0440251572327,0.0,0.3486951479960478,13.771059476340298,0.904146013663016,1.5648738993983808,0.0008642330659075049,0.0,259,142
2024-12-21,45.0,2.1451103773311786,0,0,0,0,0,0,159,1.0,539.0440251572327,0.0,0.34956015651830036,13.805292766580493,0.904146013663016,1.5648738993983808,0.0008650085222525486,0.0,259,142
2024-12-22,45.0,2.1451103773311786,0,0,0,0,0,0,159,1.0,540.0440251572327,0.0,0.3504259349953608,13.839556679253308,0.904146013663016,1.5648738993983808,0.000865778477060429,0.0,259,142
2024-12-23,45.0,2.1451103773311786,0,0,0,0,0,0,159,1.0,541.0440251572327,0.0,0.35129247790811113,13.873850995881405,0.904146013663016,1.5648738993983808,0.0008665429127503753,0.0,259,142
2024-12-24,45.0,2.1451103773311786,0,0,0,0,0,0,159,1.0,542.0440251572327,0.0,0.3521597797199852,13.90817549729346,0.904146013663016,1.5648738993983808,0.0008673018118740381,0.0,259,142
2024-12-25,45.0,2.1451103773311786,0,0,0,0,0,0,159,1.0,543.0440251572327,0.0,0.35302783487710127,13.942529963629417,0.904146013663016,1.5648738993983808,0.0008680551571160875,0.0,259,142
2024-12-26,45.0,2.1451103773311786,0,0,0,0,0,0,159,1.0,544.0440251572327,0.0,0.3538966378083961,13.976914174345799,0.904146013663016,1.5648738993983808,0.0008688029312948026,0.0,259,142
2024-12-27,45.0,2.1451103773311786,0,0,0,0,0,0,159,1.0,545.0440251572327,0.0,0.3547661829257587,14.011327908220997,0.904146013663016,1.5648738993983808,0.0008695451173626476,0.0,259,142
2024-12-28,45.0,2.1451103773311786,0,0,0,0,0,0,159,1.0,546.0440251572327,0.0,0.35563646462416554,14.045770943360619,0.904146013663016,1.5648738993983808,0.0008702816984068429,0.0,259,142
2024-12-29,45.0,2.1451103773311786,0,0,0,0,0,0,159,1.0,547.0440251572327,0.0,0.3565074772818155,14.080243057202843,0.904146013663016,1.5648738993983808,0.0008710126576499243,0.0,259,142
2024-12-30,45.0,2.1451103773311786,0,0,0,0,0,0,159,1.0,548.0440251572327,0.0,0.35737921526026584,14.114744026523795,0.904146013663016,1.5648738993983808,0.0008717379784502914,0.0,259,142
2024-12-31,45.0,2.1451103773311786,0,0,0,0,0,0,159,1.0,549.0440251572327,0.0,0.3582516729045686,14.149273627442952,0.904146013663016,1.5648738993983808,0.0008724576443027488,0.0,259,142
2025-01-01,45.0,2.1451103773311786,0,0,0,0,0,0,159,1.0,550.0440251572327,0.0,0.3591248445434076,14.183831635428556,0.904146013663016,1.5648738993983808,0.0008731716388390362,0.0,259,142
2025-01-02,45.0,2.1451103773311786,0,0,0,0,0,0,159,1.0,551.0440251572327,0.0,0.359998724489236,14.21841782530307,0.904146013663016,1.5648738993983808,0.0008738799458283476,0.0,259,142
2025-01-03,45.0,2.1451103773311786,0,0,0,0,0,0,159,1.0,552.0440251572327,0.0,0.3608733070384138,14.253031971248628,0.904146013663016,1.5648738993983808,0.000874582549177845,0.0,259,142
2025-01-04,45.0,2.1451103773311786,0,0,0,0,0,0,159,1.0,553.0440251572327,0.0,0.3617485864713469,14.287673846812524,0.904146013663016,1.5648738993983808,0.000875279432933155,0.0,259,142
2025-01-05,45.0,2.1451103773311786,0,0,0,0,0,0,159,1.0,554.0440251572327,0.0,0.3626245570526258,14.32234322491271,0.904146013663016,1.5648738993983808,0.0008759705812788649,0.0,259,142
2025-01-06,45.0,2.1451103773311786,0,0,0,0,0,0,159,1.0,555.0440251572327,0.0,0.3635012130311648,14.357039877843325,0.904146013663016,1.5648738993983808,0.0008766559785390001,0.0,259,142
2025-01-07,45.0,2.1451103773311786,0,0,0,0,0,0,159,1.0,556.0440251572327,0.0,0.3643785486403423,14.391763577280221,0.904146013663016,1.5648738993983808,0.000877335609177498,0.0,259,142
2025-01-08,45.0,2.1451103773311786,0,0,0,0,0,0,159,1.0,557.0440251572327,0.0,0.365256558098141,14.426514094286539,0.904146013663016,1.5648738993983808,0.0008780094577986683,0.0,259,142
2025-01-09,45.0,2.1451103773311786,0,0,0,0,0,0,159,1.0,558.0440251572327,0.0,0.36613523560728856,14.461291199318268,0.904146013663016,1.5648738993983808,0.000878677509147646,0.0,259,142
2025-01-10,45.0,2.1451103773311786,0,0,0,0,0,0,159,1.0,559.0440251572327,0.0,0.36701457535539944,14.496094662229858,0.904146013663016,1.5648738993983808,0.0008793397481108343,0.0,259,142
2025-01-11,45.0,2.1451103773311786,0,0,0,0,0,0,159,1.0,560.0440251572327,0.0,0.36789457151511573,14.530924252279807,0.904146013663016,1.5648738993983808,0.0008799961597163338,0.0,259,142
2025-01-12,45.0,2.1451103773311786,0,0,0,0,0,0,159,1.0,561.0440251572327,0.0,0.36877521824425014,14.565779738136317,0.904146013663016,1.5648738993983808,0.0008806467291343689,0.0,259,142
2025-01-13,45.0,2.1451103773311786,0,0,0,0,0,0,159,1.0,562.0440251572327,0.0,0.3696565096859278,14.600660887882919,0.904146013663016,1.5648738993983808,0.0008812914416776972,0.0,259,142
2025-01-14,45.0,2.1451103773311786,0,0,0,0,0,0,159,1.0,563.0440251572327,0.0,0.3705384399687298,14.635567469024132,0.904146013663016,1.5648738993983808,0.0008819302828020153,0.0,259,142
2025-01-15,45.0,2.1451103773311786,0,0,0,0,0,0,159,1.0,564.0440251572327,0.0,0.3714210032068362,14.670499248491158,0.904146013663016,1.5648738993983808,0.0008825632381063488,0.0,259,142
2025-01-16,45.0,2.1451103773311786,0,0,0,0,0,0,159,1.0,565.0440251572327,0.0,0.3723041935001697,14.705455992647556,0.904146013663016,1.5648738993983808,0.0008831902933334382,0.0,259,142
2025-01-17,45.0,2.1451103773311786,0,0,0,0,0,0,159,1.0,566.0440251572327,0.0,0.37318800493453974,14.740437467294953,0.904146013663016,1.5648738993983808,0.0008838114343701105,0.0,259,142
2025-01-18,45.0,2.1451103773311786,0,0,0,0,0,0,159,1.0,567.0440251572327,0.0,0.3740724315817874,14.77544343767877,0.904146013663016,1.5648738993983808,0.0008844266472476438,0.0,259,142
2025-01-19,45.0,2.1451103773311786,0,0,0,0,0,0,159,1.0,568.0440251572327,0.0,0.3749574674999295,14.810473668493952,0.904146013663016,1.5648738993983808,0.0008850359181421218,0.0,259,142
2025-01-20,45.0,2.1451103773311786,0,0,0,0,0,0,159,1.0,569.0440251572327,0.0,0.37584310673330434,14.845527923890717,0.904146013663016,1.5648738993983808,0.0008856392333747748,0.0,259,142
2025-01-21,45.0,2.1451103773311786,0,0,0,0,0,0,159,1.0,570.0440251572327,0.0,0.3767293433127166,14.88060596748032,0.904146013663016,1.5648738993983808,0.0008862365794123193,0.0,259,142
2025-01-22,45.0,2.1451103773311786,0,0,0,0,0,0,159,1.0,571.0440251572327,0.0,0.37761617125558394,14.915707562340831,0.904146013663016,1.5648738993983808,0.0008868279428672775,0.0,259,142
2025-01-23,45.0,2.1451103773311786,0,0,0,0,0,0,159,1.0,572.0440251572327,0.0,0.37850358456608213,14.950832471022915,0.904146013663016,1.5648738993983808,0.0008874133104982956,0.0,259,142
2025-01-24,45.0,2.1451103773311786,0,0,0,0,0,0,159,1.0,573.0440251572327,0.0,0.37939157723529265,14.985980455555634,0.904146013663016,1.5648738993983808,0.0008879926692104469,0.0,259,142
2025-01-25,45.0,2.1451103773311786,0,0,0,0,0,0,159,1.0,574.0440251572327,0.0,0.3802801432413482,15.021151277452265,0.904146013663016,1.5648738993983808,0.0008885660060555299,0.0,259,142
2025-01-26,45.0,2.1451103773311786,0,0,0,0,0,0,159,1.0,575.0440251572327,0.0,0.38116927654958055,15.05634469771612,0.904146013663016,1.5648738993983808,0.0008891333082323511,0.0,259,142
2025-01-27,45.0,2.1451103773311786,0,0,0,0,0,0,159,1.0,576.0440251572327,0.0,0.3820589711126675,15.091560476846373,0.904146013663016,1.5648738993983808,0.0008896945630870036,0.0,259,142
2025-01-28,45.0,2.1451103773311786,0,0,0,0,0,0,159,1.0,577.0440251572327,0.0,0.38294922087078065,15.126798374843915,0.904146013663016,1.5648738993983808,0.000890249758113134,0.0,259,142
2025-01-29,45.0,2.1451103773311786,0,0,0,0,0,0,159,1.0,578.0440251572327,0.0,0.3838400197517328,15.162058151217202,0.904146013663016,1.5648738993983808,0.0008907988809521971,0.0,259,142
2025-01-30,45.0,2.1451103773311786,0,0,0,0,0,0,159,1.0,579.0440251572327,0.0,0.38473136167112654,15.197339564988125,0.904146013663016,1.5648738993983808,0.0008913419193937069,0.0,259,142
2025-01-31,45.0,2.1451103773311786,0,0,0,0,0,0,159,1.0,580.0440251572327,0.0,0.385623240532502,15.232642374697882,0.904146013663016,1.5648738993983808,0.0008918788613754717,0.0,259,142
2025-02-01,45.0,2.1451103773311786,0,0,0,0,0,0,159,1.0,581.0440251572327,0.0,0.38651565022748585,15.267966338412862,0.904146013663016,1.5648738993983808,0.0008924096949838245,0.0,259,142
2025-02-02,45.0,2.1451103773311786,0,0,0,0,0,0,159,1.0,582.0440251572327,0.0,0.3874085846359397,15.303311213730531,0.904146013663016,1.5648738993983808,0.0008929344084538428,0.0,259,142
2025-02-03,45.0,2.1451103773311786,0,0,0,0,0,0,159,1.0,583.0440251572327,0.0,0.3883020376261092,15.338676757785347,0.904146013663016,1.5648738993983808,0.0008934529901695562,0.0,259,142
2025-02-04,45.00000000000001,2.145110377331179,0,0,0,0,0,0,159,1.0,584.0440251572327,0.0,0.3891960030547734,15.374062727254657,0.904146013663016,1.5648738993983806,0.0008939654286641489,0.0,259,142
2025-02-05,45.00000000000001,2.145110377331179,0,0,0,0,0,0,159,1.0,585.0440251572327,0.0,0.3900904747673935,15.409468878364617,0.904146013663016,1.5648738993983806,0.0008944717126201503,0.0,259,142
2025-02-06,45.000000000000014,2.145110377331179,0,0,0,0,0,0,159,1.0,586.0440251572327,0.0,0.3909854465982632,15.444894966896122,0.904146013663016,1.5648738993983806,0.0008949718308696164,0.0,259,142
2025-02-07,45.00000000000003,2.145110377331179,0,0,0,0,0,0,159,1.0,587.0440251572327,0.0,0.3918809123706574,15.48034074819072,0.904146013663016,1.5648738993983806,0.0008954657723943036,0.0,259,142
2025-02-08,45.000000000000064,2.1451103773311795,0,0,0,0,0,0,159,1.0,588.0440251572327,0.0,0.3927768658969833,15.515805977156571,0.904146013663016,1.5648738993983802,0.0008959535263258306,0.0,259,142
2025-02-09,45.00000000000013,2.1451103773311804,0,0,0,0,0,0,159,1.0,589.0440251572327,0.0,0.3936733009789291,15.551290408274374,0.904146013663016,1.5648738993983793,0.0008964350819458349,0.0,259,142
2025-02-10,45.00000000000025,2.145110377331182,0,0,0,0,0,0,159,1.0,590.0440251572327,0.0,0.3945702114076153,15.586793795603317,0.9041460136630164,1.5648738993983777,0.0008969104286861166,0.0,259,142
2025-02-11,45.0000000000005,2.145110377331186,0,0,0,0,0,0,159,1.0,591.0440251572327,0.0,0.39546759096374395,15.622315892787054,0.9041460136630167,1.5648738993983737,0.0008973795561287747,0.0,259,142
2025-02-12,45.00000000000097,2.1451103773311937,0,0,0,0,0,0,159,1.0,592.0440251572327,0.0,0.3963654334177504,15.657856453059628,0.9041460136630174,1.564873899398366,0.0008978424540063352,0.0,259,142
2025-02-13,45.0000000000019,2.1451103773312084,0,0,0,0,0,0,159,1.0,593.0440251572327,0.0,0.39726373252995223,15.693415229251467,0.9041460136630194,1.5648738993983513,0.0008982991122018691,0.0,259,142
2025-02-14,45.00000000000369,2.1451103773312363,0,0,0,0,0,0,159,1.0,594.0440251572327,0.0,0.39816248205070137,15.728991973795344,0.9041460136630224,1.5648738993983233,0.0008987495207491024,0.0,259,142
2025-02-15,45.000000000007105,2.145110377331289,0,0,0,0,0,0,159,1.0,595.0440251572327,0.0,0.3990616757205338,15.76458643873234,0.9041460136630288,1.5648738993982707,0.0008991936698325176,0.0,259,142
2025-02-16,45.00000000001361,2.1451103773313895,0,0,0,0,0,0,159,1.0,596.0440251572327,0.0,0.3999613072703213,15.800198375717834,0.9041460136630407,1.5648738993981701,0.0008996315497874471,0.0,259,142
2025-02-17,45.000000000025864,2.14511037733158,0,0,0,0,0,0,159,1.0,597.0440251572327,0.0,0.40086137042142145,15.835827536027479,0.9041460136630631,1.5648738993979798,0.0009000631511001584,0.0,259,142
2025-02-18,45.00000000004882,2.1451103773319367,0,0,0,0,0,0,159,1.0,598.0440251572327,0.0,0.4017618588858294,15.871473670563184,0.9041460136631047,1.5648738993976232,0.0009004884644079322,0.0,259,142
2025-02-19,45.00000000009153,2.1451103773326,0,0,0,0,0,0,159,1.0,599.0440251572327,0.0,0.4026627663663284,15.907136529859105,0.9041460136631824,1.5648738993969595,0.0009009074804991377,0.0,259,142
2025-02-20,45.00000000017041,2.145110377333826,0,0,0,0,0,0,159,1.0,600.0440251572327,0.0,0.40356408655664183,15.942815864087628,0.9041460136633258,1.5648738993957338,0.0009013201903133042,0.0,259,142
2025-02-21,45.00000000031506,2.145110377336073,0,0,0,0,0,0,159,1.0,601.0440251572327,0.0,0.40446581314158303,15.978511423065369,0.9041460136635893,1.564873899393487,0.0009017265849411938,0.0,259,142
2025-02-22,45.00000000057848,2.1451103773401643,0,0,0,0,0,0,159,1.0,602.0440251572327,0.0,0.4053679397972079,16.01422295625917,0.9041460136640683,1.5648738993893956,0.000902126655624887,0.0,259,142
2025-02-23,45.000000001054794,2.1451103773475624,0,0,0,0,0,0,159,1.0,603.0440251572327,0.0,0.4062704601909658,16.04995021279209,0.9041460136649351,1.5648738993819973,0.0009025203937578929,0.0,259,142
2025-02-24,45.00000000190999,2.1451103773608464,0,0,0,0,0,0,159,1.0,604.0440251572327,0.0,0.40717336798185116,16.085692941449427,0.9041460136664909,1.5648738993687132,0.0009029077908853075,0.0,259,142
2025-02-25,45.0000000034346,2.1451103773845284,0,0,0,0,0,0,159,1.0,605.0440251572327,0.0,0.40807665682055516,16.121450890684713,0.9041460136692648,1.5648738993450313,0.000903288838704059,0.0,259,142
2025-02-26,45.00000000613348,2.145110377426451,0,0,0,0,0,0,159,1.0,606.0440251572327,0.0,0.40898032034961845,16.157223808625776,0.9041460136741756,1.5648738993031088,0.0009036635290633107,0.0,259,142
2025-02-27,45.00000001087731,2.1451103775001377,0,0,0,0,0,0,159,1.0,607.0440251572327,0.0,0.4098843522035836,16.19301144308077,0.9041460136828071,1.5648738992294218,0.0009040318539651244,0.0,259,142
2025-02-28,45.00000001915667,2.1451103776287423,0,0,0,0,0,0,159,1.0,608.0440251572327,0.0,0.4107887460091491,16.228813541544294,0.9041460136978714,1.564873899100817,0.0009043938055655746,0.0,259,142
2025-03-01,45.00000003350447,2.145110377851609,0,0,0,0,0,0,159,1.0,609.0440251572327,0.0,0.41169349538532574,16.264629851203566,0.9041460137239772,1.5648738988779507,0.0009047493761765947,0.0,259,142
2025-03-02,45.00000005819283,2.145110378235097,0,0,0,0,0,0,159,1.0,610.0440251572327,0.0,0.4125985939435948,16.30046011894471,0.9041460137688972,1.564873898494463,0.0009050985582690345,0.0,259,142
2025-03-03,45.00000010037379,2.1451103788903,0,0,0,0,0,0,159,1.0,611.0440251572327,0.0,0.41350403528807256,16.336304091359256,0.9041460138456453,1.56487389783926,0.000905441344477686,0.0,259,142
2025-03-04,45.000000171931404,2.145110380001815,0,0,0,0,0,0,159,1.0,612.0440251572327,0.0,0.41440981301568186,16.37216151475096,0.9041460139758439,1.5648738967277447,0.0009057777276094671,0.0,259,142
2025-03-05,45.00000029246517,2.145110381874084,0,0,0,0,0,0,159,1.0,613.0440251572327,0.0,0.41531592071633866,16.408032135143117,0.9041460141951542,1.5648738948554757,0.0009061077006566469,0.0,259,142
2025-03-06,45.00000049405712,2.1451103850054425,0,0,0,0,0,0,159,1.0,614.0440251572327,0.0,0.4162223519731566,16.44391569828676,0.9041460145619492,1.5648738917241174,0.0009064312568180473,0.0,259,142
2025-03-07,45.00000082882766,2.1451103902054838,0,0,0,0,0,0,159,1.0,615.0440251572327,0.0,0.41712910036268935,16.479811949670115,0.9041460151710622,1.5648738865240759,0.0009067483895327312,0.0,259,142
2025-03-08,45.00000138081462,2.1451103987795808,0,0,0,0,0,0,159,1.0,616.0440251572327,0.0,0.4180361594552224,16.515720634530215,0.9041460161753988,1.564873877949979,0.0009070590925331065,0.0,259,142
2025-03-09,45.000002284496965,2.1451104128166145,0,0,0,0,0,0,159,1.0,617.0440251572327,0.0,0.4189435228151505,16.551641497867703,0.9041460178196423,1.5648738639129454,0.0009073633599279275,0.0,259,142
2025-03-10,45.000003753443295,2.1451104356339785,0,0,0,0,0,0,159,1.0,618.0440251572327,0.0,0.41985118400148136,16.587574284466754,0.9041460204923799,1.5648738410955814,0.0009076611863309604,0.0,259,142
2025-03-11,45.000006124254064,2.145110472460138,0,0,0,0,0,0,159,1.0,619.0440251572327,0.0,0.42075913656854014,16.62351873892273,0.9041460248060535,1.564873804269422,0.000907952567058768,0.0,259,142
2025-03-12,45.00000992340246,2.145110531472875,0,0,0,0,0,0,159,1.0,620.0440251572327,0.0,0.4216673740669724,16.659474605681687,0.9041460317185765,1.564873745256685,0.0009082374984322096,0.0,259,142
2025-03-13,45.00001596805712,2.145110625365395,0,0,0,0,0,0,159,1.0,621.0440251572327,0.0,0.4225758900452045,16.69544162909781,0.9041460427167805,1.564873651364165,0.0009085159782321957,0.0,259,142
2025-03-14,45.000025516882616,2.1451107736886668,0,0,0,0,0,0,159,1.0,622.0440251572327,0.0,0.4234846780515873,16.73141955351765,0.9041460600907889,1.5648735030408931,0.0009087880063827605,0.0,259,142
2025-03-15,45.00004049367755,2.145111006325361,0,0,0,0,0,0,159,1.0,623.0440251572327,0.0,0.42439373163755356,16.76740812340428,0.9041460873409379,1.5648732704041988,0.0009090535859662553,0.0,259,142
2025-03-16,45.000063816192764,2.14511136859732,0,0,0,0,0,0,159,1.0,624.0440251572327,0.0,0.4253030443622726,16.80340708352022,0.9041461297760404,1.5648729081322397,0.000909312724719013,0.0,259,142
2025-03-17,45.000099875422045,2.14511192870996,0,0,0,0,0,0,159,1.0,625.0440251572327,0.0,0.4262126097994885,16.83941617919617,0.9041461953853885,1.5648723480195998,0.0009095654372159026,0.0,259,142
2025-03-18,45.00015522813167,2.1451127885107084,0,0,0,0,0,0,159,1.0,626.0440251572327,0.0,0.42712242154752245,16.87543515672408,0.9041462960989325,1.5648714882188515,0.0009098117480339605,0.0,259,142
2025-03-19,45.000239588682426,2.14511409889134,0,0,0,0,0,0,159,1.0,627.0440251572327,0.0,0.4280324732438135,16.911463763928545,0.904146449591405,1.5648701778382195,0.0009100516962911074,0.0,259,142
2025-03-20,45.00036723683363,2.145116081662475,0,0,0,0,0,0,159,1.0,628.0440251572327,0.0,0.4289427585859191,16.947501750991968,0.9041466818445123,1.5648681950670846,0.0009102853421055206,0.0,259,142
2025-03-21,45.00055899797581,2.145119060284909,0,0,0,0,0,0,159,1.0,629.0440251572327,0.0,0.42985327136160867,16.983548871637158,0.9041470307464572,1.5648652164446508,0.0009105127756896763,0.0,259,142
2025-03-22,45.00084500310044,2.145123502797458,0,0,0,0,0,0,159,1.0,630.0440251572327,0.0,0.4307640054916887,17.019604884809965,0.9041475511198508,1.564860773932102,0.0009107341300798516,0.0,259,142
2025-03-23,45.0012684998953,2.145130080965692,0,0,0,0,0,0,159,1.0,631.0440251572327,0.0,0.43167495509040216,17.05566955705271,0.9041483216491358,1.5648541957638678,0.000910949598713585,0.0,259,142
2025-03-24,45.001891065776555,2.1451397511143453,0,0,0,0,0,0,159,1.0,632.0440251572327,0.0,0.43258611454990425,17.091742665823414,0.904149454346813,1.5648445256152144,0.0009111594595020445,0.0,259,142
2025-03-25,45.002799670367025,2.1451538642254575,0,0,0,0,0,0,159,1.0,633.0440251572327,0.0,0.43349747865758753,17.127824004105996,0.9041511074454598,1.5648304125041024,0.0009113641076833623,0.0,259,142
2025-03-26,45.0041161503721,2.1451743121121436,0,0,0,0,0,0,159,1.0,634.0440251572327,0.0,0.4344090427571292,17.163913386738297,0.9041535025109412,1.5648099646174163,0.0009115640995416697,0.0,259,142
2025-03-27,45.00600979460894,2.1452037246536406,0,0,0,0,0,0,159,1.0,635.0440251572327,0.0,0.4353208029686274,17.200010659062063,0.9041569475277607,1.564780552075919,0.0009117602114981448,0.0,259,142
2025-03-28,45.00871389040611,2.1452457211034077,0,0,0,0,0,0,159,1.0,636.0440251572327,0.0,0.4362327564842302,17.236115708539206,0.9041618663010834,1.564738555626152,0.0009119535156027715,0.0,259,142
2025-03-29,45.01254725208446,2.145305255821568,0,0,0,0,0,0,159,1.0,637.0440251572327,0.0,0.43714490196768524,17.27222848045156,0.904168838886223,1.5646790209079917,0.0009121454834550989,0.0,259,142
2025-03-30,45.017941932537155,2.1453890388838683,0,0,0,0,0,0,159,1.0,638.0440251572327,0.0,0.4380572400807015,17.308348998583536,0.9041786507277062,1.5645952378456913,0.0009123381130162194,0.0,259,142
2025-03-31,45.02547850148421,2.1455060636916756,0,0,0,0,0,0,159,1.0,639.0440251572327,0.0,0.43896977416863325,17.34447739216517,0.9041923542203334,1.5644782130378843,0.0009125340879317511,0.0,259,142
2025-04-01,5.0359304461239285,1.1507223771795911,0,0,0,0,0,0,159,1.0,640.0440251572327,0.0,0.43947309439248083,17.364484371063114,0.7332828404505131,2.5592618995499685,0.0005033202238476779,0.0,307,74
2025-04-02,45.05031939418538,2.1458916664565444,0,0,0,0,0,0,159,1.0,641.0440251572327,0.0,0.4403863394708012,17.400641076329936,0.9042374972740411,1.5640926102730155,0.0009132450783201345,0.0,259,142
2025-04-03,45.06998295302586,2.146196834918333,0,0,0,0,0,0,159,1.0,642.0440251572327,0.0,0.4412998200196134,17.436807202937466,0.9042732121775711,1.5637874418112268,0.0009134805488123413,0.0,259,142
2025-04-04,45.09665697308529,2.146610802183226,0,0,0,0,0,0,159,1.0,643.0440251572327,0.0,0.44221356198848943,17.472983768299237,0.9043216438018301,1.563373474546334,0.0009137419688760441,0.0,259,142
2025-04-05,45.13257394604026,2.1471676430109676,0,0,0,0,0,0,159,1.0,644.0440251572327,0.0,0.4431276015543067,17.50917219168987,0.9043867610221206,1.5628166337185923,0.000914039565817279,0.0,258,143
2025-04-06,45.18057899922423,2.147911892076284,0,0,0,0,0,0,159,1.0,645.0440251572327,0.0,0.4440419882603621,17.545374417587702,0.9044737405887411,1.5620723846532756,0.0009143867060553478,0.0,258,143
2025-04-07,45.24426450723618,2.148897723702549,0,0,0,0,0,0,159,1.0,646.0440251572327,0.0,0.44495678790747517,17.581593029268177,0.9045888598363001,1.5610865530270108,0.0009147996471131536,0.0,258,143
2025-04-08,45.32812366772743,2.150195837121834,0,0,0,0,0,0,159,1.0,647.0440251572327,0.0,0.44587208747986523,17.61783144234234,0.9047402823321715,1.5597884396077257,0.0009152995723900234,0.0,258,143
2025-04-09,45.43772244291014,2.1518858362392876,0,0,0,0,0,0,159,1.0,648.0440251572327,0.0,0.4467879977635403,17.654094007614653,0.9049371398148739,1.558098440490272,0.0009159102836750257,0.0,258,143
2025-04-10,45.57988802092092,2.154078011297539,0,0,0,0,0,0,159,1.0,649.0440251572327,0.0,0.447704662392423,17.690386366484567,0.9051920245762883,1.5559062654320206,0.0009166646288826959,0.0,257,144
2025-04-11,45.7629103846519,2.156900192774147,0,0,0,0,0,0,159,1.0,650.0440251572327,0.0,0.44862226285152945,17.72671564745393,0.9055193820186996,1.5530840839554125,0.0009176004591064914,0.0,257,144
2025-04-12,45.99675169241121,2.1604831929850046,0,0,0,0,0,0,159,1.0,651.0440251572327,0.0,0.44954101895277765,17.76309048469706,0.9059337279891564,1.5495010837445553,0.0009187561012481433,0.0,257,144
2025-04-13,46.29325600324493,2.1650263381564763,0,0,0,0,0,0,159,1.0,652.0440251572327,0.0,0.4504612085340513,17.79952179187359,0.9064570767158313,1.5449579385730836,0.0009201895812737229,0.0,257,144
2025-04-14,46.66634948073634,2.1706925058761826,0,0,0,0,0,0,159,1.0,653.0440251572327,0.0,0.4513831554830189,17.836022291264022,0.9071066106791159,1.5392917708533773,0.0009219469489675314,0.0,256,145
2025-04-15,47.13221868101055,2.1777676577709504,0,0,0,0,0,0,159,1.0,654.0440251572327,0.0,0.4523072644852384,17.87260787858216,0.9079127036871223,1.5322166189586095,0.0009241090022194493,0.0,256,145
2025-04-16,47.70945201296719,2.1863722173558613,0,0,0,0,0,0,159,1.0,655.0440251572327,0.0,0.4532339696301389,17.90929560311117,0.9088856262068716,1.5236120593736984,0.0009267051449005319,0.0,256,145
2025-04-17,48.41912713254185,2.19695102754274,0,0,0,0,0,0,159,1.0,656.0440251572327,0.0,0.45416382625237495,17.946107275077274,0.9100706168344209,1.5130332491868197,0.0009298566222361235,0.0,254,147
2025-04-18,49.28482511768256,2.209838027901387,0,0,0,0,0,0,159,1.0,657.0440251572327,0.0,0.45509747239476134,17.983067950137375,0.9114975283046327,1.5001462488281727,0.0009336461423862964,0.0,254,147
2025-04-19,50.33255101721717,2.22503596587448,0,0,0,0,0,0,159,1.0,658.0440251572327,0.0,0.45603552697336863,18.02020192743973,0.913156842224016,1.4849483108550798,0.0009380545786073365,0.0,253,148
2025-04-20,51.59054004351111,2.243283905723003,0,0,0,0,0,0,159,1.0,659.0440251572327,0.0,0.4569787923633519,18.0575407053513,0.9151155884503793,1.4667003710065563,0.0009432653899833694,0.0,251,150
2025-04-21,53.088929554593435,2.2643203545361654,0,0,0,0,0,0,159,1.0,660.0440251572327,0.0,0.45792795989768215,18.09511141117287,0.9173282028965103,1.4456639221933942,0.000949167534330175,0.0,250,151
2025-04-22,54.85927929247957,2.2891749543361444,0,0,0,0,0,0,159,1.0,661.0440251572327,0.0,0.4588839574407811,18.13295044865543,0.919879677400747,1.4208093223934153,0.0009559975430989137,0.0,248,153
2025-04-23,56.933926307734154,2.3591066350013787,0,0,0,0,0,0,159,1.0,662.0440251572327,0.0,0.4598582933852821,18.171509530355436,0.9266940149865011,1.350877641728181,0.0009743359445010928,0.0,217,184
2025-04-24,59.3451667248808,2.440384121542054,0,0,0,0,0,0,159,1.0,663.0440251572327,0.0,0.4608524234083,18.210845397827526,0.9339379749145564,1.2696001551875056,0.0009941300230179033,0.0,176,225
2025-04-25,62.12426400145304,2.5023404958801114,0,0,0,0,0,0,159,1.0,664.0440251572327,0.0,0.46178513262938037,18.24773240754962,0.9390406429193672,1.2088718748263134,0.000932895056560527,1.8583548017488095e-07,145,256
2025-04-26,65.30029248549191,2.5319957799661794,0,0,0,0,0,0,159,1.0,665.0440251572327,0.0,0.46272381179357874,18.284853301925803,0.9414525441406346,1.1818277478295847,0.0009392603281778533,5.811639794730798e-07,145,256
2025-04-27,68.89883561088229,2.565596177196783,0,0,0,0,0,0,159,1.0,666.0440251572327,0.0,0.46365789832295523,18.321787805904854,0.9440971957579788,1.1515135856754624,0.0009351670073188825,1.0804779423678263e-06,143,258
2025-04-28,72.94056955465514,2.5986926564404396,0,0,0,0,0,0,159,1.0,667.0440251572327,0.0,0.46458679847459433,18.358512431819896,0.9466119297738456,1.1219941875881345,0.0009305264921440226,1.6263405049665656e-06,141,260
2025-04-29,77.4397750244831,2.635535225129191,0,0,0,0,0,0,159,1.0,668.0440251572327,0.0,0.4655106861146246,18.395033727027215,0.949307768431236,1.0895351224922845,0.0009261863385357423,2.298698505590658e-06,139,262
2025-04-30,82.40283131659442,2.673694289534325,0,0,0,0,0,0,159,1.0,669.0440251572327,0.0,0.46642923067153386,18.431338476009625,0.9519872389459751,1.056371175781019,0.0009216140912115365,3.06953430224385e-06,137,264
2025-05-01,87.82675704574788,2.7153968048889086,0,0,0,0,0,0,159,1.0,670.0440251572327,0.0,0.467342413673315,18.46742563865857,0.954786878671591,1.020661215491033,0.0009171837229308746,4.000721149671516e-06,135,266
2025-05-02,93.69787010375246,2.7575031850834555,0,0,0,0,0,0,159,1.0,671.0440251572327,0.0,0.4682496580629912,18.503272324761376,0.9574795129211612,0.9851651514226926,0.0009122799526744992,5.035562998266783e-06,133,268
2025-05-03,99.99064456105107,2.802215476363082,0,0,0,0,0,0,159,1.0,672.0440251572327,0.0,0.4691506729066186,18.538866794877283,0.9601939475639047,0.9480839592422211,0.0009072544345570764,6.2395909296686825e-06,131,270
2025-05-04,106.66684357607812,2.8496521288327132,0,0,0,0,0,0,159,1.0,673.0440251572327,0.0,0.47003841177869893,18.573928786717843,0.9629146204392146,0.9094418759663111,0.0008953793659213971,7.64049384114796e-06,128,273
2025-05-05,113.67500426574213,2.8958572551417046,0,0,0,0,0,0,159,1.0,674.0440251572327,0.0,0.47091794898420036,18.60866024292429,0.965411284275127,0.8725061398538401,0.0008886741714879217,9.136965986527039e-06,126,275
2025-05-06,120.9503424972151,2.943823895293325,0,0,0,0,0,0,159,1.0,675.0440251572327,0.0,0.4717880214902143,18.643010904787143,0.9678448245211201,0.8348616380199131,0.0008809060383009197,1.0833532286872705e-05,124,277
2025-05-07,128.4151325659813,2.990362562810776,0,0,0,0,0,0,159,1.0,676.0440251572327,0.0,0.47264063963305614,18.67666343725602,0.9700565541437484,0.7990401251565793,0.0008652498173559004,1.2631674514217058e-05,121,280
2025-05-08,135.97959895689502,3.037522654798715,0,0,0,0,0,0,159,1.0,677.0440251572327,0.0,0.47347444293647917,18.709563821861643,0.9721528744998297,0.7634724427699265,0.0008484200939391175,1.4616790515953724e-05,118,283
2025-05-09,143.5433354473903,3.0818541455608797,0,0,0,0,0,0,159,1.0,678.0440251572327,0.0,0.47429567477632745,18.741960597199693,0.9739961223880877,0.7307502774524399,0.0008378858375452477,1.66539976969108e-05,116,285
2025-05-10,150.99724167865742,3.125541914912536,0,0,0,0,0,0,159,1.0,679.0440251572327,0.0,0.4751036154995129,18.77382531666217,0.9756930084872452,0.6991397591193137,0.000826763007561101,1.882228437573838e-05,114,287
2025-05-11,158.2259402983511,3.1679097296141876,0,0,0,0,0,0,159,1.0,680.0440251572327,0.0,0.4758900086377253,18.804829996203416,0.9772289156862947,0.6691007547976426,0.0008074805740092215,2.108743579686051e-05,111,290
2025-05-12,165.1106104375212,3.2060722406588895,0,0,0,0,0,0,159,1.0,681.0440251572327,0.0,0.476661815680433,18.835251785883564,0.9785240411657914,0.6425943444539688,0.0007950803106210356,2.327326791337219e-05,109,292
2025-05-13,171.53214735963516,3.2416675515104387,0,0,0,0,0,0,159,1.0,682.0440251572327,0.0,0.47741859389073504,18.865073363857572,0.9796567848004953,0.6183104632393064,0.0007822105085860152,2.5432298283875904e-05,107,294
2025-05-14,177.3745353876893,3.2729508921488155,0,0,0,0,0,0,159,1.0,683.0440251572327,0.0,0.47815998620725264,18.894280930986163,0.9805929552980727,0.5973044422916626,0.0007688168404894704,2.7424523971818177e-05,105,296
2025-05-15,182.52830335980434,3.3005469844091455,0,0,0,0,0,0,159,1.0,684.0440251572327,0.0,0.4788934275721478,18.923170351565222,0.9813763333825253,0.5790840479336407,0.0007627108895667605,2.926952467155385e-05,104,297
2025-05-16,186.89392033601482,3.3232642701639445,0,0,0,0,0,0,159,1.0,685.0440251572327,0.0,0.4796186962500935,18.951733207309555,0.9819913544073762,0.5642926425981993,0.000756117045046894,3.084836710123957e-05,103,298
2025-05-17,190.38498517145163,3.341430664029306,0,0,0,0,0,0,159,1.0,686.0440251572327,0.0,0.4803357897373852,18.979969752920105,0.9824627985412827,0.5525754021111788,0.0007492351611843305,3.214167389278709e-05,102,299
2025-05-18,192.93106751158743,3.354679668784258,0,0,0,0,0,0,159,1.0,687.0440251572327,0.0,0.4810447410378123,19.00788166779902,0.9827949969809339,0.5440858183613623,0.0007420501382370134,3.309883780978431e-05,101,300
2025-05-19,194.48006984555536,3.3626121304545276,0,0,0,0,0,0,159,1.0,688.0440251572327,0.0,0.48175304655109774,19.035767320167963,0.9829904147276742,0.5390469590613798,0.000741986550791231,3.3681037505832836e-05,101,300
2025-05-20,195.0,3.3652746997295426,0,0,0,0,0,0,159,1.0,689.0440251572327,0.0,0.4824607553856475,19.063629039981073,0.9830550220672809,0.5373556414715903,0.0007415775979147545,3.386876336502781e-05,101,300
2025-05-21,194.48006984555536,3.3626121304545276,0,0,0,0,0,0,159,1.0,690.0440251572327,0.0,0.48316792322537055,19.09146942259732,0.9829904147276742,0.5390469590613798,0.000740826090258288,3.36582505352091e-05,101,300
2025-05-22,192.93106751158743,3.354679668784258,0,0,0,0,0,0,159,1.0,691.0440251572327,0.0,0.4838745943337655,19.119290610832252,0.9827949969809339,0.5440858183613623,0.0007397251086440488,3.3054000249075526e-05,101,300
2025-05-23,190.38498517145163,3.341430664029306,0,0,0,0,0,0,159,1.0,692.0440251572327,0.0,0.48458824970894276,19.147390371715172,0.9824627985412827,0.5525754021111788,0.0007457316153949555,3.2076240217694365e-05,102,299
2025-05-24,186.89392033601482,3.3232642701639445,0,0,0,0,0,0,159,1.0,693.0440251572327,0.0,0.48530889753362916,19.17576941424874,0.9819913544073762,0.5642926425981993,0.000751412233114548,3.076440842819955e-05,103,298
2025-05-25,182.52830335980434,3.3005469844091455,0,0,0,0,0,0,159,1.0,694.0440251572327,0.0,0.4860365087106225,19.20442695724129,0.9813763333825253,0.5790840479336407,0.0007567807889612178,2.9169611967947354e-05,104,297
2025-05-26,177.3745353876893,3.2729508921488155,0,0,0,0,0,0,159,1.0,695.0440251572327,0.0,0.48677082925740595,19.233353328006647,0.9805929552980727,0.5973044422916626,0.0007616322935463344,2.731174676274144e-05,105,296
2025-05-27,171.53214735963516,3.2416675515104387,0,0,0,0,0,0,159,1.0,696.0440251572327,0.0,0.48751925744569713,19.262842963817512,0.9796567848004953,0.6183104632393064,0.0007737380487184543,2.5309860427382908e-05,107,294
2025-05-28,165.1106104375212,3.2060722406588895,0,0,0,0,0,0,159,1.0,697.0440251572327,0.0,0.4882813928646918,19.29288038008415,0.9785240411657914,0.6425943444539688,0.0007852801419187804,2.3144722924003694e-05,109,292
2025-05-29,158.2259402983511,3.1679097296141876,0,0,0,0,0,0,159,1.0,698.0440251572327,0.0,0.48905675043638935,19.3234466098681,0.9772289156862947,0.6691007547976426,0.0007963135764469848,2.0956004749307478e-05,111,290
2025-05-30,150.99724167865742,3.125541914912536,0,0,0,0,0,0,159,1.0,699.0440251572327,0.0,0.48985224286096474,19.35481691260926,0.9756930084872452,0.6991397591193137,0.0008141839993425907,1.8691574767387044e-05,114,287
2025-05-31,143.5433354473903,3.0818541455608797,0,0,0,0,0,0,159,1.0,700.0440251572327,0.0,0.49065957631200896,19.38666186202431,0.9739961223880877,0.7307502774524399,0.0008238601420892162,1.6526691044948594e-05,116,285
2025-06-01,135.97959895689502,3.037522654798715,0,0,0,0,0,0,159,1.0,701.0440251572327,0.0,0.49147799282178567,19.418951530625463,0.9721528744998297,0.7634724427699265,0.0008329115959323368,1.4495086155684833e-05,118,283
2025-06-02,128.4151325659813,2.990362562810776,0,0,0,0,0,0,159,1.0,702.0440251572327,0.0,0.49231368028827804,19.451932307809116,0.9700565541437484,0.7990401251565793,0.0008482055793028027,1.2518112810314395e-05,121,280
2025-06-03,120.9503424972151,2.943823895293325,0,0,0,0,0,0,159,1.0,703.0440251572327,0.0,0.49316526012473466,19.48554949535303,0.9678448245211201,0.8348616380199131,0.0008623091535538401,1.072931709730499e-05,124,277
2025-06-04,113.67500426574213,2.8958572551417046,0,0,0,0,0,0,159,1.0,704.0440251572327,0.0,0.4940247223777005,19.519485005176747,0.965411284275127,0.8725061398538401,0.000868505844677241,9.043591711482193e-06,126,275
2025-06-05,106.66684357607812,2.8496521288327132,0,0,0,0,0,0,159,1.0,705.0440251572327,0.0,0.494890789694763,19.553688042336475,0.9629146204392146,0.9094418759663111,0.0008736254971022945,7.55818003969024e-06,128,273
2025-06-06,99.99064456105107,2.802215476363082,0,0,0,0,0,0,159,1.0,706.0440251572327,0.0,0.49576848140354984,19.58835841818634,0.9601939475639047,0.9480839592422211,0.0008838608526074285,6.16914382060934e-06,131,270
2025-06-07,93.69787010375246,2.7575031850834555,0,0,0,0,0,0,159,1.0,707.0440251572327,0.0,0.49665079675643653,19.623217708570674,0.9574795129211612,0.9851651514226926,0.0008872917294194334,4.976376532755874e-06,133,268
2025-06-08,87.82675704574788,2.7153968048889086,0,0,0,0,0,0,159,1.0,708.0440251572327,0.0,0.49753746027172757,19.658254806985376,0.954786878671591,1.020661215491033,0.0008906155667988188,3.952051507863686e-06,135,266
2025-06-09,82.40283131659442,2.673694289534325,0,0,0,0,0,0,159,1.0,709.0440251572327,0.0,0.49842788240275465,19.69344636248301,0.9519872389459751,1.056371175781019,0.0008934532022523791,3.0310712252623145e-06,137,264
2025-06-10,77.4397750244831,2.635535225129191,0,0,0,0,0,0,159,1.0,710.0440251572327,0.0,0.49932208587376725,19.728792974486424,0.949307768431236,1.0895351224922845,0.0008964726675251773,2.269196512480111e-06,139,262
2025-06-11,72.94056955465514,2.5986926564404396,0,0,0,0,0,0,159,1.0,711.0440251572327,0.0,0.5002197509948875,19.76428188030728,0.9466119297738456,1.1219941875881345,0.0008992701822704558,1.605061150299821e-06,141,260
2025-06-12,68.89883561088229,2.565596177196783,0,0,0,0,0,0,159,1.0,712.0440251572327,0.0,0.5011211145574933,19.79992211790492,0.9440971957579788,1.1515135856754624,0.0009024296962875018,1.0661336816823978e-06,143,258
2025-06-13,65.30029248549191,2.5319957799661794,0,0,0,0,0,0,159,1.0,713.0440251572327,0.0,0.5020255669179636,19.835689602594215,0.9414525441406346,1.1818277478295847,0.000905025722686433,5.733622160989502e-07,145,256
2025-06-14,62.12426400145304,2.5023404958801114,0,0,0,0,0,0,159,1.0,714.0440251572327,0.0,0.5029227243506242,19.87117114683868,0.9390406429193672,1.2088718748263134,0.0008973407510146164,1.8331835396491795e-07,145,256
2025-06-15,59.3451667248808,2.440384121542054,0,0,0,0,0,0,159,1.0,715.0440251572327,0.0,0.5038784436245298,19.908988981464248,0.9339379749145564,1.2696001551875056,0.0009557192739055938,0.0,176,225
2025-06-16,56.933926307734154,2.3591066350013787,0,0,0,0,0,0,159,1.0,716.0440251572327,0.0,0.5048119323279495,19.945934601053207,0.9266940149865011,1.350877641728181,0.0009334887034197436,0.0,217,184
2025-06-17,54.85927929247957,2.2891749543361444,0,0,0,0,0,0,159,1.0,717.0440251572327,0.0,0.5057247524267542,19.982068886623775,0.919879677400747,1.4208093223934153,0.0009128200988045625,0.0,248,153
2025-06-18,53.088929554593435,2.2643203545361654,0,0,0,0,0,0,159,1.0,718.0440251572327,0.0,0.5066296803421441,20.017893294299952,0.9173282028965103,1.4456639221933942,0.0009049279153899806,0.0,250,151
2025-06-19,51.59054004351111,2.243283905723003,0,0,0,0,0,0,159,1.0,719.0440251572327,0.0,0.5075277317682751,20.05344767204424,0.9151155884503793,1.4667003710065563,0.0008980514261310064,0.0,251,150
2025-06-20,50.33255101721717,2.22503596587448,0,0,0,0,0,0,159,1.0,720.0440251572327,0.0,0.508419663358765,20.08876170887613,0.913156842224016,1.4849483108550798,0.000891931590489813,0.0,253,148
2025-06-21,49.28482511768256,2.209838027901387,0,0,0,0,0,0,159,1.0,721.0440251572327,0.0,0.5093063614014132,20.123870195610124,0.9114975283046327,1.5001462488281727,0.0008866980426480857,0.0,254,147
2025-06-22,48.41912713254185,2.19695102754274,0,0,0,0,0,0,159,1.0,722.0440251572327,0.0,0.5101885107486184,20.15880001886929,0.9100706168344209,1.5130332491868197,0.000882149347205338,0.0,254,147
2025-06-23,47.70945201296719,2.1863722173558613,0,0,0,0,0,0,159,1.0,723.0440251572327,0.0,0.5110668221793925,20.193579089451575,0.9088856262068716,1.5236120593736984,0.000878311430774182,0.0,256,145
2025-06-24,47.13221868101055,2.1777676577709504,0,0,0,0,0,0,159,1.0,724.0440251572327,0.0,0.5119419170591649,20.228231809999016,0.9079127036871223,1.5322166189586095,0.000875094879772355,0.0,256,145
2025-06-25,46.66634948073634,2.1706925058761826,0,0,0,0,0,0,159,1.0,725.0440251572327,0.0,0.5128142826559788,20.262777317914928,0.9071066106791159,1.5392917708533773,0.0008723655968139102,0.0,256,145
2025-06-26,46.29325600324493,2.1650263381564763,0,0,0,0,0,0,159,1.0,726.0440251572327,0.0,0.5136843757185862,20.29723355358246,0.9064570767158313,1.5449579385730836,0.0008700930626072145,0.0,257,144
2025-06-27,45.99675169241121,2.1604831929850046,0,0,0,0,0,0,159,1.0,727.0440251572327,0.0,0.5145525633586912,20.33161493704111,0.9059337279891564,1.5495010837445553,0.0008681876401050133,0.0,257,144
2025-06-28,45.7629103846519,2.156900192774147,0,0,0,0,0,0,159,1.0,728.0440251572327,0.0,0.51541916211288,20.36593390216619,0.9055193820186996,1.5530840839554125,0.0008665987541890153,0.0,257,144
2025-06-29,45.57988802092092,2.154078011297539,0,0,0,0,0,0,159,1.0,729.0440251572327,0.0,0.5162844236876633,20.400200336220074,0.9051920245762883,1.5559062654320206,0.0008652615747832588,0.0,257,144
2025-06-30,45.43772244291014,2.1518858362392876,0,0,0,0,0,0,159,1.0,730.0440251572327,0.0,0.5171485571097529,20.434422449908965,0.9049371398148739,1.558098440490272,0.0008641334220894935,0.0,258,143
2025-07-01,45.32812366772743,2.150195837121834,0,0,0,0,0,0,159,1.0,731.0440251572327,0.0,0.5180117288860059,20.468606783502654,0.9047402823321715,1.5597884396077257,0.0008631717762532051,0.0,258,143
2025-07-02,45.24426450723618,2.148897723702549,0,0,0,0,0,0,159,1.0,732.0440251572327,0.0,0.5188740684260046,20.502758419785785,0.9045888598363001,1.5610865530270108,0.0008623395399985699,0.0,258,143
2025-07-03,45.18057899922423,2.147911892076284,0,0,0,0,0,0,159,1.0,733.0440251572327,0.0,0.5197356782402903,20.536881384702554,0.9044737405887411,1.5620723846532756,0.0008616098142857078,0.0,258,143
2025-07-04,45.13257394604026,2.1471676430109676,0,0,0,0,0,0,159,1.0,734.0440251572327,0.0,0.5205966367543555,20.57097875788121,0.9043867610221206,1.5628166337185923,0.0008609585140652467,0.0,258,143
2025-07-05,45.09665697308529,2.146610802183226,0,0,0,0,0,0,159,1.0,735.0440251572327,0.0,0.5214570038605446,20.605052890757463,0.9043216438018301,1.563373474546334,0.0008603671061888655,0.0,259,142
2025-07-06,45.06998295302586,2.146196834918333,0,0,0,0,0,0,159,1.0,736.0440251572327,0.0,0.5223168241466905,20.63910553342067,0.9042732121775711,1.5637874418112268,0.0008598202861460963,0.0,259,142
2025-07-07,45.05031939418538,2.1458916664565444,0,0,0,0,0,0,159,1.0,737.0440251572327,0.0,0.523176130456177,20.67313797449045,0.9042374972740411,1.5640926102730155,0.0008593063094865376,0.0,259,142
2025-07-08,45.03593044612393,2.1456683572792845,0,0,0,0,0,0,159,1.0,738.0440251572327,0.0,0.5240349463205795,20.707151136697547,0.9042113561503704,1.5643159194502754,0.000858815864402461,0.0,259,142
2025-07-09,45.02547850148421,2.1455060636916756,0,0,0,0,0,0,159,1.0,739.0440251572327,0.0,0.5248932880503406,20.741145659030405,0.9041923542203334,1.5644782130378843,0.0008583417297610496,0.0,259,142
2025-07-10,45.017941932537155,2.1453890388838683,0,0,0,0,0,0,159,1.0,740.0440251572327,0.0,0.5257511664911186,20.775121965746685,0.9041786507277062,1.5645952378456913,0.000857878440778148,0.0,259,142
2025-07-11,45.01254725208446,2.145305255821568,0,0,0,0,0,0,159,1.0,741.0440251572327,0.0,0.5266085883082127,20.809080316842028,0.904168838886223,1.5646790209079917,0.000857421817093898,0.0,259,142
2025-07-12,45.00871389040611,2.1452457211034077,0,0,0,0,0,0,159,1.0,742.0440251572327,0.0,0.5274655570375859,20.843020849348378,0.9041618663010834,1.564738555626152,0.000856968729373302,0.0,259,142
2025-07-13,45.00600979460894,2.1452037246536406,0,0,0,0,0,0,159,1.0,743.0440251572327,0.0,0.5283220738785965,20.87694360848313,0.9041569475277607,1.564780552075919,0.0008565168410105578,0.0,259,142
2025-07-14,45.0041161503721,2.1451743121121436,0,0,0,0,0,0,159,1.0,744.0440251572327,0.0,0.5291781383048972,20.91084857165386,0.9041535025109412,1.5648099646174163,0.0008560644263008016,0.0,259,142
2025-07-15,45.002799670367025,2.1451538642254575,0,0,0,0,0,0,159,1.0,745.0440251572327,0.0,0.5300337485299274,20.944735666749306,0.9041511074454598,1.5648304125041024,0.0008556102250300376,0.0,259,142
2025-07-16,45.001891065776555,2.1451397511143453,0,0,0,0,0,0,159,1.0,746.0440251572327,0.0,0.530888901852455,20.978604785717273,0.904149454346813,1.5648445256152144,0.0008551533225276698,0.0,259,142
2025-07-17,45.0012684998953,2.145130080965692,0,0,0,0,0,0,159,1.0,747.0440251572327,0.0,0.5317435949148113,21.01245579471174,0.9041483216491358,1.5648541957638678,0.0008546930623561266,0.0,259,142
2025-07-18,45.00084500310044,2.145123502797458,0,0,0,0,0,0,159,1.0,748.0440251572327,0.0,0.532597823892425,21.046288541540633,0.9041475511198508,1.564860773932102,0.0008542289776139161,0.0,259,142
2025-07-19,45.00055899797581,2.145119060284909,0,0,0,0,0,0,159,1.0,749.0440251572327,0.0,0.5334515846323621,21.080102861109594,0.9041470307464572,1.5648652164446508,0.0008537607399370536,0.0,259,142
2025-07-20,45.00036723683363,2.145116081662475,0,0,0,0,0,0,159,1.0,750.0440251572327,0.0,0.5343048727533746,21.113898579353513,0.9041466818445123,1.5648681950670846,0.0008532881210123995,0.0,259,142
2025-07-21,45.000239588682426,2.14511409889134,0,0,0,0,0,0,159,1.0,751.0440251572327,0.0,0.5351576837176492,21.147675516055827,0.904146449591405,1.5648701778382195,0.0008528109642746115,0.0,259,142
2025-07-22,45.00015522813167,2.1451127885107084,0,0,0,0,0,0,159,1.0,752.0440251572327,0.0,0.5360100128818103,21.181433486852733,0.9041462960989325,1.5648714882188515,0.0008523291641610826,0.0,259,142
2025-07-23,45.000099875422045,2.14511192870996,0,0,0,0,0,0,159,1.0,753.0440251572327,0.0,0.5368618555328416,21.215172304644753,0.9041461953853885,1.5648723480195998,0.0008518426510314027,0.0,259,142
2025-07-24,45.000063816192764,2.14511136859732,0,0,0,0,0,0,159,1.0,754.0440251572327,0.0,0.5377132069131964,21.248891780583456,0.9041461297760404,1.5648729081322397,0.0008513513803548023,0.0,259,142
2025-07-25,45.00004049367755,2.145111006325361,0,0,0,0,0,0,159,1.0,755.0440251572327,0.0,0.5385640622381983,21.282591724755264,0.9041460873409379,1.5648732704041988,0.000850855325001876,0.0,259,142
2025-07-26,45.000025516882616,2.1451107736886668,0,0,0,0,0,0,159,1.0,756.0440251572327,0.0,0.539414416708007,21.31627194665167,0.9041460600907889,1.5648735030408931,0.0008503544698088352,0.0,259,142
2025-07-27,45.00001596805712,2.145110625365395,0,0,0,0,0,0,159,1.0,757.0440251572327,0.0,0.540264265515782,21.349932255490028,0.9041460427167805,1.564873651364165,0.0008498488077749957,0.0,259,142
2025-07-28,45.00000992340246,2.145110531472875,0,0,0,0,0,0,159,1.0,758.0440251572327,0.0,0.5411136038532097,21.383572460430816,0.9041460317185765,1.564873745256685,0.000849338337427707,0.0,259,142
2025-07-29,45.000006124254064,2.145110472460138,0,0,0,0,0,0,159,1.0,759.0440251572327,0.0,0.5419624269142216,21.417192370723726,0.9041460248060535,1.564873804269422,0.0008488230610118222,0.0,259,142
2025-07-30,45.000003753443295,2.1451104356339785,0,0,0,0,0,0,159,1.0,760.0440251572327,0.0,0.542810729897478,21.45079179580531,0.9041460204923799,1.5648738410955814,0.0008483029832564273,0.0,259,142
2025-07-31,45.000002284496965,2.1451104128166145,0,0,0,0,0,0,159,1.0,761.0440251572327,0.0,0.5436585080080201,21.4843705453639,0.9041460178196423,1.5648738639129454,0.000847778110542069,0.0,259,142
2025-08-01,45.00000138081462,2.1451103987795808,0,0,0,0,0,0,159,1.0,762.0440251572327,0.0,0.5445057564583632,21.5179284293826,0.9041460161753988,1.564873877949979,0.0008472484503431277,0.0,259,142
2025-08-02,45.00000082882766,2.1451103902054838,0,0,0,0,0,0,159,1.0,763.0440251572327,0.0,0.5453524704692209,21.55146525816778,0.9041460151710622,1.5648738865240759,0.0008467140108575774,0.0,259,142
2025-08-03,45.00000049405712,2.1451103850054425,0,0,0,0,0,0,159,1.0,764.0440251572327,0.0,0.5461986452699842,21.584980842367898,0.9041460145619492,1.5648738917241174,0.0008461748007631951,0.0,259,142
2025-08-04,45.00000029246517,2.145110381874084,0,0,0,0,0,0,159,1.0,765.0440251572327,0.0,0.5470442760990424,21.618474992986165,0.9041460141951542,1.5648738948554757,0.0008456308290583525,0.0,259,142
2025-08-05,45.000000171931404,2.145110380001815,0,0,0,0,0,0,159,1.0,766.0440251572327,0.0,0.5478893582040014,21.651947521389076,0.9041460139758439,1.5648738967277447,0.0008450821049588859,0.0,259,142
2025-08-06,45.00000010037379,2.1451103788903,0,0,0,0,0,0,159,1.0,767.0440251572327,0.0,0.5487338868418331,21.685398239312413,0.9041460138456453,1.56487389783926,0.0008445286378318204,0.0,259,142
2025-08-07,45.00000005819283,2.145110378235097,0,0,0,0,0,0,159,1.0,768.0440251572327,0.0,0.5495778572789861,21.718826958865513,0.9041460137688972,1.564873898494463,0.0008439704371531124,0.0,259,142
2025-08-08,45.00000003350447,2.145110377851609,0,0,0,0,0,0,159,1.0,769.0440251572327,0.0,0.5504212647914671,21.752233492534536,0.9041460137239772,1.5648738988779507,0.0008434075124809075,0.0,259,142
2025-08-09,45.00000001915667,2.1451103776287423,0,0,0,0,0,0,159,1.0,770.0440251572327,0.0,0.5512641046649058,21.78561765318505,0.9041460136978714,1.564873899100817,0.0008428398734387362,0.0,259,142
2025-08-10,45.00000001087731,2.1451103775001377,0,0,0,0,0,0,159,1.0,771.0440251572327,0.0,0.5521063721946108,21.818979254064224,0.9041460136828071,1.5648738992294218,0.0008422675297050292,0.0,259,142
2025-08-11,45.00000000613348,2.145110377426451,0,0,0,0,0,0,159,1.0,772.0440251572327,0.0,0.5529480626856175,21.852318108802727,0.9041460136741756,1.5648738993031088,0.00084169049100661,0.0,259,142
2025-08-12,45.0000000034346,2.1451103773845284,0,0,0,0,0,0,159,1.0,773.0440251572327,0.0,0.5537891714527321,21.885634031416515,0.9041460136692648,1.5648738993450313,0.0008411087671146756,0.0,259,142
2025-08-13,45.00000000190999,2.1451103773608464,0,0,0,0,0,0,159,1.0,774.0440251572327,0.0,0.5546296938205745,21.918926836308493,0.9041460136664909,1.5648738993687132,0.0008405223678423249,0.0,259,142
2025-08-14,45.000000001054794,2.1451103773475624,0,0,0,0,0,0,159,1.0,775.0440251572327,0.0,0.5554696251236174,21.95219633827012,0.9041460136649351,1.5648738993819973,0.0008399313030430325,0.0,259,142
2025-08-15,45.00000000057848,2.1451103773401643,0,0,0,0,0,0,159,1.0,776.0440251572327,0.0,0.5563089607062272,21.98544235248299,0.9041460136640683,1.5648738993893956,0.0008393355826097109,0.0,259,142
2025-08-16,45.00000000031506,2.145110377336073,0,0,0,0,0,0,159,1.0,777.0440251572327,0.0,0.5571476959227013,22.018664694520368,0.9041460136635893,1.564873899393487,0.0008387352164741215,0.0,259,142
2025-08-17,45.00000000017041,2.145110377333826,0,0,0,0,0,0,159,1.0,778.0440251572327,0.0,0.5579858261373078,22.051863180348736,0.9041460136633258,1.5648738993957338,0.0008381302146065075,0.0,259,142
2025-08-18,45.00000000009153,2.1451103773326,0,0,0,0,0,0,159,1.0,779.0440251572327,0.0,0.5588233467243231,22.085037626329306,0.9041460136631824,1.5648738993969595,0.0008375205870153527,0.0,259,142
2025-08-19,45.00000000004882,2.1451103773319367,0,0,0,0,0,0,159,1.0,780.0440251572327,0.0,0.5596602530680703,22.118187849219552,0.9041460136631047,1.5648738993976232,0.0008369063437472237,0.0,259,142
2025-08-20,45.000000000025864,2.14511037733158,0,0,0,0,0,0,159,1.0,781.0440251572327,0.0,0.5604965405629571,22.151313666174723,0.9041460136630631,1.5648738993979798,0.0008362874948866584,0.0,259,142
2025-08-21,45.00000000001361,2.1451103773313895,0,0,0,0,0,0,159,1.0,782.0440251572327,0.0,0.5613322046135132,22.184414894749345,0.9041460136630407,1.5648738993981701,0.0008356640505560899,0.0,259,142
2025-08-22,45.000000000007105,2.145110377331289,0,0,0,0,0,0,159,1.0,783.0440251572327,0.0,0.5621672406344289,22.217491352898726,0.9041460136630288,1.5648738993982707,0.0008350360209157904,0.0,259,142
2025-08-23,45.00000000000369,2.1451103773312363,0,0,0,0,0,0,159,1.0,784.0440251572327,0.0,0.5630016440505927,22.250542858980495,0.9041460136630224,1.5648738993983233,0.0008344034161638286,0.0,259,142
2025-08-24,45.0000000000019,2.1451103773312084,0,0,0,0,0,0,159,1.0,785.0440251572327,0.0,0.5638354102971288,22.283569231756065,0.9041460136630194,1.5648738993983513,0.0008337662465360414,0.0,259,142
2025-08-25,45.00000000000097,2.1451103773311937,0,0,0,0,0,0,159,1.0,786.0440251572327,0.0,0.5646685348194348,22.316570290392185,0.9041460136630174,1.564873899398366,0.0008331245223060119,0.0,259,142
2025-08-26,45.0000000000005,2.145110377331186,0,0,0,0,0,0,159,1.0,787.0440251572327,0.0,0.5655010130732199,22.349545854462402,0.9041460136630167,1.5648738993983737,0.0008324782537850587,0.0,259,142
2025-08-27,45.00000000000025,2.145110377331182,0,0,0,0,0,0,159,1.0,788.0440251572327,0.0,0.5663328405245422,22.38249574394859,0.9041460136630164,1.5648738993983777,0.00083182745132223,0.0,259,142
2025-08-28,45.00000000000013,2.1451103773311804,0,0,0,0,0,0,159,1.0,789.0440251572327,0.0,0.5671640126498465,22.415419779242466,0.904146013663016,1.5648738993983793,0.0008311721253043059,0.0,259,142
2025-08-29,45.000000000000064,2.1451103773311795,0,0,0,0,0,0,159,1.0,790.0440251572327,0.0,0.5679945249360022,22.448317781147065,0.904146013663016,1.5648738993983802,0.0008305122861558086,0.0,259,142
2025-08-30,45.00000000000003,2.145110377331179,0,0,0,0,0,0,159,1.0,791.0440251572327,0.0,0.5688243728803413,22.48118957087828,0.904146013663016,1.5648738993983806,0.0008298479443390155,0.0,259,142
2025-08-31,45.000000000000014,2.145110377331179,0,0,0,0,0,0,159,1.0,792.0440251572327,0.0,0.5696535519906952,22.514034970066337,0.904146013663016,1.5648738993983806,0.0008291791103539841,0.0,259,142
2025-09-01,45.00000000000001,2.145110377331179,0,0,0,0,0,0,159,1.0,793.0440251572327,0.0,0.5704820577854339,22.546853800757333,0.904146013663016,1.5648738993983806,0.0008285057947385794,0.0,259,142
2025-09-02,45.00000000000001,2.145110377331179,0,0,0,0,0,0,159,1.0,794.0440251572327,0.0,0.5713098857935024,22.579645885414738,0.904146013663016,1.5648738993983806,0.0008278280080685076,0.0,259,142
2025-09-03,45.0,2.1451103773311786,0,0,0,0,0,0,159,1.0,795.0440251572327,0.0,0.5721370315544597,22.612411046920894,0.904146013663016,1.5648738993983808,0.0008271457609573595,0.0,259,142
2025-09-04,45.0,2.1451103773311786,0,0,0,0,0,0,159,1.0,796.0440251572327,0.0,0.5729634906185163,22.645149108578543,0.904146013663016,1.5648738993983808,0.0008264590640566551,0.0,259,142
2025-09-05,45.0,2.1451103773311786,0,0,0,0,0,0,159,1.0,797.0440251572327,0.0,0.5737892585465721,22.677859894112334,0.904146013663016,1.5648738993983808,0.000825767928055899,0.0,259,142
2025-09-06,45.0,2.1451103773311786,0,0,0,0,0,0,159,1.0,798.0440251572327,0.0,0.5746143309102549,22.710543227670357,0.904146013663016,1.5648738993983808,0.0008250723636826379,0.0,259,142
2025-09-07,45.0,2.1451103773311786,0,0,0,0,0,0,159,1.0,799.0440251572327,0.0,0.5754387032919575,22.743198933825646,0.904146013663016,1.5648738993983808,0.0008243723817025263,0.0,259,142
2025-09-08,45.0,2.1451103773311786,0,0,0,0,0,0,159,1.0,800.0440251572327,0.0,0.5762623712848768,22.77582683757771,0.904146013663016,1.5648738993983808,0.000823667992919398,0.0,259,142
2025-09-09,45.0,2.1451103773311786,0,0,0,0,0,0,159,1.0,801.0440251572327,0.0,0.5770853304930521,22.808426764354078,0.904146013663016,1.5648738993983808,0.0008229592081753417,0.0,259,142
2025-09-10,45.0,2.1451103773311786,0,0,0,0,0,0,159,1.0,802.0440251572327,0.0,0.5779075765314029,22.84099854001179,0.904146013663016,1.5648738993983808,0.0008222460383507847,0.0,259,142
2025-09-11,45.0,2.1451103773311786,0,0,0,0,0,0,159,1.0,803.0440251572327,0.0,0.5787291050257674,22.873541990838973,0.904146013663016,1.5648738993983808,0.0008215284943645791,0.0,259,142
2025-09-12,45.0,2.1451103773311786,0,0,0,0,0,0,159,1.0,804.0440251572327,0.0,0.5795499116129416,22.906056943556347,0.904146013663016,1.5648738993983808,0.0008208065871740967,0.0,259,142
2025-09-13,45.0,2.1451103773311786,0,0,0,0,0,0,159,1.0,805.0440251572327,0.0,0.5803699919407169,22.938543225318792,0.904146013663016,1.5648738993983808,0.0008200803277753267,0.0,259,142
2025-09-14,45.0,2.1451103773311786,0,0,0,0,0,0,159,1.0,806.0440251572327,0.0,0.5811893416679198,22.971000663716882,0.904146013663016,1.5648738993983808,0.0008193497272029802,0.0,259,142
2025-09-15,45.0,2.1451103773311786,0,0,0,0,0,0,159,1.0,807.0440251572327,0.0,0.5820079564644505,23.003429086778432,0.904146013663016,1.5648738993983808,0.0008186147965306,0.0,259,142
2025-09-16,45.0,2.1451103773311786,0,0,0,0,0,0,159,1.0,808.0440251572327,0.0,0.5828258320113211,23.035828322970062,0.904146013663016,1.5648738993983808,0.0008178755468706745,0.0,259,142
2025-09-17,45.0,2.1451103773311786,0,0,0,0,0,0,159,1.0,809.0440251572327,0.0,0.5836429640006959,23.068198201198747,0.904146013663016,1.5648738993983808,0.0008171319893747572,0.0,259,142
2025-09-18,45.0,2.1451103773311786,0,0,0,0,0,0,159,1.0,810.0440251572327,0.0,0.5844593481359295,23.100538550813393,0.904146013663016,1.5648738993983808,0.0008163841352335902,0.0,259,142
2025-09-19,45.0,2.1451103773311786,0,0,0,0,0,0,159,1.0,811.0440251572327,0.0,0.5852749801316067,23.13284920160641,0.904146013663016,1.5648738993983808,0.0008156319956772359,0.0,259,142
2025-09-20,45.0,2.1451103773311786,0,0,0,0,0,0,159,1.0,812.0440251572327,0.0,0.586089855713582,23.16512998381527,0.904146013663016,1.5648738993983808,0.0008148755819752086,0.0,259,142
2025-09-21,45.0,2.1451103773311786,0,0,0,0,0,0,159,1.0,813.0440251572327,0.0,0.5869039706190186,23.197380728124095,0.904146013663016,1.5648738993983808,0.000814114905436614,0.0,259,142
2025-09-22,45.0,2.1451103773311786,0,0,0,0,0,0,159,1.0,814.0440251572327,0.0,0.5877173205964288,23.22960126566526,0.904146013663016,1.5648738993983808,0.0008133499774102927,0.0,259,142
2025-09-23,45.0,2.1451103773311786,0,0,0,0,0,0,159,1.0,815.0440251572327,0.0,0.5885299014057138,23.26179142802097,0.904146013663016,1.5648738993983808,0.000812580809284967,0.0,259,142
2025-09-24,45.0,2.1451103773311786,0,0,0,0,0,0,159,1.0,816.0440251572327,0.0,0.5893417088182032,23.29395104722486,0.904146013663016,1.5648738993983808,0.0008118074124893937,0.0,259,142
2025-09-25,45.0,2.1451103773311786,0,0,0,0,0,0,159,1.0,817.0440251572327,0.0,0.5901527386166958,23.326079955763596,0.904146013663016,1.5648738993983808,0.000811029798492519,0.0,259,142
2025-09-26,45.0,2.1451103773311786,0,0,0,0,0,0,159,1.0,818.0440251572327,0.0,0.5909629865954995,23.35817798657851,0.904146013663016,1.5648738993983808,0.0008102479788036405,0.0,259,142
2025-09-27,45.0,2.1451103773311786,0,0,0,0,0,0,159,1.0,819.0440251572327,0.0,0.5917724485604718,23.39024497306719,0.904146013663016,1.5648738993983808,0.00080946196497257,0.0,259,142
2025-09-28,45.0,2.1451103773311786,0,0,0,0,0,0,159,1.0,820.0440251572327,0.0,0.5925811203290617,23.42228074908512,0.904146013663016,1.5648738993983808,0.0008086717685898025,0.0,259,142
2025-09-29,45.0,2.1451103773311786,0,0,0,0,0,0,159,1.0,821.0440251572327,0.0,0.5933889977303485,23.454285148947314,0.904146013663016,1.5648738993983808,0.0008078774012866876,0.0,259,142
2025-09-30,45.0,2.1451103773311786,0,0,0,0,0,0,159,1.0,822.0440251572327,0.0,0.5941960766050841,23.48625800742994,0.904146013663016,1.5648738993983808,0.0008070788747356053,0.0,259,142
2025-10-01,45.0,2.1451103773311786,0,0,0,0,0,0,159,1.0,823.0440251572327,0.0,0.5950023528057342,23.518199159771978,0.904146013663016,1.5648738993983808,0.0008062762006501456,0.0,259,142
2025-10-02,45.0,2.1451103773311786,0,0,0,0,0,0,159,1.0,824.0440251572327,0.0,0.5958078221965195,23.550108441676887,0.904146013663016,1.5648738993983808,0.0008054693907852905,0.0,259,142
2025-10-03,45.0,2.1451103773311786,0,0,0,0,0,0,159,1.0,825.0440251572327,0.0,0.5966124806534571,23.581985689314234,0.904146013663016,1.5648738993983808,0.0008046584569376007,0.0,259,142
2025-10-04,45.0,2.1451103773311786,0,0,0,0,0,0,159,1.0,826.0440251572327,0.0,0.5974163240644025,23.61383073932138,0.904146013663016,1.5648738993983808,0.0008038434109454043,0.0,259,142
2025-10-05,45.0,2.1451103773311786,0,0,0,0,0,0,159,1.0,827.0440251572327,0.0,0.5982193483290914,23.645643428805165,0.904146013663016,1.5648738993983808,0.0008030242646889896,0.0,259,142
2025-10-06,45.0,2.1451103773311786,0,0,0,0,0,0,159,1.0,828.0440251572327,0.0,0.5990215493591823,23.677423595343576,0.904146013663016,1.5648738993983808,0.0008022010300907991,0.0,259,142
2025-10-07,45.0,2.1451103773311786,0,0,0,0,0,0,159,1.0,829.0440251572327,0.0,0.5998229230782978,23.70917107698744,0.904146013663016,1.5648738993983808,0.0008013737191156298,0.0,259,142
2025-10-08,45.0,2.1451103773311786,0,0,0,0,0,0,159,1.0,830.0440251572327,0.0,0.6006234654220688,23.74088571226215,0.904146013663016,1.5648738993983808,0.0008005423437708319,0.0,259,142
2025-10-09,45.0,2.1451103773311786,0,0,0,0,0,0,159,1.0,831.0440251572327,0.0,0.6014231723381752,23.772567340169328,0.904146013663016,1.5648738993983808,0.0007997069161065139,0.0,259,142
2025-10-10,45.0,2.1451103773311786,0,0,0,0,0,0,159,1.0,832.0440251572327,0.0,0.6022220397863911,23.804215800188572,0.904146013663016,1.5648738993983808,0.0007988674482157485,0.0,259,142
2025-10-11,45.0,2.1451103773311786,0,0,0,0,0,0,159,1.0,833.0440251572327,0.0,0.6030200637386258,23.835830932279194,0.904146013663016,1.5648738993983808,0.0007980239522347792,0.0,259,142
2025-10-12,45.0,2.1451103773311786,0,0,0,0,0,0,159,1.0,834.0440251572327,0.0,0.603817240178969,23.867412576881904,0.904146013663016,1.5648738993983808,0.0007971764403432337,0.0,259,142
2025-10-13,45.0,2.1451103773311786,0,0,0,0,0,0,159,1.0,835.0440251572327,0.0,0.6046135651037334,23.8989605749206,0.904146013663016,1.5648738993983808,0.0007963249247643345,0.0,259,142
2025-10-14,45.0,2.1451103773311786,0,0,0,0,0,0,159,1.0,836.0440251572327,0.0,0.6054090345214984,23.930474767804103,0.904146013663016,1.5648738993983808,0.0007954694177651145,0.0,259,142
2025-10-15,45.0,2.1451103773311786,0,0,0,0,0,0,159,1.0,837.0440251572327,0.0,0.6062036444531551,23.9619549974279,0.904146013663016,1.5648738993983808,0.0007946099316566344,0.0,259,142
2025-10-16,45.0,2.1451103773311786,0,0,0,0,0,0,159,1.0,838.0440251572327,0.0,0.6069973909319494,23.993401106175924,0.904146013663016,1.5648738993983808,0.0007937464787941992,0.0,259,142
2025-10-17,45.0,2.1451103773311786,0,0,0,0,0,0,159,1.0,839.0440251572327,0.0,0.6077902700035268,24.024812936922338,0.904146013663016,1.5648738993983808,0.0007928790715775804,0.0,259,142
2025-10-18,45.0,2.1451103773311786,0,0,0,0,0,0,159,1.0,840.0440251572327,0.0,0.6085822777259782,24.05619033303331,0.904146013663016,1.5648738993983808,0.000792007722451236,0.0,259,142
2025-10-19,45.0,2.1451103773311786,0,0,0,0,0,0,159,1.0,841.0440251572327,0.0,0.6093734101698827,24.087533138368812,0.904146013663016,1.5648738993983808,0.0007911324439045342,0.0,259,142
2025-10-20,45.0,2.1451103773311786,0,0,0,0,0,0,159,1.0,842.0440251572327,0.0,0.6101636634183546,24.118841197284418,0.904146013663016,1.5648738993983808,0.0007902532484719772,0.0,259,142
2025-10-21,45.0,2.1451103773311786,0,0,0,0,0,0,159,1.0,843.0440251572327,0.0,0.610953033567088,24.150114354633118,0.904146013663016,1.5648738993983808,0.0007893701487334266,0.0,259,142
2025-10-22,45.0,2.1451103773311786,0,0,0,0,0,0,159,1.0,844.0440251572327,0.0,0.6117415167244024,24.18135245576714,0.904146013663016,1.5648738993983808,0.0007884831573143291,0.0,259,142
2025-10-23,45.0,2.1451103773311786,0,0,0,0,0,0,159,1.0,845.0440251572327,0.0,0.6125291090112883,24.212555346539784,0.904146013663016,1.5648738993983808,0.0007875922868859454,0.0,259,142
2025-10-24,45.0,2.1451103773311786,0,0,0,0,0,0,159,1.0,846.0440251572327,0.0,0.6133158065614539,24.243722873307263,0.904146013663016,1.5648738993983808,0.0007866975501655746,0.0,259,142
2025-10-25,45.0,2.1451103773311786,0,0,0,0,0,0,159,1.0,847.0440251572327,0.0,0.6141016055213706,24.274854882930526,0.904146013663016,1.5648738993983808,0.000785798959916786,0.0,259,142
2025-10-26,45.0,2.1451103773311786,0,0,0,0,0,0,159,1.0,848.0440251572327,0.0,0.6148865020503204,24.305951222777153,0.904146013663016,1.5648738993983808,0.0007848965289496461,0.0,259,142
2025-10-27,45.0,2.1451103773311786,0,0,0,0,0,0,159,1.0,849.0440251572327,0.0,0.6156704923204412,24.337011740723206,0.904146013663016,1.5648738993983808,0.0007839902701209489,0.0,259,142
2025-10-28,45.0,2.1451103773311786,0,0,0,0,0,0,159,1.0,850.0440251572327,0.0,0.6164535725167757,24.36803628515509,0.904146013663016,1.5648738993983808,0.0007830801963344433,0.0,259,142
2025-10-29,45.0,2.1451103773311786,0,0,0,0,0,0,159,1.0,851.0440251572327,0.0,0.6172357388373166,24.399024704971456,0.904146013663016,1.5648738993983808,0.0007821663205410647,0.0,259,142
2025-10-30,45.0,2.1451103773311786,0,0,0,0,0,0,159,1.0,852.0440251572327,0.0,0.6180169874930559,24.4299768495851,0.904146013663016,1.5648738993983808,0.0007812486557391626,0.0,259,142
2025-10-31,45.0,2.1451103773311786,0,0,0,0,0,0,159,1.0,853.0440251572327,0.0,0.6187973147080306,24.46089256892484,0.904146013663016,1.5648738993983808,0.0007803272149747314,0.0,259,142
2025-11-01,45.0,2.1451103773311786,0,0,0,0,0,0,159,1.0,854.0440251572327,0.0,0.6195767167193723,24.491771713437466,0.904146013663016,1.5648738993983808,0.0007794020113416374,0.0,259,142
2025-11-02,45.0,2.1451103773311786,0,0,0,0,0,0,159,1.0,855.0440251572327,0.0,0.6203551897773542,24.52261413408962,0.904146013663016,1.5648738993983808,0.000778473057981848,0.0,259,142
2025-11-03,45.0,2.1451103773311786,0,0,0,0,0,0,159,1.0,856.0440251572327,0.0,0.6211327301454399,24.553419682369753,0.904146013663016,1.5648738993983808,0.00077754036808566,0.0,259,142
2025-11-04,45.0,2.1451103773311786,0,0,0,0,0,0,159,1.0,857.0440251572327,0.0,0.6219093341003317,24.58418821029007,0.904146013663016,1.5648738993983808,0.0007766039548919249,0.0,259,142
2025-11-05,45.0,2.1451103773311786,0,0,0,0,0,0,159,1.0,858.0440251572327,0.0,0.62268499793202,24.614919570388444,0.904146013663016,1.5648738993983808,0.000775663831688277,0.0,259,142
2025-11-06,45.0,2.1451103773311786,0,0,0,0,0,0,159,1.0,859.0440251572327,0.0,0.6234597179438314,24.645613615730433,0.904146013663016,1.5648738993983808,0.0007747200118113558,0.0,259,142
2025-11-07,45.0,2.1451103773311786,0,0,0,0,0,0,159,1.0,860.0440251572327,0.0,0.6242334904524784,24.67627019991118,0.904146013663016,1.5648738993983808,0.0007737725086470336,0.0,259,142
2025-11-08,45.0,2.1451103773311786,0,0,0,0,0,0,159,1.0,861.0440251572327,0.0,0.6250063117881091,24.706889177057427,0.904146013663016,1.5648738993983808,0.0007728213356306339,0.0,259,142
2025-11-09,45.0,2.1451103773311786,0,0,0,0,0,0,159,1.0,862.0440251572327,0.0,0.6257781782943562,24.7374704018295,0.904146013663016,1.5648738993983808,0.0007718665062471565,0.0,259,142
2025-11-10,45.0,2.1451103773311786,0,0,0,0,0,0,159,1.0,863.0440251572327,0.0,0.6265490863283878,24.768013729423288,0.904146013663016,1.5648738993983808,0.0007709080340314941,0.0,259,142
2025-11-11,45.0,2.1451103773311786,0,0,0,0,0,0,159,1.0,864.0440251572327,0.0,0.6273190322609563,24.798519015572243,0.904146013663016,1.5648738993983808,0.0007699459325686529,0.0,259,142
2025-11-12,45.0,2.1451103773311786,0,0,0,0,0,0,159,1.0,865.0440251572327,0.0,0.6280880124764503,24.828986116549416,0.904146013663016,1.5648738993983808,0.0007689802154939667,0.0,259,142
2025-11-13,45.0,2.1451103773311786,0,0,0,0,0,0,159,1.0,866.0440251572327,0.0,0.6288560233729436,24.85941488916944,0.904146013663016,1.5648738993983808,0.0007680108964933124,0.0,259,142
2025-11-14,45.0,2.1451103773311786,0,0,0,0,0,0,159,1.0,867.0440251572327,0.0,0.6296230613622469,24.889805190790586,0.904146013663016,1.5648738993983808,0.0007670379893033218,0.0,259,142
2025-11-15,45.0,2.1451103773311786,0,0,0,0,0,0,159,1.0,868.0440251572327,0.0,0.6303891228699585,24.920156879316785,0.904146013663016,1.5648738993983808,0.0007660615077115919,0.0,259,142
2025-11-16,45.0,2.1451103773311786,0,0,0,0,0,0,159,1.0,869.0440251572327,0.0,0.6311542043355154,24.950469813199682,0.904146013663016,1.5648738993983808,0.000765081465556892,0.0,259,142
2025-11-17,45.0,2.1451103773311786,0,0,0,0,0,0,159,1.0,870.0440251572327,0.0,0.6319183022122449,24.980743851440664,0.904146013663016,1.5648738993983808,0.00076409787672937,0.0,259,142
2025-11-18,45.0,2.1451103773311786,0,0,0,0,0,0,159,1.0,871.0440251572327,0.0,0.6326814129674155,25.010978853592952,0.904146013663016,1.5648738993983808,0.0007631107551707533,0.0,259,142
2025-11-19,45.0,2.1451103773311786,0,0,0,0,0,0,159,1.0,872.0440251572327,0.0,0.6334435330822901,25.041174679763653,0.904146013663016,1.5648738993983808,0.0007621201148745504,0.0,259,142
2025-11-20,45.0,2.1451103773311786,0,0,0,0,0,0,159,1.0,873.0440251572327,0.0,0.6342046590521764,25.071331190615837,0.904146013663016,1.5648738993983808,0.0007611259698862472,0.0,259,142
2025-11-21,45.0,2.1451103773311786,0,0,0,0,0,0,159,1.0,874.0440251572327,0.0,0.6349647873864799,25.101448247370623,0.904146013663016,1.5648738993983808,0.0007601283343035013,0.0,259,142
2025-11-22,45.0,2.1451103773311786,0,0,0,0,0,0,159,1.0,875.0440251572327,0.0,0.6357239146087562,25.131525711809267,0.904146013663016,1.5648738993983808,0.0007591272222763325,0.0,259,142
2025-11-23,45.0,2.1451103773311786,0,0,0,0,0,0,159,1.0,876.0440251572327,0.0,0.6364820372567634,25.161563446275263,0.904146013663016,1.5648738993983808,0.0007581226480073108,0.0,259,142
2025-11-24,45.0,2.1451103773311786,0,0,0,0,0,0,159,1.0,877.0440251572327,0.0,0.6372391518825152,25.191561313676456,0.904146013663016,1.5648738993983808,0.000757114625751741,0.0,259,142
2025-11-25,45.0,2.1451103773311786,0,0,0,0,0,0,159,1.0,878.0440251572327,0.0,0.637995255052333,25.221519177487146,0.904146013663016,1.5648738993983808,0.0007561031698178439,0.0,259,142
2025-11-26,45.0,2.1451103773311786,0,0,0,0,0,0,159,1.0,879.0440251572327,0.0,0.6387503433469001,25.25143690175021,0.904146013663016,1.5648738993983808,0.0007550882945669324,0.0,259,142
2025-11-27,45.0,2.1451103773311786,0,0,0,0,0,0,159,1.0,880.0440251572327,0.0,0.6395044133613136,25.28131435107923,0.904146013663016,1.5648738993983808,0.0007540700144135864,0.0,259,142
2025-11-28,45.0,2.1451103773311786,0,0,0,0,0,0,159,1.0,881.0440251572327,0.0,0.6402574617051394,25.311151390660644,0.904146013663016,1.5648738993983808,0.0007530483438258215,0.0,259,142
2025-11-29,45.0,2.1451103773311786,0,0,0,0,0,0,159,1.0,882.0440251572327,0.0,0.6410094850024648,25.34094788625585,0.904146013663016,1.5648738993983808,0.0007520232973252552,0.0,259,142
2025-11-30,45.0,2.1451103773311786,0,0,0,0,0,0,159,1.0,883.0440251572327,0.0,0.641760479891952,25.37070370420339,0.904146013663016,1.5648738993983808,0.0007509948894872689,0.0,259,142
2025-12-01,45.0,2.1451103773311786,0,0,0,0,0,0,159,1.0,884.0440251572327,0.0,0.6425104430268932,25.400418711421086,0.904146013663016,1.5648738993983808,0.0007499631349411638,0.0,259,142
2025-12-02,45.0,2.1451103773311786,0,0,0,0,0,0,159,1.0,885.0440251572327,0.0,0.6432593710752634,25.430092775408202,0.904146013663016,1.5648738993983808,0.0007489280483703164,0.0,259,142
2025-12-03,45.0,2.1451103773311786,0,0,0,0,0,0,159,1.0,886.0440251572327,0.0,0.6440072607197758,25.45972576424761,0.904146013663016,1.5648738993983808,0.0007478896445123244,0.0,259,142
2025-12-04,45.0,2.1451103773311786,0,0,0,0,0,0,159,1.0,887.0440251572327,0.0,0.6447541086579349,25.489317546607964,0.904146013663016,1.5648738993983808,0.0007468479381591528,0.0,259,142
2025-12-05,45.0,2.1451103773311786,0,0,0,0,0,0,159,1.0,888.0440251572327,0.0,0.6454999116020922,25.518867991745864,0.904146013663016,1.5648738993983808,0.0007458029441572724,0.0,259,142
2025-12-06,45.0,2.1451103773311786,0,0,0,0,0,0,159,1.0,889.0440251572327,0.0,0.6462446662795001,25.54837696950807,0.904146013663016,1.5648738993983808,0.0007447546774077938,0.0,259,142
2025-12-07,45.0,2.1451103773311786,0,0,0,0,0,0,159,1.0,890.0440251572327,0.0,0.6469883694323665,25.57784435033365,0.904146013663016,1.5648738993983808,0.0007437031528665984,0.0,259,142
2025-12-08,45.0,2.1451103773311786,0,0,0,0,0,0,159,1.0,891.0440251572327,0.0,0.647731017817911,25.607270005256197,0.904146013663016,1.5648738993983808,0.0007426483855444617,0.0,259,142
2025-12-09,45.0,2.1451103773311786,0,0,0,0,0,0,159,1.0,892.0440251572327,0.0,0.6484726082084183,25.63665380590603,0.904146013663016,1.5648738993983808,0.0007415903905071732,0.0,259,142
2025-12-10,45.0,2.1451103773311786,0,0,0,0,0,0,159,1.0,893.0440251572327,0.0,0.6492131373912939,25.665995624512366,0.904146013663016,1.5648738993983808,0.0007405291828756508,0.0,259,142
2025-12-11,45.0,2.1451103773311786,0,0,0,0,0,0,159,1.0,894.0440251572327,0.0,0.6499526021691199,25.695295333905563,0.904146013663016,1.5648738993983808,0.0007394647778260489,0.0,259,142
2025-12-12,45.0,2.1451103773311786,0,0,0,0,0,0,159,1.0,895.0440251572327,0.0,0.6506909993597098,25.72455280751931,0.904146013663016,1.5648738993983808,0.0007383971905898624,0.0,259,142
2025-12-13,45.0,2.1451103773311786,0,0,0,0,0,0,159,1.0,896.0440251572327,0.0,0.6514283257961638,25.753767919392832,0.904146013663016,1.5648738993983808,0.000737326436454024,0.0,259,142
2025-12-14,45.0,2.1451103773311786,0,0,0,0,0,0,159,1.0,897.0440251572327,0.0,0.6521645783269249,25.78294054417314,0.904146013663016,1.5648738993983808,0.0007362525307609967,0.0,259,142
2025-12-15,45.0,2.1451103773311786,0,0,0,0,0,0,159,1.0,898.0440251572327,0.0,0.6528997538158336,25.81207055711722,0.904146013663016,1.5648738993983808,0.0007351754889088599,0.0,259,142
2025-12-16,45.0,2.1451103773311786,0,0,0,0,0,0,159,1.0,899.0440251572327,0.0,0.653633849142185,25.841157834094275,0.904146013663016,1.5648738993983808,0.0007340953263513886,0.0,259,142
2025-12-17,45.0,2.1451103773311786,0,0,0,0,0,0,159,1.0,900.0440251572327,0.0,0.6543668612007832,25.87020225158794,0.904146013663016,1.5648738993983808,0.0007330120585981299,0.0,259,142
2025-12-18,45.0,2.1451103773311786,0,0,0,0,0,0,159,1.0,901.0440251572327,0.0,0.6550987869019976,25.899203686698534,0.904146013663016,1.5648738993983808,0.0007319257012144697,0.0,259,142
2025-12-19,45.0,2.1451103773311786,0,0,0,0,0,0,159,1.0,902.0440251572327,0.0,0.6558296231718195,25.928162017145258,0.904146013663016,1.5648738993983808,0.0007308362698216956,0.0,259,142
2025-12-20,45.0,2.1451103773311786,0,0,0,0,0,0,159,1.0,903.0440251572327,0.0,0.6565593669519164,25.95707712126847,0.904146013663016,1.5648738993983808,0.0007297437800970513,0.0,259,142
2025-12-21,45.0,2.1451103773311786,0,0,0,0,0,0,159,1.0,904.0440251572327,0.0,0.6572880151996903,25.98594887803189,0.904146013663016,1.5648738993983808,0.0007286482477737881,0.0,259,142
2025-12-22,45.0,2.1451103773311786,0,0,0,0,0,0,159,1.0,905.0440251572327,0.0,0.6580155648883315,26.014777167024846,0.904146013663016,1.5648738993983808,0.0007275496886412061,0.0,259,142
2025-12-23,45.0,2.1451103773311786,0,0,0,0,0,0,159,1.0,906.0440251572327,0.0,0.6587420130068761,26.043561868464536,0.904146013663016,1.5648738993983808,0.000726448118544691,0.0,259,142
2025-12-24,45.0,2.1451103773311786,0,0,0,0,0,0,159,1.0,907.0440251572327,0.0,0.6594673565602619,26.07230286319824,0.904146013663016,1.5648738993983808,0.0007253435533857438,0.0,259,142
2025-12-25,45.0,2.1451103773311786,0,0,0,0,0,0,159,1.0,908.0440251572327,0.0,0.6601915925693838,26.101000032705564,0.904146013663016,1.5648738993983808,0.000724236009122005,0.0,259,142
2025-12-26,45.0,2.1451103773311786,0,0,0,0,0,0,159,1.0,909.0440251572327,0.0,0.6609147180711511,26.129653259100714,0.904146013663016,1.5648738993983808,0.0007231255017672676,0.0,259,142
2025-12-27,45.0,2.1451103773311786,0,0,0,0,0,0,159,1.0,910.0440251572327,0.0,0.6616367301185426,26.158262425134694,0.904146013663016,1.5648738993983808,0.0007220120473914895,0.0,259,142
2025-12-28,45.0,2.1451103773311786,0,0,0,0,0,0,159,1.0,911.0440251572327,0.0,0.6623576257806634,26.186827414197595,0.904146013663016,1.5648738993983808,0.0007208956621207937,0.0,259,142
2025-12-29,45.0,2.1451103773311786,0,0,0,0,0,0,159,1.0,912.0440251572327,0.0,0.6630774021428008,26.2153481103208,0.904146013663016,1.5648738993983808,0.0007197763621374637,0.0,259,142
2025-12-30,45.0,2.1451103773311786,0,0,0,0,0,0,159,1.0,913.0440251572327,0.0,0.6637960563064808,26.243824398179243,0.904146013663016,1.5648738993983808,0.0007186541636799319,0.0,259,142
2025-12-31,45.0,2.1451103773311786,0,0,0,0,0,0,159,1.0,914.0440251572327,0.0,0.6645135853895235,26.272256163093658,0.904146013663016,1.5648738993983808,0.0007175290830427601,0.0,259,142
