date,discharge,water_level,seedlings_created,recruits,candidate_cells,established_cells,mortality,mortality_candidate_seedlings,mortality_established,mortality_anoxia,mortality_shear,mortality_sediment,mortality_drought,anoxia_failure_cells,shear_failure_cells,sediment_failure_cells,drought_failure_cells,drought_exposed_cells,drought_damaging_cells,mean_drought_damage,mean_drought_disconnection_hours,max_drought_disconnection_hours,mean_root_depth_m,mean_water_table_depth_m,current_recession_rate_cm_day,drought_recession_multiplier,mean_drought_tolerance_hours,submerged_alive_cells,present_cells,presence_fraction,mean_age_days,mean_effective_age_days,mean_candidate_elapsed_days,mean_resistance_hours,mean_anoxia_hours,max_anoxia_hours,mean_shear_damage,mean_sediment_damage,shear_exceedance_cells,sediment_exceedance_cells,ebe1_valid,recession_mortality_coefficient_diagnostic
2023-01-01,60.0,2.474401235432747,0,0,0,0,0,0,0,0,0,0,0,0,0,0,0,0,0,0.0,0.0,0.0,0.0,0.0,0.0,1.0,0.0,0,0,0.0,0.0,0.0,0.0,0.0,0.0,0.0,0.0,0.0,0,0,True,0.0
2023-01-02,60.0,2.474401235432747,0,0,0,0,0,0,0,0,0,0,0,0,0,0,0,0,0,0.0,0.0,0.0,0.0,0.0,-0.0,1.0,0.0,0,0,0.0,0.0,0.0,0.0,0.0,0.0,0.0,0.0,0.0,0,0,True,0.0
2023-01-03,60.0,2.474401235432747,0,0,0,0,0,0,0,0,0,0,0,0,0,0,0,0,0,0.0,0.0,0.0,0.0,0.0,-0.0,1.0,0.0,0,0,0.0,0.0,0.0,0.0,0.0,0.0,0.0,0.0,0.0,0,0,True,0.0
2023-01-04,60.0,2.474401235432747,0,0,0,0,0,0,0,0,0,0,0,0,0,0,0,0,0,0.0,0.0,0.0,0.0,0.0,-0.0,1.0,0.0,0,0,0.0,0.0,0.0,0.0,0.0,0.0,0.0,0.0,0.0,0,0,True,0.0
2023-01-05,60.0,2.474401235432747,0,0,0,0,0,0,0,0,0,0,0,0,0,0,0,0,0,0.0,0.0,0.0,0.0,0.0,-0.0,1.0,0.0,0,0,0.0,0.0,0.0,0.0,0.0,0.0,0.0,0.0,0.0,0,0,True,0.0
2023-01-06,60.0,2.474401235432747,0,0,0,0,0,0,0,0,0,0,0,0,0,0,0,0,0,0.0,0.0,0.0,0.0,0.0,-0.0,1.0,0.0,0,0,0.0,0.0,0.0,0.0,0.0,0.0,0.0,0.0,0.0,0,0,True,0.0
2023-01-07,60.0,2.474401235432747,0,0,0,0,0,0,0,0,0,0,0,0,0,0,0,0,0,0.0,0.0,0.0,0.0,0.0,-0.0,1.0,0.0,0,0,0.0,0.0,0.0,0.0,0.0,0.0,0.0,0.0,0.0,0,0,True,0.0
2023-01-08,60.0,2.474401235432747,0,0,0,0,0,0,0,0,0,0,0,0,0,0,0,0,0,0.0,0.0,0.0,0.0,0.0,-0.0,1.0,0.0,0,0,0.0,0.0,0.0,0.0,0.0,0.0,0.0,0.0,0.0,0,0,True,0.0
2023-01-09,60.0,2.474401235432747,0,0,0,0,0,0,0,0,0,0,0,0,0,0,0,0,0,0.0,0.0,0.0,0.0,0.0,-0.0,1.0,0.0,0,0,0.0,0.0,0.0,0.0,0.0,0.0,0.0,0.0,0.0,0,0,True,0.0
2023-01-10,60.0,2.474401235432747,0,0,0,0,0,0,0,0,0,0,0,0,0,0,0,0,0,0.0,0.0,0.0,0.0,0.0,-0.0,1.0,0.0,0,0,0.0,0.0,0.0,0.0,0.0,0.0,0.0,0.0,0.0,0,0,True,0.0
2023-01-11,60.0,2.474401235432747,0,0,0,0,0,0,0,0,0,0,0,0,0,0,0,0,0,0.0,0.0,0.0,0.0,0.0,-0.0,1.0,0.0,0,0,0.0,0.0,0.0,0.0,0.0,0.0,0.0,0.0,0.0,0,0,True,0.0
2023-01-12,60.0,2.474401235432747,0,0,0,0,0,0,0,0,0,0,0,0,0,0,0,0,0,0.0,0.0,0.0,0.0,0.0,-0.0,1.0,0.0,0,0,0.0,0.0,0.0,0.0,0.0,0.0,0.0,0.0,0.0,0,0,True,0.0
2023-01-13,60.0,2.474401235432747,0,0,0,0,0,0,0,0,0,0,0,0,0,0,0,0,0,0.0,0.0,0.0,0.0,0.0,-0.0,1.0,0.0,0,0,0.0,0.0,0.0,0.0,0.0,0.0,0.0,0.0,0.0,0,0,True,0.0
2023-01-14,60.0,2.474401235432747,0,0,0,0,0,0,0,0,0,0,0,0,0,0,0,0,0,0.0,0.0,0.0,0.0,0.0,-0.0,1.0,0.0,0,0,0.0,0.0,0.0,0.0,0.0,0.0,0.0,0.0,0.0,0,0,True,0.0
2023-01-15,60.0,2.474401235432747,0,0,0,0,0,0,0,0,0,0,0,0,0,0,0,0,0,0.0,0.0,0.0,0.0,0.0,-0.0,1.0,0.0,0,0,0.0,0.0,0.0,0.0,0.0,0.0,0.0,0.0,0.0,0,0,True,0.0
2023-01-16,60.0,2.474401235432747,0,0,0,0,0,0,0,0,0,0,0,0,0,0,0,0,0,0.0,0.0,0.0,0.0,0.0,-0.0,1.0,0.0,0,0,0.0,0.0,0.0,0.0,0.0,0.0,0.0,0.0,0.0,0,0,True,0.0
2023-01-17,60.0,2.474401235432747,0,0,0,0,0,0,0,0,0,0,0,0,0,0,0,0,0,0.0,0.0,0.0,0.0,0.0,-0.0,1.0,0.0,0,0,0.0,0.0,0.0,0.0,0.0,0.0,0.0,0.0,0.0,0,0,True,0.0
2023-01-18,60.0,2.474401235432747,0,0,0,0,0,0,0,0,0,0,0,0,0,0,0,0,0,0.0,0.0,0.0,0.0,0.0,-0.0,1.0,0.0,0,0,0.0,0.0,0.0,0.0,0.0,0.0,0.0,0.0,0.0,0,0,True,0.0
2023-01-19,60.0,2.474401235432747,0,0,0,0,0,0,0,0,0,0,0,0,0,0,0,0,0,0.0,0.0,0.0,0.0,0.0,-0.0,1.0,0.0,0,0,0.0,0.0,0.0,0.0,0.0,0.0,0.0,0.0,0.0,0,0,True,0.0
2023-01-20,60.0,2.474401235432747,0,0,0,0,0,0,0,0,0,0,0,0,0,0,0,0,0,0.0,0.0,0.0,0.0,0.0,-0.0,1.0,0.0,0,0,0.0,0.0,0.0,0.0,0.0,0.0,0.0,0.0,0.0,0,0,True,0.0
2023-01-21,60.0,2.474401235432747,0,0,0,0,0,0,0,0,0,0,0,0,0,0,0,0,0,0.0,0.0,0.0,0.0,0.0,-0.0,1.0,0.0,0,0,0.0,0.0,0.0,0.0,0.0,0.0,0.0,0.0,0.0,0,0,True,0.0
2023-01-22,60.0,2.474401235432747,0,0,0,0,0,0,0,0,0,0,0,0,0,0,0,0,0,0.0,0.0,0.0,0.0,0.0,-0.0,1.0,0.0,0,0,0.0,0.0,0.0,0.0,0.0,0.0,0.0,0.0,0.0,0,0,True,0.0
2023-01-23,60.0,2.474401235432747,0,0,0,0,0,0,0,0,0,0,0,0,0,0,0,0,0,0.0,0.0,0.0,0.0,0.0,-0.0,1.0,0.0,0,0,0.0,0.0,0.0,0.0,0.0,0.0,0.0,0.0,0.0,0,0,True,0.0
2023-01-24,60.0,2.474401235432747,0,0,0,0,0,0,0,0,0,0,0,0,0,0,0,0,0,0.0,0.0,0.0,0.0,0.0,-0.0,1.0,0.0,0,0,0.0,0.0,0.0,0.0,0.0,0.0,0.0,0.0,0.0,0,0,True,0.0
2023-01-25,60.0,2.474401235432747,0,0,0,0,0,0,0,0,0,0,0,0,0,0,0,0,0,0.0,0.0,0.0,0.0,0.0,-0.0,1.0,0.0,0,0,0.0,0.0,0.0,0.0,0.0,0.0,0.0,0.0,0.0,0,0,True,0.0
2023-01-26,60.0,2.474401235432747,0,0,0,0,0,0,0,0,0,0,0,0,0,0,0,0,0,0.0,0.0,0.0,0.0,0.0,-0.0,1.0,0.0,0,0,0.0,0.0,0.0,0.0,0.0,0.0,0.0,0.0,0.0,0,0,True,0.0
2023-01-27,60.0,2.474401235432747,0,0,0,0,0,0,0,0,0,0,0,0,0,0,0,0,0,0.0,0.0,0.0,0.0,0.0,-0.0,1.0,0.0,0,0,0.0,0.0,0.0,0.0,0.0,0.0,0.0,0.0,0.0,0,0,True,0.0
2023-01-28,60.0,2.474401235432747,0,0,0,0,0,0,0,0,0,0,0,0,0,0,0,0,0,0.0,0.0,0.0,0.0,0.0,-0.0,1.0,0.0,0,0,0.0,0.0,0.0,0.0,0.0,0.0,0.0,0.0,0.0,0,0,True,0.0
2023-01-29,60.0,2.474401235432747,0,0,0,0,0,0,0,0,0,0,0,0,0,0,0,0,0,0.0,0.0,0.0,0.0,0.0,-0.0,1.0,0.0,0,0,0.0,0.0,0.0,0.0,0.0,0.0,0.0,0.0,0.0,0,0,True,0.0
2023-01-30,60.0,2.474401235432747,0,0,0,0,0,0,0,0,0,0,0,0,0,0,0,0,0,0.0,0.0,0.0,0.0,0.0,-0.0,1.0,0.0,0,0,0.0,0.0,0.0,0.0,0.0,0.0,0.0,0.0,0.0,0,0,True,0.0
2023-01-31,60.0,2.474401235432747,0,0,0,0,0,0,0,0,0,0,0,0,0,0,0,0,0,0.0,0.0,0.0,0.0,0.0,-0.0,1.0,0.0,0,0,0.0,0.0,0.0,0.0,0.0,0.0,0.0,0.0,0.0,0,0,True,0.0
2023-02-01,60.0,2.474401235432747,0,0,0,0,0,0,0,0,0,0,0,0,0,0,0,0,0,0.0,0.0,0.0,0.0,0.0,-0.0,1.0,0.0,0,0,0.0,0.0,0.0,0.0,0.0,0.0,0.0,0.0,0.0,0,0,True,0.0
2023-02-02,60.0,2.474401235432747,0,0,0,0,0,0,0,0,0,0,0,0,0,0,0,0,0,0.0,0.0,0.0,0.0,0.0,-0.0,1.0,0.0,0,0,0.0,0.0,0.0,0.0,0.0,0.0,0.0,0.0,0.0,0,0,True,0.0
2023-02-03,60.0,2.474401235432747,0,0,0,0,0,0,0,0,0,0,0,0,0,0,0,0,0,0.0,0.0,0.0,0.0,0.0,-0.0,1.0,0.0,0,0,0.0,0.0,0.0,0.0,0.0,0.0,0.0,0.0,0.0,0,0,True,0.0
2023-02-04,60.00000000000001,2.4744012354327465,0,0,0,0,0,0,0,0,0,0,0,0,0,0,0,0,0,0.0,0.0,0.0,0.0,0.0,1.4802973661668755e-14,1.0,0.0,0,0,0.0,0.0,0.0,0.0,0.0,0.0,0.0,0.0,0.0,0,0,True,0.0
2023-02-05,60.00000000000001,2.4744012354327465,0,0,0,0,0,0,0,0,0,0,0,0,0,0,0,0,0,0.0,0.0,0.0,0.0,0.0,1.4802973661668755e-14,1.0,0.0,0,0,0.0,0.0,0.0,0.0,0.0,0.0,0.0,0.0,0.0,0,0,True,0.0
2023-02-06,60.000000000000014,2.4744012354327474,0,0,0,0,0,0,0,0,0,0,0,0,0,0,0,0,0,0.0,0.0,0.0,0.0,0.0,1.4802973661668755e-14,1.0,0.0,0,0,0.0,0.0,0.0,0.0,0.0,0.0,0.0,0.0,0.0,0,0,True,0.0
2023-02-07,60.00000000000003,2.474401235432749,0,0,0,0,0,0,0,0,0,0,0,0,0,0,0,0,0,0.0,0.0,0.0,0.0,0.0,0.0,1.0,0.0,0,0,0.0,0.0,0.0,0.0,0.0,0.0,0.0,0.0,0.0,0,0,True,0.0
2023-02-08,60.000000000000064,2.474401235432749,0,0,0,0,0,0,0,0,0,0,0,0,0,0,0,0,0,0.0,0.0,0.0,0.0,0.0,-0.0,1.0,0.0,0,0,0.0,0.0,0.0,0.0,0.0,0.0,0.0,0.0,0.0,0,0,True,0.0
2023-02-09,60.00000000000013,2.474401235432749,0,0,0,0,0,0,0,0,0,0,0,0,0,0,0,0,0,0.0,0.0,0.0,0.0,0.0,-0.0,1.0,0.0,0,0,0.0,0.0,0.0,0.0,0.0,0.0,0.0,0.0,0.0,0,0,True,0.0
2023-02-10,60.00000000000025,2.474401235432752,0,0,0,0,0,0,0,0,0,0,0,0,0,0,0,0,0,0.0,0.0,0.0,0.0,0.0,0.0,1.0,0.0,0,0,0.0,0.0,0.0,0.0,0.0,0.0,0.0,0.0,0.0,0,0,True,0.0
2023-02-11,60.0000000000005,2.474401235432757,0,0,0,0,0,0,0,0,0,0,0,0,0,0,0,0,0,0.0,0.0,0.0,0.0,0.0,0.0,1.0,0.0,0,0,0.0,0.0,0.0,0.0,0.0,0.0,0.0,0.0,0.0,0,0,True,0.0
2023-02-12,60.00000000000097,2.4744012354327665,0,0,0,0,0,0,0,0,0,0,0,0,0,0,0,0,0,0.0,0.0,0.0,0.0,0.0,0.0,1.0,0.0,0,0,0.0,0.0,0.0,0.0,0.0,0.0,0.0,0.0,0.0,0,0,True,0.0
2023-02-13,60.0000000000019,2.4744012354327842,0,0,0,0,0,0,0,0,0,0,0,0,0,0,0,0,0,0.0,0.0,0.0,0.0,0.0,0.0,1.0,0.0,0,0,0.0,0.0,0.0,0.0,0.0,0.0,0.0,0.0,0.0,0,0,True,0.0
2023-02-14,60.00000000000369,2.4744012354328184,0,0,0,0,0,0,0,0,0,0,0,0,0,0,0,0,0,0.0,0.0,0.0,0.0,0.0,0.0,1.0,0.0,0,0,0.0,0.0,0.0,0.0,0.0,0.0,0.0,0.0,0.0,0,0,True,0.0
2023-02-15,60.000000000007105,2.474401235432887,0,0,0,0,0,0,0,0,0,0,0,0,0,0,0,0,0,0.0,0.0,0.0,0.0,0.0,0.0,1.0,0.0,0,0,0.0,0.0,0.0,0.0,0.0,0.0,0.0,0.0,0.0,0,0,True,0.0
2023-02-16,60.00000000001361,2.4744012354330174,0,0,0,0,0,0,0,0,0,0,0,0,0,0,0,0,0,0.0,0.0,0.0,0.0,0.0,0.0,1.0,0.0,0,0,0.0,0.0,0.0,0.0,0.0,0.0,0.0,0.0,0.0,0,0,True,0.0
2023-02-17,60.000000000025864,2.4744012354332616,0,0,0,0,0,0,0,0,0,0,0,0,0,0,0,0,0,0.0,0.0,0.0,0.0,0.0,0.0,1.0,0.0,0,0,0.0,0.0,0.0,0.0,0.0,0.0,0.0,0.0,0.0,0,0,True,0.0
2023-02-18,60.00000000004882,2.474401235433719,0,0,0,0,0,0,0,0,0,0,0,0,0,0,0,0,0,0.0,0.0,0.0,0.0,0.0,0.0,1.0,0.0,0,0,0.0,0.0,0.0,0.0,0.0,0.0,0.0,0.0,0.0,0,0,True,0.0
2023-02-19,60.00000000009153,2.4744012354345712,0,0,0,0,0,0,0,0,0,0,0,0,0,0,0,0,0,0.0,0.0,0.0,0.0,0.0,0.0,1.0,0.0,0,0,0.0,0.0,0.0,0.0,0.0,0.0,0.0,0.0,0.0,0,0,True,0.0
2023-02-20,60.00000000017041,2.474401235436145,0,0,0,0,0,0,0,0,0,0,0,0,0,0,0,0,0,0.0,0.0,0.0,0.0,0.0,0.0,1.0,0.0,0,0,0.0,0.0,0.0,0.0,0.0,0.0,0.0,0.0,0.0,0,0,True,0.0
2023-02-21,60.00000000031506,2.4744012354390317,0,0,0,0,0,0,0,0,0,0,0,0,0,0,0,0,0,0.0,0.0,0.0,0.0,0.0,0.0,1.0,0.0,0,0,0.0,0.0,0.0,0.0,0.0,0.0,0.0,0.0,0.0,0,0,True,0.0
2023-02-22,60.00000000057848,2.474401235444286,0,0,0,0,0,0,0,0,0,0,0,0,0,0,0,0,0,0.0,0.0,0.0,0.0,0.0,0.0,1.0,0.0,0,0,0.0,0.0,0.0,0.0,0.0,0.0,0.0,0.0,0.0,0,0,True,0.0
2023-02-23,60.000000001054794,2.4744012354537874,0,0,0,0,0,0,0,0,0,0,0,0,0,0,0,0,0,0.0,0.0,0.0,0.0,0.0,0.0,1.0,0.0,0,0,0.0,0.0,0.0,0.0,0.0,0.0,0.0,0.0,0.0,0,0,True,0.0
2023-02-24,60.00000000190999,2.474401235470848,0,0,0,0,0,0,0,0,0,0,0,0,0,0,0,0,0,0.0,0.0,0.0,0.0,0.0,0.0,1.0,0.0,0,0,0.0,0.0,0.0,0.0,0.0,0.0,0.0,0.0,0.0,0,0,True,0.0
2023-02-25,60.0000000034346,2.474401235501263,0,0,0,0,0,0,0,0,0,0,0,0,0,0,0,0,0,0.0,0.0,0.0,0.0,0.0,0.0,1.0,0.0,0,0,0.0,0.0,0.0,0.0,0.0,0.0,0.0,0.0,0.0,0,0,True,0.0
2023-02-26,60.00000000613348,2.4744012355551006,0,0,0,0,0,0,0,0,0,0,0,0,0,0,0,0,0,0.0,0.0,0.0,0.0,0.0,0.0,1.0,0.0,0,0,0.0,0.0,0.0,0.0,0.0,0.0,0.0,0.0,0.0,0,0,True,0.0
2023-02-27,60.00000001087731,2.4744012356497316,0,0,0,0,0,0,0,0,0,0,0,0,0,0,0,0,0,0.0,0.0,0.0,0.0,0.0,0.0,1.0,0.0,0,0,0.0,0.0,0.0,0.0,0.0,0.0,0.0,0.0,0.0,0,0,True,0.0
2023-02-28,60.00000001915667,2.4744012358148906,0,0,0,0,0,0,0,0,0,0,0,0,0,0,0,0,0,0.0,0.0,0.0,0.0,0.0,0.0,1.0,0.0,0,0,0.0,0.0,0.0,0.0,0.0,0.0,0.0,0.0,0.0,0,0,True,0.0
2023-03-01,60.00000003350447,2.474401236101106,0,0,0,0,0,0,0,0,0,0,0,0,0,0,0,0,0,0.0,0.0,0.0,0.0,0.0,0.0,1.0,0.0,0,0,0.0,0.0,0.0,0.0,0.0,0.0,0.0,0.0,0.0,0,0,True,0.0
2023-03-02,60.00000005819283,2.4744012365935997,0,0,0,0,0,0,0,0,0,0,0,0,0,0,0,0,0,0.0,0.0,0.0,0.0,0.0,0.0,1.0,0.0,0,0,0.0,0.0,0.0,0.0,0.0,0.0,0.0,0.0,0.0,0,0,True,0.0
2023-03-03,60.00000010037379,2.4744012374350413,0,0,0,0,0,0,0,0,0,0,0,0,0,0,0,0,0,0.0,0.0,0.0,0.0,0.0,0.0,1.0,0.0,0,0,0.0,0.0,0.0,0.0,0.0,0.0,0.0,0.0,0.0,0,0,True,0.0
2023-03-04,60.000000171931404,2.4744012388625,0,0,0,0,0,0,0,0,0,0,0,0,0,0,0,0,0,0.0,0.0,0.0,0.0,0.0,0.0,1.0,0.0,0,0,0.0,0.0,0.0,0.0,0.0,0.0,0.0,0.0,0.0,0,0,True,0.0
2023-03-05,60.00000029246517,2.4744012412669534,0,0,0,0,0,0,0,0,0,0,0,0,0,0,0,0,0,0.0,0.0,0.0,0.0,0.0,0.0,1.0,0.0,0,0,0.0,0.0,0.0,0.0,0.0,0.0,0.0,0.0,0.0,0,0,True,0.0
2023-03-06,60.00000049405712,2.474401245288386,0,0,0,0,0,0,0,0,0,0,0,0,0,0,0,0,0,0.0,0.0,0.0,0.0,0.0,0.0,1.0,0.0,0,0,0.0,0.0,0.0,0.0,0.0,0.0,0.0,0.0,0.0,0,0,True,0.0
2023-03-07,60.00000082882766,2.474401251966515,0,0,0,0,0,0,0,0,0,0,0,0,0,0,0,0,0,0.0,0.0,0.0,0.0,0.0,0.0,1.0,0.0,0,0,0.0,0.0,0.0,0.0,0.0,0.0,0.0,0.0,0.0,0,0,True,0.0
2023-03-08,60.00000138081462,2.4744012629777585,0,0,0,0,0,0,0,0,0,0,0,0,0,0,0,0,0,0.0,0.0,0.0,0.0,0.0,0.0,1.0,0.0,0,0,0.0,0.0,0.0,0.0,0.0,0.0,0.0,0.0,0.0,0,0,True,0.0
2023-03-09,60.000002284496965,2.474401281004753,0,0,0,0,0,0,0,0,0,0,0,0,0,0,0,0,0,0.0,0.0,0.0,0.0,0.0,0.0,1.0,0.0,0,0,0.0,0.0,0.0,0.0,0.0,0.0,0.0,0.0,0.0,0,0,True,0.0
2023-03-10,60.000003753443295,2.4744013103078393,0,0,0,0,0,0,0,0,0,0,0,0,0,0,0,0,0,0.0,0.0,0.0,0.0,0.0,0.0,1.0,0.0,0,0,0.0,0.0,0.0,0.0,0.0,0.0,0.0,0.0,0.0,0,0,True,0.0
2023-03-11,60.000006124254064,2.4744013576016517,0,0,0,0,0,0,0,0,0,0,0,0,0,0,0,0,0,0.0,0.0,0.0,0.0,0.0,0.0,1.0,0.0,0,0,0.0,0.0,0.0,0.0,0.0,0.0,0.0,0.0,0.0,0,0,True,0.0
2023-03-12,60.00000992340246,2.474401433388418,0,0,0,0,0,0,0,0,0,0,0,0,0,0,0,0,0,0.0,0.0,0.0,0.0,0.0,0.0,1.0,0.0,0,0,0.0,0.0,0.0,0.0,0.0,0.0,0.0,0.0,0.0,0,0,True,0.0
2023-03-13,60.00001596805712,2.474401553969344,0,0,0,0,0,0,0,0,0,0,0,0,0,0,0,0,0,0.0,0.0,0.0,0.0,0.0,0.0,1.0,0.0,0,0,0.0,0.0,0.0,0.0,0.0,0.0,0.0,0.0,0.0,0,0,True,0.0
2023-03-14,60.000025516882616,2.47440174445219,0,0,0,0,0,0,0,0,0,0,0,0,0,0,0,0,0,0.0,0.0,0.0,0.0,0.0,0.0,1.0,0.0,0,0,0.0,0.0,0.0,0.0,0.0,0.0,0.0,0.0,0.0,0,0,True,0.0
2023-03-15,60.00004049367755,2.474402043213772,0,0,0,0,0,0,0,0,0,0,0,0,0,0,0,0,0,0.0,0.0,0.0,0.0,0.0,0.0,1.0,0.0,0,0,0.0,0.0,0.0,0.0,0.0,0.0,0.0,0.0,0.0,0,0,True,0.0
2023-03-16,60.000063816192764,2.474402508458277,0,0,0,0,0,0,0,0,0,0,0,0,0,0,0,0,0,0.0,0.0,0.0,0.0,0.0,0.0,1.0,0.0,0,0,0.0,0.0,0.0,0.0,0.0,0.0,0.0,0.0,0.0,0,0,True,0.0
2023-03-17,60.000099875422045,2.474403227773545,0,0,0,0,0,0,0,0,0,0,0,0,0,0,0,0,0,0.0,0.0,0.0,0.0,0.0,0.0,1.0,0.0,0,0,0.0,0.0,0.0,0.0,0.0,0.0,0.0,0.0,0.0,0,0,True,0.0
2023-03-18,60.00015522813167,2.474404331958243,0,0,0,0,0,0,0,0,0,0,0,0,0,0,0,0,0,0.0,0.0,0.0,0.0,0.0,0.0,1.0,0.0,0,0,0.0,0.0,0.0,0.0,0.0,0.0,0.0,0.0,0.0,0,0,True,0.0
2023-03-19,60.000239588682426,2.4744060147703637,0,0,0,0,0,0,0,0,0,0,0,0,0,0,0,0,0,0.0,0.0,0.0,0.0,0.0,0.0,1.0,0.0,0,0,0.0,0.0,0.0,0.0,0.0,0.0,0.0,0.0,0.0,0,0,True,0.0
2023-03-20,60.00036723683363,2.474408561077306,0,0,0,0,0,0,0,0,0,0,0,0,0,0,0,0,0,0.0,0.0,0.0,0.0,0.0,0.0,1.0,0.0,0,0,0.0,0.0,0.0,0.0,0.0,0.0,0.0,0.0,0.0,0,0,True,0.0
2023-03-21,60.00055899797581,2.4744123860872524,0,0,0,0,0,0,0,0,0,0,0,0,0,0,0,0,0,0.0,0.0,0.0,0.0,0.0,0.0,1.0,0.0,0,0,0.0,0.0,0.0,0.0,0.0,0.0,0.0,0.0,0.0,0,0,True,0.0
2023-03-22,60.00084500310044,2.474418090957562,0,0,0,0,0,0,0,0,0,0,0,0,0,0,0,0,0,0.0,0.0,0.0,0.0,0.0,0.0,1.0,0.0,0,0,0.0,0.0,0.0,0.0,0.0,0.0,0.0,0.0,0.0,0,0,True,0.0
2023-03-23,60.0012684998953,2.4744265383386863,0,0,0,0,0,0,0,0,0,0,0,0,0,0,0,0,0,0.0,0.0,0.0,0.0,0.0,0.0,1.0,0.0,0,0,0.0,0.0,0.0,0.0,0.0,0.0,0.0,0.0,0.0,0,0,True,0.0
2023-03-24,60.001891065776555,2.4744389549839196,0,0,0,0,0,0,0,0,0,0,0,0,0,0,0,0,0,0.0,0.0,0.0,0.0,0.0,0.0,1.0,0.0,0,0,0.0,0.0,0.0,0.0,0.0,0.0,0.0,0.0,0.0,0,0,True,0.0
2023-03-25,60.002799670367025,2.474457076473062,0,0,0,0,0,0,0,0,0,0,0,0,0,0,0,0,0,0.0,0.0,0.0,0.0,0.0,0.0,1.0,0.0,0,0,0.0,0.0,0.0,0.0,0.0,0.0,0.0,0.0,0.0,0,0,True,0.0
2023-03-26,60.0041161503721,2.4744833265120905,0,0,0,0,0,0,0,0,0,0,0,0,0,0,0,0,0,0.0,0.0,0.0,0.0,0.0,0.0,1.0,0.0,0,0,0.0,0.0,0.0,0.0,0.0,0.0,0.0,0.0,0.0,0,0,True,0.0
2023-03-27,60.00600979460894,2.4745210849550077,0,0,0,0,0,0,0,0,0,0,0,0,0,0,0,0,0,0.0,0.0,0.0,0.0,0.0,0.0,1.0,0.0,0,0,0.0,0.0,0.0,0.0,0.0,0.0,0.0,0.0,0.0,0,0,True,0.0
2023-03-28,60.00871389040611,2.474574962573334,0,0,0,0,0,0,0,0,0,0,0,0,0,0,0,0,0,0.0,0.0,0.0,0.0,0.0,0.0,1.0,0.0,0,0,0.0,0.0,0.0,0.0,0.0,0.0,0.0,0.0,0.0,0,0,True,0.0
2023-03-29,60.01254725208446,2.474651340191919,0,0,0,0,0,0,0,0,0,0,0,0,0,0,0,0,0,0.0,0.0,0.0,0.0,0.0,0.0,1.0,0.0,0,0,0.0,0.0,0.0,0.0,0.0,0.0,0.0,0.0,0.0,0,0,True,0.0
2023-03-30,60.017941932537155,2.474758826226521,0,0,0,0,0,0,0,0,0,0,0,0,0,0,0,0,0,0.0,0.0,0.0,0.0,0.0,0.0,1.0,0.0,0,0,0.0,0.0,0.0,0.0,0.0,0.0,0.0,0.0,0.0,0,0,True,0.0
2023-03-31,60.02547850148421,2.4749087616961023,0,0,0,0,0,0,0,0,0,0,0,0,0,0,0,0,0,0.0,0.0,0.0,0.0,0.0,0.0,1.0,0.0,0,0,0.0,0.0,0.0,0.0,0.0,0.0,0.0,0.0,0.0,0,0,True,0.0
2023-04-01,5.0359304461239285,1.1507223771795911,0,0,0,0,0,0,0,0,0,0,0,0,0,0,0,0,0,0.0,0.0,0.0,0.0,0.0,44.139546150550366,3.0,0.0,0,0,0.0,0.0,0.0,0.0,0.0,0.0,0.0,0.0,0.0,0,0,True,0.0
2023-04-02,60.05031939418538,2.4754018336599946,0,0,0,0,0,0,0,0,0,0,0,0,0,0,0,0,0,0.0,0.0,0.0,0.0,0.0,44.139546150550366,3.0,0.0,0,0,0.0,0.0,0.0,0.0,0.0,0.0,0.0,0.0,0.0,0,0,True,0.0
2023-04-03,60.06998295302586,2.4757914942141146,0,0,0,0,0,0,0,0,0,0,0,0,0,0,0,0,0,0.0,0.0,0.0,0.0,0.0,44.139546150550366,3.0,0.0,0,0,0.0,0.0,0.0,0.0,0.0,0.0,0.0,0.0,0.0,0,0,True,0.0
2023-04-04,60.09665697308529,2.476320076731719,0,0,0,0,0,0,0,0,0,0,0,0,0,0,0,0,0,0.0,0.0,0.0,0.0,0.0,0.0,1.0,0.0,0,0,0.0,0.0,0.0,0.0,0.0,0.0,0.0,0.0,0.0,0,0,True,0.0
2023-04-05,60.13257394604026,2.4770267789401763,0,0,0,0,0,0,0,0,0,0,0,0,0,0,0,0,0,0.0,0.0,0.0,0.0,0.0,0.0,1.0,0.0,0,0,0.0,0.0,0.0,0.0,0.0,0.0,0.0,0.0,0.0,0,0,True,0.0
2023-04-06,60.18057899922423,2.4779713261642633,0,0,0,0,0,0,0,0,0,0,0,0,0,0,0,0,0,0.0,0.0,0.0,0.0,0.0,0.0,1.0,0.0,0,0,0.0,0.0,0.0,0.0,0.0,0.0,0.0,0.0,0.0,0,0,True,0.0
2023-04-07,60.24426450723618,2.479210524125023,0,0,0,0,0,0,0,0,0,0,0,0,0,0,0,0,0,0.0,0.0,0.0,0.0,0.0,0.0,1.0,0.0,0,0,0.0,0.0,0.0,0.0,0.0,0.0,0.0,0.0,0.0,0,0,True,0.0
2023-04-08,60.32812366772743,2.4808422627091335,0,0,0,0,0,0,0,0,0,0,0,0,0,0,0,0,0,0.0,0.0,0.0,0.0,0.0,0.0,1.0,0.0,0,0,0.0,0.0,0.0,0.0,0.0,0.0,0.0,0.0,0.0,0,0,True,0.0
2023-04-09,60.43772244291014,2.482918672059499,0,0,0,0,0,0,0,0,0,0,0,0,0,0,0,0,0,0.0,0.0,0.0,0.0,0.0,0.0,1.0,0.0,0,0,0.0,0.0,0.0,0.0,0.0,0.0,0.0,0.0,0.0,0,0,True,0.0
2023-04-10,60.57988802092092,2.4856120774829593,0,0,0,0,0,0,0,0,0,0,0,0,0,0,0,0,0,0.0,0.0,0.0,0.0,0.0,0.0,1.0,0.0,0,0,0.0,0.0,0.0,0.0,0.0,0.0,0.0,0.0,0.0,0,0,True,0.0
2023-04-11,60.7629103846519,2.489079537285712,0,0,0,0,0,0,0,0,0,0,0,0,0,0,0,0,0,0.0,0.0,0.0,0.0,0.0,0.0,1.0,0.0,0,0,0.0,0.0,0.0,0.0,0.0,0.0,0.0,0.0,0.0,0,0,True,0.0
2023-04-12,60.99675169241121,2.4933311581361868,0,0,0,0,0,0,0,0,0,0,0,0,0,0,0,0,0,0.0,0.0,0.0,0.0,0.0,0.0,1.0,0.0,0,0,0.0,0.0,0.0,0.0,0.0,0.0,0.0,0.0,0.0,0,0,True,0.0
2023-04-13,61.29325600324493,2.4987220957864924,0,0,0,0,0,0,0,0,0,0,0,0,0,0,0,0,0,0.0,0.0,0.0,0.0,0.0,0.0,1.0,0.0,0,0,0.0,0.0,0.0,0.0,0.0,0.0,0.0,0.0,0.0,0,0,True,0.0
2023-04-14,61.66634948073634,2.5023490447707464,0,0,0,0,0,0,0,0,0,0,0,0,0,0,0,0,0,0.0,0.0,0.0,0.0,0.0,0.0,1.0,0.0,0,0,0.0,0.0,0.0,0.0,0.0,0.0,0.0,0.0,0.0,0,0,True,0.0
2023-04-15,62.13221868101055,2.5068778932354547,0,0,0,0,0,0,0,0,0,0,0,0,0,0,0,0,0,0.0,0.0,0.0,0.0,0.0,0.0,1.0,0.0,0,0,0.0,0.0,0.0,0.0,0.0,0.0,0.0,0.0,0.0,0,0,True,0.0
2023-04-16,62.70945201296719,2.5119857369657823,0,0,0,0,0,0,0,0,0,0,0,0,0,0,0,0,0,0.0,0.0,0.0,0.0,0.0,0.0,1.0,0.0,0,0,0.0,0.0,0.0,0.0,0.0,0.0,0.0,0.0,0.0,0,0,True,0.0
2023-04-17,63.41912713254185,2.5182655365016156,0,0,0,0,0,0,0,0,0,0,0,0,0,0,0,0,0,0.0,0.0,0.0,0.0,0.0,0.0,1.0,0.0,0,0,0.0,0.0,0.0,0.0,0.0,0.0,0.0,0.0,0.0,0,0,True,0.0
2023-04-18,64.28482511768256,2.525918565946403,0,0,0,0,0,0,0,0,0,0,0,0,0,0,0,0,0,0.0,0.0,0.0,0.0,0.0,0.0,1.0,0.0,0,0,0.0,0.0,0.0,0.0,0.0,0.0,0.0,0.0,0.0,0,0,True,0.0
2023-04-19,65.33255101721717,2.535013055999084,0,0,0,0,0,0,0,0,0,0,0,0,0,0,0,0,0,0.0,0.0,0.0,0.0,0.0,0.0,1.0,0.0,0,0,0.0,0.0,0.0,0.0,0.0,0.0,0.0,0.0,0.0,0,0,True,0.0
2023-04-20,66.59054004351111,2.545932675998069,0,0,0,0,0,0,0,0,0,0,0,0,0,0,0,0,0,0.0,0.0,0.0,0.0,0.0,0.0,1.0,0.0,0,0,0.0,0.0,0.0,0.0,0.0,0.0,0.0,0.0,0.0,0,0,True,0.0
2023-04-21,68.08892955459343,2.5586501137652524,0,0,0,0,0,0,0,0,0,0,0,0,0,0,0,0,0,0.0,0.0,0.0,0.0,0.0,0.0,1.0,0.0,0,0,0.0,0.0,0.0,0.0,0.0,0.0,0.0,0.0,0.0,0,0,True,0.0
2023-04-22,69.85927929247957,2.5736757879649157,0,0,0,0,0,0,0,0,0,0,0,0,0,0,0,0,0,0.0,0.0,0.0,0.0,0.0,0.0,1.0,0.0,0,0,0.0,0.0,0.0,0.0,0.0,0.0,0.0,0.0,0.0,0,0,True,0.0
2023-04-23,71.93392630773415,2.59069886569373,0,0,0,0,0,0,0,0,0,0,0,0,0,0,0,0,0,0.0,0.0,0.0,0.0,0.0,0.0,1.0,0.0,0,0,0.0,0.0,0.0,0.0,0.0,0.0,0.0,0.0,0.0,0,0,True,0.0
2023-04-24,74.3451667248808,2.6104837894625135,0,0,0,0,0,0,0,0,0,0,0,0,0,0,0,0,0,0.0,0.0,0.0,0.0,0.0,0.0,1.0,0.0,0,0,0.0,0.0,0.0,0.0,0.0,0.0,0.0,0.0,0.0,0,0,True,0.0
2023-04-25,77.12426400145304,2.6328035602875968,0,0,0,0,0,0,0,0,0,0,0,0,0,0,0,0,0,0.0,0.0,0.0,0.0,0.0,0.0,1.0,0.0,0,0,0.0,0.0,0.0,0.0,0.0,0.0,0.0,0.0,0.0,0,0,True,0.0
2023-04-26,80.30029248549191,2.6576839467721114,0,0,0,0,0,0,0,0,0,0,0,0,0,0,0,0,0,0.0,0.0,0.0,0.0,0.0,0.0,1.0,0.0,0,0,0.0,0.0,0.0,0.0,0.0,0.0,0.0,0.0,0.0,0,0,True,0.0
2023-04-27,83.89883561088229,2.6858742303891683,0,0,0,0,0,0,0,0,0,0,0,0,0,0,0,0,0,0.0,0.0,0.0,0.0,0.0,0.0,1.0,0.0,0,0,0.0,0.0,0.0,0.0,0.0,0.0,0.0,0.0,0.0,0,0,True,0.0
2023-04-28,87.94056955465514,2.7160235497623226,0,0,0,0,0,0,0,0,0,0,0,0,0,0,0,0,0,0.0,0.0,0.0,0.0,0.0,0.0,1.0,0.0,0,0,0.0,0.0,0.0,0.0,0.0,0.0,0.0,0.0,0.0,0,0,True,0.0
2023-04-29,92.4397750244831,2.7495853785522364,0,0,0,0,0,0,0,0,0,0,0,0,0,0,0,0,0,0.0,0.0,0.0,0.0,0.0,0.0,1.0,0.0,0,0,0.0,0.0,0.0,0.0,0.0,0.0,0.0,0.0,0.0,0,0,True,0.0
2023-04-30,97.40283131659442,2.7847573653235274,0,0,0,0,0,0,0,0,0,0,0,0,0,0,0,0,0,0.0,0.0,0.0,0.0,0.0,0.0,1.0,0.0,0,0,0.0,0.0,0.0,0.0,0.0,0.0,0.0,0.0,0.0,0,0,True,0.0
2023-05-01,102.82675704574788,2.8231954229972787,0,0,0,0,0,0,0,0,0,0,0,0,0,0,0,0,0,0.0,0.0,0.0,0.0,0.0,0.0,1.0,0.0,0,0,0.0,0.0,0.0,0.0,0.0,0.0,0.0,0.0,0.0,0,0,True,0.0
2023-05-02,108.69787010375246,2.8624242617545623,0,0,0,0,0,0,0,0,0,0,0,0,0,0,0,0,0,0.0,0.0,0.0,0.0,0.0,0.0,1.0,0.0,0,0,0.0,0.0,0.0,0.0,0.0,0.0,0.0,0.0,0.0,0,0,True,0.0
2023-05-03,114.99064456105107,2.9041427563361117,0,0,0,0,0,0,0,0,0,0,0,0,0,0,0,0,0,0.0,0.0,0.0,0.0,0.0,0.0,1.0,0.0,0,0,0.0,0.0,0.0,0.0,0.0,0.0,0.0,0.0,0.0,0,0,True,0.0
2023-05-04,121.66684357607812,2.9484031973107148,0,0,0,0,0,0,0,0,0,0,0,0,0,0,0,0,0,0.0,0.0,0.0,0.0,0.0,0.0,1.0,0.0,0,0,0.0,0.0,0.0,0.0,0.0,0.0,0.0,0.0,0.0,0,0,True,0.0
2023-05-05,128.67500426574213,2.992042083121445,0,0,0,0,0,0,0,0,0,0,0,0,0,0,0,0,0,0.0,0.0,0.0,0.0,0.0,0.0,1.0,0.0,0,0,0.0,0.0,0.0,0.0,0.0,0.0,0.0,0.0,0.0,0,0,True,0.0
2023-05-06,135.9503424972151,3.0373446479992645,0,0,0,0,0,0,0,0,0,0,0,0,0,0,0,0,0,0.0,0.0,0.0,0.0,0.0,0.0,1.0,0.0,0,0,0.0,0.0,0.0,0.0,0.0,0.0,0.0,0.0,0.0,0,0,True,0.0
2023-05-07,143.4151325659813,3.081614039831458,0,0,0,0,0,0,0,0,0,0,0,0,0,0,0,0,0,0.0,0.0,0.0,0.0,0.0,0.0,1.0,0.0,0,0,0.0,0.0,0.0,0.0,0.0,0.0,0.0,0.0,0.0,0,0,True,0.0
2023-05-08,150.97959895689502,3.126474554805882,0,0,0,0,0,0,0,0,0,0,0,0,0,0,0,0,0,0.0,0.0,0.0,0.0,0.0,0.0,1.0,0.0,0,0,0.0,0.0,0.0,0.0,0.0,0.0,0.0,0.0,0.0,0,0,True,0.0
2023-05-09,158.5433354473903,3.1687634732825263,0,0,0,0,0,0,0,0,0,0,0,0,0,0,0,0,0,0.0,0.0,0.0,0.0,0.0,0.0,1.0,0.0,0,0,0.0,0.0,0.0,0.0,0.0,0.0,0.0,0.0,0.0,0,0,True,0.0
2023-05-10,165.99724167865742,3.2104383297959327,0,0,0,0,0,0,0,0,0,0,0,0,0,0,0,0,0,0.0,0.0,0.0,0.0,0.0,0.0,1.0,0.0,0,0,0.0,0.0,0.0,0.0,0.0,0.0,0.0,0.0,0.0,0,0,True,0.0
2023-05-11,173.2259402983511,3.2508540485355524,0,0,0,0,0,0,0,0,0,0,0,0,0,0,0,0,0,0.0,0.0,0.0,0.0,0.0,0.0,1.0,0.0,0,0,0.0,0.0,0.0,0.0,0.0,0.0,0.0,0.0,0.0,0,0,True,0.0
2023-05-12,180.1106104375212,3.287434987054917,0,0,0,0,0,0,0,0,0,0,0,0,0,0,0,0,0,0.0,0.0,0.0,0.0,0.0,0.0,1.0,0.0,0,0,0.0,0.0,0.0,0.0,0.0,0.0,0.0,0.0,0.0,0,0,True,0.0
2023-05-13,186.53214735963516,3.321555118099569,0,0,0,0,0,0,0,0,0,0,0,0,0,0,0,0,0,0.0,0.0,0.0,0.0,0.0,0.0,1.0,0.0,0,0,0.0,0.0,0.0,0.0,0.0,0.0,0.0,0.0,0.0,0,0,True,0.0
2023-05-14,192.3745353876893,3.351623543140437,0,0,0,0,0,0,0,0,0,0,0,0,0,0,0,0,0,0.0,0.0,0.0,0.0,0.0,0.0,1.0,0.0,0,0,0.0,0.0,0.0,0.0,0.0,0.0,0.0,0.0,0.0,0,0,True,0.0
2023-05-15,197.52830335980434,3.37814791728393,0,0,0,0,0,0,0,0,0,0,0,0,0,0,0,0,0,0.0,0.0,0.0,0.0,0.0,0.0,1.0,0.0,0,0,0.0,0.0,0.0,0.0,0.0,0.0,0.0,0.0,0.0,0,0,True,0.0
2023-05-16,201.89392033601482,3.4000290493622876,0,0,0,0,0,0,0,0,0,0,0,0,0,0,0,0,0,0.0,0.0,0.0,0.0,0.0,0.0,1.0,0.0,0,0,0.0,0.0,0.0,0.0,0.0,0.0,0.0,0.0,0.0,0,0,True,0.0
2023-05-17,205.38498517145163,3.417526793936437,0,0,0,0,0,0,0,0,0,0,0,0,0,0,0,0,0,0.0,0.0,0.0,0.0,0.0,0.0,1.0,0.0,0,0,0.0,0.0,0.0,0.0,0.0,0.0,0.0,0.0,0.0,0,0,True,0.0
2023-05-18,207.93106751158743,3.43028814342506,0,0,0,0,0,0,0,0,0,0,0,0,0,0,0,0,0,0.0,0.0,0.0,0.0,0.0,0.0,1.0,0.0,0,0,0.0,0.0,0.0,0.0,0.0,0.0,0.0,0.0,0.0,0,0,True,0.0
2023-05-19,209.48006984555536,3.4379371905208655,0,0,0,0,0,0,0,0,0,0,0,0,0,0,0,0,0,0.0,0.0,0.0,0.0,0.0,0.0,1.0,0.0,0,0,0.0,0.0,0.0,0.0,0.0,0.0,0.0,0.0,0.0,0,0,True,0.0
2023-05-20,210.0,3.4405046303178666,0,0,0,0,0,0,0,0,0,0,0,0,0,0,0,0,0,0.0,0.0,0.0,0.0,0.0,0.0,1.0,0.0,0,0,0.0,0.0,0.0,0.0,0.0,0.0,0.0,0.0,0.0,0,0,True,0.0
2023-05-21,209.48006984555536,3.4379371905208655,0,0,0,0,0,0,0,0,0,0,0,0,0,0,0,0,0,0.0,0.0,0.0,0.0,0.0,0.08558132656670085,1.0,0.0,0,0,0.0,0.0,0.0,0.0,0.0,0.0,0.0,0.0,0.0,0,0,True,0.0
2023-05-22,207.93106751158743,3.43028814342506,0,0,0,0,0,0,0,0,0,0,0,0,0,0,0,0,0,0.0,0.0,0.0,0.0,0.0,0.34054956309355805,1.0,0.0,0,0,0.0,0.0,0.0,0.0,0.0,0.0,0.0,0.0,0.0,0,0,True,0.0
2023-05-23,205.38498517145163,3.417526793936437,0,0,0,0,0,0,0,0,0,0,0,0,0,0,0,0,0,0.0,0.0,0.0,0.0,0.0,0.7659278793809824,1.0,0.0,0,0,0.0,0.0,0.0,0.0,0.0,0.0,0.0,0.0,0.0,0,0,True,0.0
2023-05-24,201.89392033601482,3.4000290493622876,0,0,0,0,0,0,0,0,0,0,0,0,0,0,0,0,0,0.0,0.0,0.0,0.0,0.0,1.263604705285933,1.0,0.0,0,0,0.0,0.0,0.0,0.0,0.0,0.0,0.0,0.0,0.0,0,0,True,0.0
2023-05-25,197.52830335980434,3.37814791728393,0,0,0,0,0,0,0,0,0,0,0,0,0,0,0,0,0,0.0,0.0,0.0,0.0,0.0,1.7380075380376632,1.0,0.0,0,0,0.0,0.0,0.0,0.0,0.0,0.0,0.0,0.0,0.0,0,0,True,0.0
2023-05-26,192.3745353876893,3.351623543140437,0,0,0,0,0,0,0,0,0,0,0,0,0,0,0,0,0,0.0,0.0,0.0,0.0,0.0,2.196775026533334,1.0,0.0,0,0,0.0,0.0,0.0,0.0,0.0,0.0,0.0,0.0,0.0,0,0,True,0.0
2023-05-27,186.53214735963516,3.321555118099569,0,0,0,0,0,0,0,0,0,0,0,0,0,0,0,0,0,0.0,0.0,0.0,0.0,0.0,2.6157977087572912,1.0,0.0,0,0,0.0,0.0,0.0,0.0,0.0,0.0,0.0,0.0,0.0,0,0,True,0.0
2023-05-28,180.1106104375212,3.287434987054917,0,0,0,0,0,0,0,0,0,0,0,0,0,0,0,0,0,0.0,0.0,0.0,0.0,0.0,3.0237643409670945,1.0,0.0,0,0,0.0,0.0,0.0,0.0,0.0,0.0,0.0,0.0,0.0,0,0,True,0.0
2023-05-29,173.2259402983511,3.2508540485355524,0,0,0,0,0,0,0,0,0,0,0,0,0,0,0,0,0,0.0,0.0,0.0,0.0,0.0,3.358983153496157,1.0,0.0,0,0,0.0,0.0,0.0,0.0,0.0,0.0,0.0,0.0,0.0,0,0,True,0.0
2023-05-30,165.99724167865742,3.2104383297959327,0,0,0,0,0,0,0,0,0,0,0,0,0,0,0,0,0,0.0,0.0,0.0,0.0,0.0,3.703892943454538,1.0,0.0,0,0,0.0,0.0,0.0,0.0,0.0,0.0,0.0,0.0,0.0,0,0,True,0.0
2023-05-31,158.5433354473903,3.1687634732825263,0,0,0,0,0,0,0,0,0,0,0,0,0,0,0,0,0,0.0,0.0,0.0,0.0,0.0,3.955717125746361,1.0,0.0,0,0,0.0,0.0,0.0,0.0,0.0,0.0,0.0,0.0,0.0,0,0,True,0.0
2023-06-01,150.97959895689502,3.126474554805882,2,0,2,0,0,0,0,0,0,0,0,0,0,0,0,0,0,0.0,0.0,0.0,0.05,0.015192111860784507,4.145983124322343,1.0,48.0,0,2,0.012578616352201259,0.0,0.0,1.0,1.0,0.0,0.0,0.0,0.0,0,0,True,0.0
2023-06-02,143.4151325659813,3.081614039831458,2,0,4,0,0,0,0,0,0,0,0,0,0,0,0,2,0,0.0,12.0,24.0,0.05071948998178507,0.04156304350187512,4.294142998815816,1.0,48.05245901639344,0,4,0.025157232704402517,0.5,0.5,1.5,1.01213652008498,0.0,0.0,0.0,0.0,0,0,True,0.0
2023-06-03,135.9503424972151,3.0373446479992645,2,0,6,0,0,0,0,0,0,0,0,0,0,0,0,4,0,0.0,24.0,48.0,0.05143897996357013,0.06734285200073538,4.380627509442059,1.0,48.104918032786884,0,6,0.03773584905660377,1.0,1.0,2.0,1.0244692904779635,0.0,0.0,0.0,0.0,0,0,True,0.0
2023-06-04,128.67500426574213,2.992042083121445,3,0,7,0,2,2,0,0,0,0,2,0,0,0,2,4,0,0.0,20.571428571428573,48.0,0.051233411397345816,0.06599363116426929,4.481082389481239,1.0,48.089929742388755,0,7,0.0440251572327044,0.8571428571428572,0.8571428571428572,1.857142857142857,1.0209736775525402,0.0,0.0,0.0,0.0,0,0,True,0.0
2023-06-05,121.66684357607812,2.9484031973107148,2,0,7,0,2,2,0,0,0,0,2,0,0,0,2,5,0,0.0,24.0,48.0,0.05143897996357013,0.07244158290906537,4.4403614173581145,1.0,48.104918032786884,0,7,0.0440251572327044,1.0,1.0,2.0,1.0244412547196773,0.0,0.0,0.0,0.0,0,0,True,0.0
2023-06-06,114.99064456105107,2.9041427563361117,3,0,8,0,2,2,0,0,0,0,2,0,0,0,2,5,0,0.0,24.0,48.0,0.05143897996357013,0.06919458340747797,4.440063055438426,1.0,48.104918032786884,0,8,0.050314465408805034,1.0,1.0,2.0,1.024493821766464,0.0,0.0,0.0,0.0,0,0,True,0.0
2023-06-07,108.69787010375246,2.8624242617545623,2,0,7,0,3,3,0,0,0,0,3,0,0,0,3,4,0,0.0,20.571428571428573,48.0,0.051438979963570115,0.06264441956411895,4.320594045562753,1.0,48.104918032786884,0,7,0.0440251572327044,1.0,1.0,2.0,1.0244412547196773,0.0,0.0,0.0,0.0,0,0,True,0.0
2023-06-08,102.82675704574788,2.8231954229972787,2,0,7,0,2,2,0,0,0,0,2,0,0,0,2,4,0,0.0,20.571428571428573,48.0,0.051644548529794436,0.062175456123600474,4.1735924771145365,1.0,48.11990632318501,0,7,0.0440251572327044,1.1428571428571428,1.1428571428571428,2.142857142857143,1.0279929391616733,0.0,0.0,0.0,0.0,0,0,True,0.0
2023-06-09,97.40283131659442,2.7847573653235274,1,0,6,0,2,2,0,0,0,0,2,0,0,0,2,4,0,0.0,24.0,48.0,0.052158469945355196,0.07113205775339575,3.979513033752813,1.0,48.157377049180326,0,6,0.03773584905660377,1.5,1.5,2.5,1.0369025625666897,0.0,0.0,0.0,0.0,0,0,True,0.0
2023-06-10,92.4397750244831,2.7495853785522364,2,0,6,0,2,2,0,0,0,0,2,0,0,0,2,4,0,0.0,24.0,48.0,0.051918639951426836,0.06676077529391744,3.7612961067441977,1.0,48.13989071038251,0,6,0.03773584905660377,1.3333333333333333,1.3333333333333333,2.3333333333333335,1.0328570558716965,0.0,0.0,0.0,0.0,0,0,True,0.0
2023-06-11,87.94056955465514,2.7160235497623226,2,0,6,0,2,2,0,0,0,0,2,0,0,0,2,4,0,0.0,24.0,48.0,0.05167880995749848,0.06077933485306194,3.5723957744985344,1.0,48.1224043715847,0,6,0.03773584905660377,1.1666666666666667,1.1666666666666667,2.1666666666666665,1.0287134240227012,0.0,0.0,0.0,0.0,0,0,True,0.0
2023-06-12,83.89883561088229,2.6858742303891683,2,0,6,0,2,2,0,0,0,0,2,0,0,0,2,3,0,0.0,20.0,48.0,0.05143897996357013,0.05138538499544709,3.296104497811969,1.0,48.104918032786884,0,6,0.03773584905660377,1.0,1.0,2.0,1.0244692904779635,0.0,0.0,0.0,0.0,0,0,True,0.0
2023-06-13,80.30029248549191,2.6576839467721114,1,0,5,0,2,2,0,0,0,0,2,0,0,0,2,2,0,0.0,14.4,48.0,0.05172677595628415,0.04880643784327328,3.0633810593375,1.0,48.125901639344264,0,5,0.031446540880503145,1.2,1.2,2.1999999999999997,1.0293631485735564,0.0,0.0,0.0,0.0,0,0,True,0.0
2023-06-14,77.12426400145304,2.6328035602875968,1,0,5,0,1,1,0,0,0,0,1,0,0,0,1,3,0,0.0,19.2,48.0,0.05230236794171221,0.05570605509701867,2.773999649157529,1.0,48.167868852459016,0,5,0.031446540880503145,1.5999999999999999,1.5999999999999999,2.6,1.0394284670460359,0.0,0.0,0.0,0.0,0,0,True,0.0
2023-06-15,74.3451667248808,2.6104837894625135,2,0,6,0,1,1,0,0,0,0,1,0,0,0,1,2,0,0.0,16.0,48.0,0.05215846994535519,0.04768928746056352,2.5130146975551604,1.0,48.157377049180326,0,6,0.03773584905660377,1.5,1.5,2.5,1.0371011894164341,0.0,0.0,0.0,0.0,0,0,True,0.0
2023-06-16,71.93392630773415,2.59069886569373,0,0,4,0,2,2,0,0,0,0,2,0,0,0,2,2,0,0.0,12.0,24.0,0.052518214936247726,0.047702576613962155,2.2328360359460397,1.0,48.18360655737705,0,4,0.025157232704402517,1.75,1.75,2.75,1.0430701360340517,0.0,0.0,0.0,0.0,0,0,True,0.0
2023-06-17,69.85927929247957,2.5736757879649157,2,0,6,0,0,0,0,0,0,0,0,0,0,0,0,2,0,0.0,16.0,48.0,0.05263812993321191,0.04495401972739196,1.970925744089369,1.0,48.19234972677595,0,6,0.03773584905660377,1.8333333333333333,1.8333333333333333,2.8333333333333335,1.0455918904334698,0.0,0.0,0.0,0.0,0,0,True,0.0
2023-06-18,68.08892955459343,2.5586501137652524,0,0,4,0,2,2,0,0,0,0,2,0,0,0,2,2,0,0.0,12.0,24.0,0.052877959927140256,0.040208059311670596,1.7277891899087017,1.0,48.20983606557377,0,4,0.025157232704402517,2.0,2.0,3.0,1.0494363363511585,0.0,0.0,0.0,0.0,0,0,True,0.0
2023-06-19,66.59054004351111,2.545932675998069,0,0,4,0,0,0,0,0,0,0,0,0,0,0,0,2,0,0.0,24.0,48.0,0.05431693989071039,0.052925497078853856,1.4922063231887013,1.0,48.31475409836065,0,4,0.025157232704402517,3.0,3.0,4.0,1.0749084394022657,0.0,0.0,0.0,0.0,0,0,True,0.0
2023-06-20,65.33255101721717,2.535013055999084,2,0,4,0,2,2,0,0,0,0,2,0,0,0,2,0,0,0.0,0.0,0.0,0.052158469945355196,0.024301847847069458,1.2887577321943826,1.0,48.157377049180326,0,4,0.025157232704402517,1.5,1.5,2.5,1.0372998162661784,0.0,0.0,0.0,0.0,0,0,True,0.0
2023-06-21,64.28482511768256,2.525918565946403,0,0,4,0,0,0,0,0,0,0,0,0,0,0,0,0,0,0.0,0.0,0.0,0.05359744990892532,0.03339633789975072,1.0910515939616487,1.0,48.26229508196721,0,4,0.025157232704402517,2.5,2.5,3.5,1.0624775438552803,0.0,0.0,0.0,0.0,0,0,True,0.0
2023-06-22,63.41912713254185,2.5182655365016156,0,0,4,0,0,0,0,0,0,0,0,0,0,0,0,2,0,0.0,12.0,24.0,0.05503642987249545,0.041049367344538124,0.9222379832151203,1.0,48.367213114754094,0,4,0.025157232704402517,3.5,3.5,4.5,1.0882659318480024,0.0,0.0,0.0,0.0,0,0,True,0.0
2023-06-23,62.70945201296719,2.5119857369657823,0,0,4,0,0,0,0,0,0,0,0,0,0,0,0,2,0,0.0,24.0,48.0,0.05647540983606558,0.047329166880371365,0.7675773011100636,1.0,48.472131147540985,0,4,0.025157232704402517,4.5,4.5,5.5,1.1146797684597631,0.0,0.0,0.0,0.0,0,0,True,0.0
2023-06-24,62.13221868101055,2.5068778932354547,0,0,2,0,2,2,0,0,0,0,2,0,0,0,2,0,0,0.0,0.0,0.0,0.055755919854280515,0.03266537599531438,0.6346890903649408,1.0,48.41967213114754,0,2,0.012578616352201259,4.0,4.0,5.0,1.1006820475406003,0.0,0.0,0.0,0.0,0,0,True,0.0
2023-06-25,61.66634948073634,2.5023490447707464,0,0,2,0,0,0,0,0,0,0,0,0,0,0,0,0,0,0.0,0.0,0.0,0.05719489981785064,0.03719422446002274,0.5305497243623059,1.0,48.52459016393443,0,2,0.012578616352201259,5.0,5.0,6.0,1.1273970324320737,0.0,0.0,0.0,0.0,0,0,True,0.0
2023-06-26,61.29325600324493,2.4987220957864924,2,0,4,0,0,0,0,0,0,0,0,0,0,0,0,0,0,0.0,0.0,0.0,0.05431693989071039,0.021049538828892156,0.44212137264299695,1.0,48.31475409836065,0,4,0.025157232704402517,3.0,3.0,4.0,1.077379952193585,0.0,0.0,0.0,0.0,0,0,True,0.0
2023-06-27,60.99675169241121,2.4933311581361868,3,0,7,0,0,0,0,0,0,0,0,0,0,0,0,0,0,0.0,0.0,0.0,0.053289097059588855,0.016181204501175803,0.4515578366422653,1.0,48.23981264637002,0,7,0.0440251572327044,2.2857142857142856,2.2857142857142856,3.285714285714286,1.0591598258435613,0.0,0.0,0.0,0.0,0,0,True,0.0
2023-06-28,60.7629103846519,2.489079537285712,2,0,9,0,0,0,0,0,0,0,0,0,0,0,0,0,0,0.0,0.0,0.0,0.053677393240234766,0.01623563365445873,0.44231691616780644,1.0,48.26812386156648,0,9,0.05660377358490566,2.555555555555556,2.555555555555556,3.5555555555555554,1.0660081837942128,0.0,0.0,0.0,0.0,0,0,True,0.0
2023-06-29,60.57988802092092,2.4856120774829593,1,0,10,0,0,0,0,0,0,0,0,0,0,0,0,0,0,0.0,0.0,0.0,0.05460473588342442,0.01792157636319449,0.43700061011776964,1.0,48.33573770491803,0,10,0.06289308176100629,3.1999999999999997,3.1999999999999997,4.2,1.082693906574867,0.0,0.0,0.0,0.0,0,0,True,0.0
2023-06-30,60.43772244291014,2.482918672059499,2,0,12,0,0,0,0,0,0,0,0,0,0,0,0,0,0,0.0,0.0,0.0,0.05503642987249544,0.01742187281229594,0.34708286922292925,1.0,48.367213114754094,0,12,0.07547169811320754,3.5,3.5,4.5,1.0908104301878894,0.0,0.0,0.0,0.0,0,0,True,0.0
2023-07-01,60.32812366772743,2.4808422627091335,1,0,13,0,0,0,0,0,0,0,0,0,0,0,0,0,0,0.0,0.0,0.0,0.05597730138713746,0.018029778710984774,0.2745758192192878,1.0,48.435813366960915,0,13,0.08176100628930817,4.153846153846154,4.153846153846154,5.153846153846154,1.1082638837762486,0.0,0.0,0.0,0.0,0,0,True,0.0
2023-07-02,60.24426450723618,2.479210524125023,0,0,13,0,0,0,0,0,0,0,0,0,0,0,0,0,0,0.0,0.0,0.0,0.05741628135070758,0.01966151729509525,0.21338511193120802,1.0,48.54073139974779,0,13,0.08176100628930817,5.153846153846154,5.153846153846154,6.153846153846153,1.1351626017138796,0.0,0.0,0.0,0.0,0,0,True,0.0
2023-07-03,60.18057899922423,2.4779713261642633,1,0,14,0,0,0,0,0,0,0,0,0,0,0,0,0,0,0.0,0.0,0.0,0.058222742648972155,0.019493188487751327,0.16491152984118665,1.0,48.599531615925066,0,14,0.0880503144654088,5.714285714285714,5.714285714285714,6.714285714285714,1.1510912449745025,0.0,0.0,0.0,0.0,0,0,True,0.0
2023-07-04,60.13257394604026,2.4770267789401763,1,0,15,0,0,0,0,0,0,0,0,0,0,0,0,0,0,0.0,0.0,0.0,0.059017607771706136,0.019078990290592894,0.12718279229857465,1.0,48.657486338797824,0,15,0.09433962264150944,6.266666666666667,6.266666666666667,7.266666666666667,1.1670933113198336,0.0,0.0,0.0,0.0,0,0,True,0.0
2023-07-05,60.09665697308529,2.476320076731719,0,0,15,0,0,0,0,0,0,0,0,0,0,0,0,0,0,0.0,0.0,0.0,0.06045658773527626,0.01978569249905015,0.09634824644346729,1.0,48.7624043715847,0,15,0.09433962264150944,7.266666666666667,7.266666666666667,8.266666666666667,1.195418637765289,0.0,0.0,0.0,0.0,0,0,True,0.0
2023-07-06,60.06998295302586,2.4757914942141146,0,0,15,0,0,0,0,0,0,0,0,0,0,0,0,0,0,0.0,0.0,0.0,0.06189556769884638,0.020314275016654608,0.07266106500495677,1.0,48.86732240437159,0,15,0.09433962264150944,8.266666666666667,8.266666666666667,9.266666666666667,1.2244308290398713,0.0,0.0,0.0,0.0,0,0,True,0.0
2023-07-07,60.05031939418538,2.4754018336599946,0,0,15,0,0,0,0,0,0,0,0,0,0,0,0,0,0,0.0,0.0,0.0,0.0633345476624165,0.02070393557077465,0.05416484267272518,1.0,48.97224043715847,0,15,0.09433962264150944,9.266666666666667,9.266666666666667,10.266666666666667,1.2541465120335877,0.0,0.0,0.0,0.0,0,0,True,0.0
2023-07-08,60.03593044612393,2.4751166967974196,0,0,15,0,0,0,0,0,0,0,0,0,0,0,0,0,0,0.0,0.0,0.0,0.06477352762598662,0.02098907243334957,0.04011266447664733,1.0,49.07715846994536,0,15,0.09433962264150944,10.266666666666667,10.266666666666667,11.266666666666666,1.2845827146982576,0.0,0.0,0.0,0.0,0,0,True,0.0
2023-07-09,60.02547850148421,2.4749087616961023,1,0,16,0,0,0,0,0,0,0,0,0,0,0,0,0,0,0.0,0.0,0.0,0.06519922586520947,0.019877896957743835,0.029424417267076564,1.0,49.10819672131147,0,16,0.10062893081761007,10.5625,10.5625,11.5625,1.296022070923422,0.0,0.0,0.0,0.0,0,0,True,0.0
2023-07-10,60.017941932537155,2.474758826226521,0,0,16,0,0,0,0,0,0,0,0,0,0,0,0,0,0,0.0,0.0,0.0,0.0666382058287796,0.020027832427325143,0.021433581115785454,1.0,49.213114754098356,0,16,0.10062893081761007,11.5625,11.5625,12.5625,1.3274734906432788,0.0,0.0,0.0,0.0,0,0,True,0.0
2023-07-11,60.01254725208446,2.474651340191919,0,0,16,0,0,0,0,0,0,0,0,0,0,0,0,0,0,0.0,0.0,0.0,0.06807718579234973,0.020135318461927343,0.015511886850028134,1.0,49.31803278688524,0,16,0.10062893081761007,12.5625,12.5625,13.5625,1.3596874326801573,0.0,0.0,0.0,0.0,0,0,True,0.0
2023-07-12,60.00871389040611,2.474574962573334,0,0,16,0,0,0,0,0,0,0,0,0,0,0,0,0,0,0.0,0.0,0.0,0.06951616575591985,0.020211696080512154,0.011126637425610634,1.0,49.42295081967213,0,16,0.10062893081761007,13.5625,13.5625,14.5625,1.3926823481108301,0.0,0.0,0.0,0.0,0,0,True,0.0
2023-07-13,60.00600979460894,2.4745210849550077,0,0,16,0,0,0,0,0,0,0,0,0,0,0,0,0,0,0.0,0.0,0.0,0.07095514571948999,0.020265573698838468,0.007924709050444179,1.0,49.527868852459015,0,16,0.10062893081761007,14.5625,14.5625,15.5625,1.4264771327194627,0.0,0.0,0.0,0.0,0,0,True,0.0
2023-07-14,60.0041161503721,2.4744833265120905,0,0,16,0,0,0,0,0,0,0,0,0,0,0,0,0,0,0.0,0.0,0.0,0.07239412568306011,0.02030333214175567,0.005600455994277572,1.0,49.632786885245906,0,16,0.10062893081761007,15.5625,15.5625,16.5625,1.461091137629403,0.0,0.0,0.0,0.0,0,0,True,0.0
2023-07-15,60.002799670367025,2.474457076473062,0,0,16,0,0,0,0,0,0,0,0,0,0,0,0,0,0,0.0,0.0,0.0,0.07383310564663023,0.020329582180784345,0.003929536675739698,1.0,49.73770491803279,0,16,0.10062893081761007,16.5625,16.5625,17.5625,1.4965441801848858,0.0,0.0,0.0,0.0,0,0,True,0.0
2023-07-16,60.001891065776555,2.4744389549839196,0,0,16,0,0,0,0,0,0,0,0,0,0,0,0,0,0,0.0,0.0,0.0,0.07527208561020036,0.020347703669926498,0.002737665702934322,1.0,49.842622950819674,0,16,0.10062893081761007,17.5625,17.5625,18.5625,1.5328565550883257,0.0,0.0,0.0,0.0,0,0,True,0.0
2023-07-17,60.0012684998953,2.4744265383386863,0,0,16,0,0,0,0,0,0,0,0,0,0,0,0,0,0,0.0,0.0,0.0,0.0767110655737705,0.020360120315159824,0.001892939113471807,1.0,49.94754098360656,0,16,0.10062893081761007,18.5625,18.5625,19.5625,1.5700490457989718,0.0,0.0,0.0,0.0,0,0,True,0.0
2023-07-18,60.00084500310044,2.474418090957562,0,0,16,0,0,0,0,0,0,0,0,0,0,0,0,0,0,0.0,0.0,0.0,0.07815004553734062,0.0203685676962842,0.0012995171833285468,1.0,50.05245901639344,0,16,0.10062893081761007,19.5625,19.5625,20.5625,1.6081429361988309,0.0,0.0,0.0,0.0,0,0,True,0.0
2023-07-19,60.00055899797581,2.4744123860872524,0,0,16,0,0,0,0,0,0,0,0,0,0,0,0,0,0,0.0,0.0,0.0,0.07958902550091075,0.020374272566593687,0.0008856298889063178,1.0,50.157377049180326,0,16,0.10062893081761007,20.5625,20.5625,21.5625,1.6471600225318808,0.0,0.0,0.0,0.0,0,0,True,0.0
2023-07-20,60.00036723683363,2.474408561077306,0,0,16,0,0,0,0,0,0,0,0,0,0,0,0,0,0,0.0,0.0,0.0,0.08102800546448088,0.020378097576540244,0.0005992420460139888,1.0,50.26229508196721,0,16,0.10062893081761007,21.5625,21.5625,22.5625,1.6871226256227203,0.0,0.0,0.0,0.0,0,0,True,0.0
2023-07-21,60.000239588682426,2.4744060147703637,0,0,16,0,0,0,0,0,0,0,0,0,0,0,0,0,0,0.0,0.0,0.0,0.082466985428051,0.02038064388348243,0.00040253957327429646,1.0,50.367213114754094,0,16,0.10062893081761007,22.5625,22.5625,23.5625,1.728053603380932,0.0,0.0,0.0,0.0,0,0,True,0.0
2023-07-22,60.00015522813167,2.474404331958243,0,0,16,0,0,0,0,0,0,0,0,0,0,0,0,0,0,0.0,0.0,0.0,0.08390596539162112,0.020382326695603192,0.00026847096698349543,1.0,50.47213114754098,0,16,0.10062893081761007,23.5625,23.5625,24.5625,1.7699763635975518,0.0,0.0,0.0,0.0,0,0,True,0.0
2023-07-23,60.000099875422045,2.474403227773545,0,0,16,0,0,0,0,0,0,0,0,0,0,0,0,0,0,0.0,0.0,0.0,0.08534494535519126,0.02038343088030109,0.00017777679202820215,1.0,50.57704918032787,0,16,0.10062893081761007,24.5625,24.5625,25.5625,1.8129148770401802,0.0,0.0,0.0,0.0,0,0,True,0.0
2023-07-24,60.000063816192764,2.474402508458277,0,0,16,0,0,0,0,0,0,0,0,0,0,0,0,0,0,0.0,0.0,0.0,0.08678392531876139,0.02038415019556933,0.00011687706956327777,1.0,50.68196721311475,0,16,0.10062893081761007,25.5625,25.5625,26.5625,1.8568936908533895,0.0,0.0,0.0,0.0,0,0,True,0.0
2023-07-25,60.00004049367755,2.474402043213772,0,0,16,0,0,0,0,0,0,0,0,0,0,0,0,0,0,0.0,0.0,0.0,0.08822290528233151,0.020384615440074028,7.629148236117562e-05,1.0,50.786885245901644,0,16,0.10062893081761007,26.5625,26.5625,27.5625,1.901937942271228,0.0,0.0,0.0,0.0,0,0,True,0.0
2023-07-26,60.000025516882616,2.47440174445219,0,0,16,0,0,0,0,0,0,0,0,0,0,0,0,0,0,0.0,0.0,0.0,0.08966188524590164,0.020384914201656168,4.9444045169266815e-05,1.0,50.89180327868853,0,16,0.10062893081761007,27.5625,27.5625,28.5625,1.9480733726487407,0.0,0.0,0.0,0.0,0,0,True,0.0
2023-07-27,60.00001596805712,2.474401553969344,0,0,16,0,0,0,0,0,0,0,0,0,0,0,0,0,0,0.0,0.0,0.0,0.09110086520947178,0.02038510468450211,3.181629775935354e-05,1.0,50.99672131147541,0,16,0.10062893081761007,28.5625,28.5625,29.5625,1.995326341819579,0.0,0.0,0.0,0.0,0,0,True,0.0
2023-07-28,60.00000992340246,2.474401433388418,0,0,16,0,0,0,0,0,0,0,0,0,0,0,0,0,0,0.0,0.0,0.0,0.0925398451730419,0.020385225265428242,2.0327511807138876e-05,1.0,51.101639344262296,0,16,0.10062893081761007,29.5625,29.5625,30.5625,2.0437238427868967,0.0,0.0,0.0,0.0,0,0,True,0.0
2023-07-29,60.000006124254064,2.4744013576016517,0,0,16,0,0,0,0,0,0,0,0,0,0,0,0,0,0,0.0,0.0,0.0,0.09397882513661202,0.020385301052194438,1.2895017942327058e-05,1.0,51.20655737704918,0,16,0.10062893081761007,30.5625,30.5625,31.5625,2.09329351675488,0.0,0.0,0.0,0.0,0,0,True,0.0
2023-07-30,60.000003753443295,2.4744013103078393,0,0,16,0,0,0,0,0,0,0,0,0,0,0,0,0,0,0.0,0.0,0.0,0.09541780510018215,0.02038534834600686,8.122050158358244e-06,1.0,51.31147540983606,0,16,0.10062893081761007,31.5625,31.5625,32.5625,2.1440636685083927,0.0,0.0,0.0,0.0,0,0,True,0.0
2023-07-31,60.000002284496965,2.474401281004753,0,0,16,0,0,0,0,0,0,0,0,0,0,0,0,0,0,0.0,0.0,0.0,0.09685678506375228,0.02038537764909304,5.079455493254652e-06,1.0,51.41639344262295,0,16,0.10062893081761007,32.5625,32.5625,33.5625,2.1960632821483745,0.0,0.0,0.0,0.0,0,0,True,0.0
2023-08-01,60.00000138081462,2.4744012629777585,0,0,16,0,0,0,0,0,0,0,0,0,0,0,0,0,0,0.0,0.0,0.0,0.0982957650273224,0.020385395676087603,3.154129772179696e-06,1.0,51.52131147540983,0,16,0.10062893081761007,33.5625,33.5625,34.5625,2.2493220371907543,0.0,0.0,0.0,0.0,0,0,True,0.0
2023-08-02,60.00000082882766,2.474401251966515,0,0,16,0,0,0,0,0,0,0,0,0,0,0,0,0,0,0.0,0.0,0.0,0.09973474499089253,0.020385406687331076,1.944710807203857e-06,1.0,51.626229508196715,0,16,0.10062893081761007,34.5625,34.5625,35.5625,2.3038703250368098,0.0,0.0,0.0,0.0,0,0,True,0.0
2023-08-03,60.00000049405712,2.474401245288386,0,0,16,0,0,0,0,0,0,0,0,0,0,0,0,0,0,0.0,0.0,0.0,0.10117372495446267,0.020385413365460237,1.1905455732375003e-06,1.0,51.731147540983606,0,16,0.10062893081761007,35.5625,35.5625,36.5625,2.359739265823043,0.0,0.0,0.0,0.0,0,0,True,0.0
2023-08-04,60.00000029246517,2.4744012412669534,0,0,16,0,0,0,0,0,0,0,0,0,0,0,0,0,0,0.0,0.0,0.0,0.10261270491803279,0.020385417386892757,7.236935051224691e-07,1.0,51.83606557377049,0,16,0.10062893081761007,36.5625,36.5625,37.5625,2.416960725658783,0.0,0.0,0.0,0.0,0,0,True,0.0
2023-08-05,60.000000171931404,2.4744012388625,0,0,16,0,0,0,0,0,0,0,0,0,0,0,0,0,0,0.0,0.0,0.0,0.10405168488160292,0.020385419791346282,4.368005068755565e-07,1.0,51.94098360655738,0,16,0.10062893081761007,37.5625,37.5625,38.5625,2.4755673342599036,0.0,0.0,0.0,0.0,0,0,True,0.0
2023-08-06,60.00000010037379,2.4744012374350413,0,0,16,0,0,0,0,0,0,0,0,0,0,0,0,0,0,0.0,0.0,0.0,0.10549066484517305,0.020385421218804878,2.617781547087361e-07,1.0,52.045901639344265,0,16,0.10062893081761007,38.5625,38.5625,39.5625,2.5355925029871615,0.0,0.0,0.0,0.0,0,0,True,0.0
2023-08-07,60.00000005819283,2.4744012365935997,0,0,16,0,0,0,0,0,0,0,0,0,0,0,0,0,0,0.0,0.0,0.0,0.10692964480874317,0.02038542206024646,1.5577845680070368e-07,1.0,52.15081967213115,0,16,0.10062893081761007,39.5625,39.5625,40.5625,2.5970704432978504,0.0,0.0,0.0,0.0,0,0,True,0.0
2023-08-08,60.00000003350447,2.474401236101106,0,0,16,0,0,0,0,0,0,0,0,0,0,0,0,0,0,0.0,0.0,0.0,0.1083686247723133,0.020385422552740062,9.204645934346445e-08,1.0,52.25573770491803,0,16,0.10062893081761007,40.5625,40.5625,41.5625,2.6600361856195924,0.0,0.0,0.0,0.0,0,0,True,0.0
2023-08-09,60.00000001915667,2.4744012358148906,0,0,16,0,0,0,0,0,0,0,0,0,0,0,0,0,0,0.0,0.0,0.0,0.10980760473588344,0.020385422838955558,5.400502267605134e-08,1.0,52.36065573770492,0,16,0.10062893081761007,41.5625,41.5625,42.5625,2.72452559865527,0.0,0.0,0.0,0.0,0,0,True,0.0
2023-08-10,60.00000001087731,2.4744012356497316,0,0,16,0,0,0,0,0,0,0,0,0,0,0,0,0,0,0.0,0.0,0.0,0.11124658469945356,0.020385423004114556,3.146226982645809e-08,1.0,52.4655737704918,0,16,0.10062893081761007,42.5625,42.5625,43.5625,2.7905754091282358,0.0,0.0,0.0,0.0,0,0,True,0.0
2023-08-11,60.00000000613348,2.4744012355551006,0,0,16,0,0,0,0,0,0,0,0,0,0,0,0,0,0,0.0,0.0,0.0,0.11268556466302368,0.020385423098745525,1.8200182102153423e-08,1.0,52.570491803278685,0,16,0.10062893081761007,43.5625,43.5625,44.5625,2.85822322197711,0.0,0.0,0.0,0.0,0,0,True,0.0
2023-08-12,60.0000000034346,2.474401235501263,0,0,16,0,0,0,0,0,0,0,0,0,0,0,0,0,0,0.0,0.0,0.0,0.11412454462659381,0.02038542315258335,1.0454259680159339e-08,1.0,52.67540983606557,0,16,0.10062893081761007,44.5625,44.5625,45.5625,2.92750754100964,0.0,0.0,0.0,0.0,0,0,True,0.0
2023-08-13,60.00000000190999,2.474401235470848,0,0,16,0,0,0,0,0,0,0,0,0,0,0,0,0,0,0.0,0.0,0.0,0.11556352459016395,0.02038542318299813,5.962785820656791e-09,1.0,52.78032786885245,0,16,0.10062893081761007,45.5625,45.5625,46.5625,2.9984677900252352,0.0,0.0,0.0,0.0,0,0,True,0.0
2023-08-14,60.000000001054794,2.4744012354537874,0,0,16,0,0,0,0,0,0,0,0,0,0,0,0,0,0,0.0,0.0,0.0,0.11700250455373407,0.020385423200058705,3.3771060022521246e-09,1.0,52.885245901639344,0,16,0.10062893081761007,46.5625,46.5625,47.5625,3.0711443344159743,0.0,0.0,0.0,0.0,0,0,True,0.0
2023-08-15,60.00000000057848,2.474401235444286,0,0,16,0,0,0,0,0,0,0,0,0,0,0,0,0,0,0.0,0.0,0.0,0.11844148451730419,0.020385423209559994,1.8992215207921013e-09,1.0,52.99016393442623,0,16,0.10062893081761007,47.5625,47.5625,48.5625,3.1455785032560306,0.0,0.0,0.0,0.0,0,0,True,0.0
2023-08-16,60.00000000031506,2.4744012354390317,0,0,16,0,0,0,0,0,0,0,0,0,0,0,0,0,0,0.0,0.0,0.0,0.11988046448087433,0.020385423214814458,1.0605442450165963e-09,1.0,53.09508196721312,0,16,0.10062893081761007,48.5625,48.5625,49.5625,3.221812611889618,0.0,0.0,0.0,0.0,0,0,True,0.0
2023-08-17,60.00000000017041,2.474401235436145,0,0,16,0,0,0,0,0,0,0,0,0,0,0,0,0,0,0.0,0.0,0.0,0.12131944444444445,0.020385423217701037,5.880777346571146e-10,1.0,53.2,0,16,0.10062893081761007,49.5625,49.5625,50.5625,3.299889985027743,0.0,0.0,0.0,0.0,0,0,True,0.0
2023-08-18,60.00000000009153,2.4744012354345712,0,0,16,0,0,0,0,0,0,0,0,0,0,0,0,0,0,0.0,0.0,0.0,0.12275842440801457,0.02038542321927489,3.2382985182266566e-10,1.0,53.30491803278689,0,16,0.10062893081761007,50.5625,50.5625,51.5625,3.379854980364177,0.0,0.0,0.0,0.0,0,0,True,0.0
2023-08-19,60.00000000004882,2.474401235433719,0,0,16,0,0,0,0,0,0,0,0,0,0,0,0,0,0,0.0,0.0,0.0,0.12419740437158469,0.020385423220127097,1.770879739145433e-10,1.0,53.40983606557377,0,16,0.10062893081761007,51.5625,51.5625,52.5625,3.4617530127212612,0.0,0.0,0.0,0.0,0,0,True,0.0
2023-08-20,60.000000000025864,2.4744012354332616,0,0,16,0,0,0,0,0,0,0,0,0,0,0,0,0,0,0.0,0.0,0.0,0.12563638433515484,0.02038542322058451,9.611570798521522e-11,1.0,53.514754098360655,0,16,0.10062893081761007,52.5625,52.5625,53.5625,3.5456305787362816,0.0,0.0,0.0,0.0,0,0,True,0.0
2023-08-21,60.00000000001361,2.4744012354330174,0,0,16,0,0,0,0,0,0,0,0,0,0,0,0,0,0,0.0,0.0,0.0,0.12707536429872496,0.020385423220828758,5.179560484217897e-11,1.0,53.61967213114754,0,16,0.10062893081761007,53.5625,53.5625,54.5625,3.6315352820993376,0.0,0.0,0.0,0.0,0,0,True,0.0
2023-08-22,60.000000000007105,2.474401235432887,0,0,16,0,0,0,0,0,0,0,0,0,0,0,0,0,0,0.0,0.0,0.0,0.12851434426229508,0.02038542322095932,2.7740772641967244e-11,1.0,53.72459016393442,0,16,0.10062893081761007,54.5625,54.5625,55.5625,3.7195158593537787,0.0,0.0,0.0,0.0,0,0,True,0.0
2023-08-23,60.00000000000369,2.4744012354328184,0,0,16,0,0,0,0,0,0,0,0,0,0,0,0,0,0,0.0,0.0,0.0,0.12995332422586522,0.02038542322102771,1.4773367714345415e-11,1.0,53.82950819672131,0,16,0.10062893081761007,55.5625,55.5625,56.5625,3.8096222062704364,0.0,0.0,0.0,0.0,0,0,True,0.0
2023-08-24,60.0000000000019,2.4744012354327842,0,0,16,0,0,0,0,0,0,0,0,0,0,0,0,0,0,0.0,0.0,0.0,0.13139230418943537,0.020385423221061905,7.771561172376096e-12,1.0,53.93442622950819,0,16,0.10062893081761007,56.5625,56.5625,57.5625,3.901905404807041,0.0,0.0,0.0,0.0,0,0,True,0.0
2023-08-25,60.00000000000097,2.4744012354327665,0,0,16,0,0,0,0,0,0,0,0,0,0,0,0,0,0,0.0,0.0,0.0,0.1328312841530055,0.020385423221079668,4.0116058623122326e-12,1.0,54.03934426229508,0,16,0.10062893081761007,57.5625,57.5625,58.5625,3.9964177506643694,0.0,0.0,0.0,0.0,0,0,True,0.0
2023-08-26,60.0000000000005,2.474401235432757,0,0,16,0,0,0,0,0,0,0,0,0,0,0,0,0,0,0.0,0.0,0.0,0.1342702641165756,0.020385423221088994,2.042810365310288e-12,1.0,54.144262295081965,0,16,0.10062893081761007,58.5625,58.5625,59.5625,4.093212781450819,0.0,0.0,0.0,0.0,0,0,True,0.0
2023-08-27,60.00000000000025,2.474401235432752,0,0,16,0,0,0,0,0,0,0,0,0,0,0,0,0,0,0.0,0.0,0.0,0.13570924408014573,0.020385423221094323,1.080617077301819e-12,1.0,54.24918032786886,0,16,0.10062893081761007,59.5625,59.5625,60.5625,4.192345305467252,0.0,0.0,0.0,0.0,0,0,True,0.0
2023-08-28,60.00000000000013,2.474401235432749,0,0,16,0,0,0,0,0,0,0,0,0,0,0,0,0,0,0.0,0.0,0.0,0.13714822404371585,0.020385423221096988,5.773159728050814e-13,1.0,54.35409836065574,0,16,0.10062893081761007,60.5625,60.5625,61.5625,4.293871431124117,0.0,0.0,0.0,0.0,0,0,True,0.0
2023-08-29,60.000000000000064,2.474401235432749,0,0,16,0,0,0,0,0,0,0,0,0,0,0,0,0,0,0.0,0.0,0.0,0.13858720400728597,0.020385423221096988,2.6645352591003757e-13,1.0,54.459016393442624,0,16,0.10062893081761007,61.5625,61.5625,62.5625,4.397848597002975,0.0,0.0,0.0,0.0,0,0,True,0.0
2023-08-30,60.00000000000003,2.474401235432749,0,0,16,0,0,0,0,0,0,0,0,0,0,0,0,0,0,0.0,0.0,0.0,0.14002618397085612,0.020385423221096988,8.881784197001252e-14,1.0,54.56393442622951,0,16,0.10062893081761007,62.5625,62.5625,63.5625,4.504335602574724,0.0,0.0,0.0,0.0,0,0,True,0.0
2023-08-31,60.000000000000014,2.4744012354327474,0,0,16,0,0,0,0,0,0,0,0,0,0,0,0,0,0,0.0,0.0,0.0,0.14146516393442626,0.020385423221098764,5.921189464667502e-14,1.0,54.66885245901639,0,16,0.10062893081761007,63.5625,63.5625,64.5625,4.61339263958695,0.0,0.0,0.0,0.0,0,0,True,0.0
2023-09-01,60.00000000000001,2.4744012354327465,0,0,16,0,0,0,0,0,0,0,0,0,0,0,0,0,0,0.0,0.0,0.0,0.14290414389799638,0.020385423221099652,8.881784197001252e-14,1.0,54.773770491803276,0,16,0.10062893081761007,64.5625,64.5625,65.5625,4.725081324132934,0.0,0.0,0.0,0.0,0,0,True,0.0
2023-09-02,60.00000000000001,2.4744012354327465,0,0,16,0,0,0,0,0,0,0,0,0,0,0,0,0,0,0.0,0.0,0.0,0.1443431238615665,0.020385423221099652,8.881784197001252e-14,1.0,54.87868852459016,0,16,0.10062893081761007,65.5625,65.5625,66.5625,4.839464729415049,0.0,0.0,0.0,0.0,0,0,True,0.0
2023-09-03,60.0,2.474401235432747,0,0,16,0,0,0,0,0,0,0,0,0,0,0,0,0,0,0.0,0.0,0.0,0.14578210382513662,0.020385423221099208,2.960594732333751e-14,1.0,54.983606557377044,0,16,0.10062893081761007,66.5625,66.5625,67.5625,4.956607419215306,0.0,0.0,0.0,0.0,0,0,True,0.0
2023-09-04,60.0,2.474401235432747,0,0,16,0,0,0,0,0,0,0,0,0,0,0,0,0,0,0.0,0.0,0.0,0.14722108378870674,0.020385423221099208,-0.0,1.0,55.08852459016393,0,16,0.10062893081761007,67.5625,67.5625,68.5625,5.076575482086024,0.0,0.0,0.0,0.0,0,0,True,0.0
2023-09-05,60.0,2.474401235432747,0,0,16,0,0,0,0,0,0,0,0,0,0,0,0,0,0,0.0,0.0,0.0,0.14866006375227686,0.020385423221099208,-0.0,1.0,55.19344262295082,0,16,0.10062893081761007,68.5625,68.5625,69.5625,5.1994365662736515,0.0,0.0,0.0,0.0,0,0,True,0.0
2023-09-06,60.0,2.474401235432747,0,0,16,0,0,0,0,0,0,0,0,0,0,0,0,0,0,0.0,0.0,0.0,0.150099043715847,0.020385423221099208,-0.0,1.0,55.2983606557377,0,16,0.10062893081761007,69.5625,69.5625,70.5625,5.325259915388887,0.0,0.0,0.0,0.0,0,0,True,0.0
2023-09-07,60.0,2.474401235432747,0,2,14,2,0,0,0,0,0,0,0,0,0,0,0,0,0,0.0,0.0,0.0,0.15153802367941716,0.020385423221099208,-0.0,1.0,55.403278688524594,0,16,0.10062893081761007,70.5625,70.5625,70.35714285714286,5.454116404836365,0.0,0.0,0.0,0.0,0,0,True,0.0
2023-09-08,60.0,2.474401235432747,0,0,14,2,0,0,0,0,0,0,0,0,0,0,0,0,0,0.0,0.0,0.0,0.15297700364298727,0.020385423221099208,-0.0,1.0,55.50819672131148,0,16,0.10062893081761007,71.5625,71.5625,71.35714285714286,5.5860785790172445,0.0,0.0,0.0,0.0,0,0,True,0.0
2023-09-09,60.0,2.474401235432747,0,0,14,2,0,0,0,0,0,0,0,0,0,0,0,0,0,0.0,0.0,0.0,0.1544159836065574,0.020385423221099208,-0.0,1.0,55.61311475409836,0,16,0.10062893081761007,72.5625,72.5625,72.35714285714286,5.721220689318134,0.0,0.0,0.0,0.0,0,0,True,0.0
2023-09-10,60.0,2.474401235432747,0,0,14,2,0,0,0,0,0,0,0,0,0,0,0,0,0,0.0,0.0,0.0,0.1558549635701275,0.020385423221099208,-0.0,1.0,55.718032786885246,0,16,0.10062893081761007,73.5625,73.5625,73.35714285714286,5.859618732899858,0.0,0.0,0.0,0.0,0,0,True,0.0
2023-09-11,60.0,2.474401235432747,0,0,14,2,0,0,0,0,0,0,0,0,0,0,0,0,0,0.0,0.0,0.0,0.15729394353369763,0.020385423221099208,-0.0,1.0,55.82295081967213,0,16,0.10062893081761007,74.5625,74.5625,74.35714285714286,6.00135049229964,0.0,0.0,0.0,0.0,0,0,True,0.0
2023-09-12,60.0,2.474401235432747,0,0,14,2,0,0,0,0,0,0,0,0,0,0,0,0,0,0.0,0.0,0.0,0.15873292349726778,0.020385423221099208,-0.0,1.0,55.927868852459014,0,16,0.10062893081761007,75.5625,75.5625,75.35714285714286,6.146495575860307,0.0,0.0,0.0,0.0,0,0,True,0.0
2023-09-13,60.0,2.474401235432747,0,2,12,4,0,0,0,0,0,0,0,0,0,0,0,0,0,0.0,0.0,0.0,0.16017190346083793,0.020385423221099208,-0.0,1.0,56.0327868852459,0,16,0.10062893081761007,76.5625,76.5625,75.75,6.295135459000232,0.0,0.0,0.0,0.0,0,0,True,0.0
2023-09-14,60.0,2.474401235432747,0,3,9,7,0,0,0,0,0,0,0,0,0,0,0,0,0,0.0,0.0,0.0,0.16161088342440805,0.020385423221099208,-0.0,1.0,56.13770491803278,0,16,0.10062893081761007,77.5625,77.5625,75.66666666666667,6.447353526337664,0.0,0.0,0.0,0.0,0,0,True,0.0
2023-09-15,60.0,2.474401235432747,0,2,7,9,0,0,0,0,0,0,0,0,0,0,0,0,0,0.0,0.0,0.0,0.16304986338797817,0.020385423221099208,-0.0,1.0,56.242622950819666,0,16,0.10062893081761007,78.5625,78.5625,75.71428571428571,6.603235114683205,0.0,0.0,0.0,0.0,0,0,True,0.0
2023-09-16,60.0,2.474401235432747,0,1,6,10,0,0,0,0,0,0,0,0,0,0,0,0,0,0.0,0.0,0.0,0.1644888433515483,0.020385423221099208,-0.0,1.0,56.34754098360656,0,16,0.10062893081761007,79.5625,79.5625,76.16666666666667,6.762867556914153,0.0,0.0,0.0,0.0,0,0,True,0.0
2023-09-17,60.0,2.474401235432747,0,2,4,12,0,0,0,0,0,0,0,0,0,0,0,0,0,0.0,0.0,0.0,0.1659278233151184,0.020385423221099208,-0.0,1.0,56.45245901639344,0,16,0.10062893081761007,80.5625,80.5625,75.75,6.926340226744422,0.0,0.0,0.0,0.0,0,0,True,0.0
2023-09-18,60.0,2.474401235432747,0,1,3,13,0,0,0,0,0,0,0,0,0,0,0,0,0,0.0,0.0,0.0,0.16736680327868853,0.020385423221099208,-0.0,1.0,56.55737704918033,0,16,0.10062893081761007,81.5625,81.5625,75.66666666666667,7.093744584403742,0.0,0.0,0.0,0.0,0,0,True,0.0
2023-09-19,60.0,2.474401235432747,0,0,3,13,0,0,0,0,0,0,0,0,0,0,0,0,0,0.0,0.0,0.0,0.16880578324225867,0.020385423221099208,-0.0,1.0,56.662295081967216,0,16,0.10062893081761007,82.5625,82.5625,76.66666666666667,7.2651742232397964,0.0,0.0,0.0,0.0,0,0,True,0.0
2023-09-20,60.0,2.474401235432747,0,1,2,14,0,0,0,0,0,0,0,0,0,0,0,0,0,0.0,0.0,0.0,0.17024476320582882,0.020385423221099208,-0.0,1.0,56.7672131147541,0,16,0.10062893081761007,83.5625,83.5625,76.5,7.440724917256878,0.0,0.0,0.0,0.0,0,0,True,0.0
2023-09-21,60.0,2.474401235432747,0,1,1,15,0,0,0,0,0,0,0,0,0,0,0,0,0,0.0,0.0,0.0,0.17168374316939894,0.020385423221099208,-0.0,1.0,56.87213114754098,0,16,0.10062893081761007,84.5625,84.5625,75.0,7.620494669604591,0.0,0.0,0.0,0.0,0,0,True,0.0
2023-09-22,60.0,2.474401235432747,0,0,1,15,0,0,0,0,0,0,0,0,0,0,0,0,0,0.0,0.0,0.0,0.17312272313296906,0.020385423221099208,-0.0,1.0,56.97704918032787,0,16,0.10062893081761007,85.5625,85.5625,76.0,7.804583762030026,0.0,0.0,0.0,0.0,0,0,True,0.0
2023-09-23,60.0,2.474401235432747,0,0,1,15,0,0,0,0,0,0,0,0,0,0,0,0,0,0.0,0.0,0.0,0.17456170309653918,0.020385423221099208,-0.0,1.0,57.08196721311475,0,16,0.10062893081761007,86.5625,86.5625,77.0,7.993094805306681,0.0,0.0,0.0,0.0,0,0,True,0.0
2023-09-24,60.0,2.474401235432747,0,0,1,15,0,0,0,0,0,0,0,0,0,0,0,0,0,0.0,0.0,0.0,0.1760006830601093,0.020385423221099208,-0.0,1.0,57.186885245901635,0,16,0.10062893081761007,87.5625,87.5625,78.0,8.186132790653318,0.0,0.0,0.0,0.0,0,0,True,0.0
2023-09-25,60.0,2.474401235432747,0,0,1,15,0,0,0,0,0,0,0,0,0,0,0,0,0,0.0,0.0,0.0,0.17743966302367942,0.020385423221099208,-0.0,1.0,57.29180327868852,0,16,0.10062893081761007,88.5625,88.5625,79.0,8.383805142155715,0.0,0.0,0.0,0.0,0,0,True,0.0
2023-09-26,60.0,2.474401235432747,0,1,0,16,0,0,0,0,0,0,0,0,0,0,0,0,0,0.0,0.0,0.0,0.1788786429872496,0.020385423221099208,-0.0,1.0,57.3967213114754,0,16,0.10062893081761007,89.5625,89.5625,0.0,8.586221770204155,0.0,0.0,0.0,0.0,0,0,True,0.0
2023-09-27,60.0,2.474401235432747,0,0,0,16,0,0,0,0,0,0,0,0,0,0,0,0,0,0.0,0.0,0.0,0.1803176229508197,0.020385423221099208,-0.0,1.0,57.501639344262294,0,16,0.10062893081761007,90.5625,90.5625,0.0,8.79349512595919,0.0,0.0,0.0,0.0,0,0,True,0.0
2023-09-28,60.0,2.474401235432747,0,0,0,16,0,0,0,0,0,0,0,0,0,0,0,0,0,0.0,0.0,0.0,0.18175660291438983,0.020385423221099208,-0.0,1.0,57.60655737704918,0,16,0.10062893081761007,91.5625,91.5625,0.0,9.005740256858033,0.0,0.0,0.0,0.0,0,0,True,0.0
2023-09-29,60.0,2.474401235432747,0,0,0,16,0,0,0,0,0,0,0,0,0,0,0,0,0,0.0,0.0,0.0,0.18319558287795995,0.020385423221099208,-0.0,1.0,57.71147540983607,0,16,0.10062893081761007,92.5625,92.5625,0.0,9.223074863173672,0.0,0.0,0.0,0.0,0,0,True,0.0
2023-09-30,60.0,2.474401235432747,0,0,0,16,0,0,0,0,0,0,0,0,0,0,0,0,0,0.0,0.0,0.0,0.18463456284153007,0.020385423221099208,-0.0,1.0,57.81639344262295,0,16,0.10062893081761007,93.5625,93.5625,0.0,9.445619355638371,0.0,0.0,0.0,0.0,0,0,True,0.0
2023-10-01,60.0,2.474401235432747,0,0,0,16,0,0,0,0,0,0,0,0,0,0,0,0,0,0.0,0.0,0.0,0.18463456284153007,0.020385423221099208,-0.0,1.0,57.81639344262295,0,16,0.10062893081761007,94.5625,93.5625,0.0,9.445619355638371,0.0,0.0,0.0,0.0,0,0,True,0.0
2023-10-02,60.0,2.474401235432747,0,0,0,16,0,0,0,0,0,0,0,0,0,0,0,0,0,0.0,0.0,0.0,0.18463456284153007,0.020385423221099208,-0.0,1.0,57.81639344262295,0,16,0.10062893081761007,95.5625,93.5625,0.0,9.445619355638371,0.0,0.0,0.0,0.0,0,0,True,0.0
2023-10-03,60.0,2.474401235432747,0,0,0,16,0,0,0,0,0,0,0,0,0,0,0,0,0,0.0,0.0,0.0,0.18463456284153007,0.020385423221099208,-0.0,1.0,57.81639344262295,0,16,0.10062893081761007,96.5625,93.5625,0.0,9.445619355638371,0.0,0.0,0.0,0.0,0,0,True,0.0
2023-10-04,60.0,2.474401235432747,0,0,0,16,0,0,0,0,0,0,0,0,0,0,0,0,0,0.0,0.0,0.0,0.18463456284153007,0.020385423221099208,-0.0,1.0,57.81639344262295,0,16,0.10062893081761007,97.5625,93.5625,0.0,9.445619355638371,0.0,0.0,0.0,0.0,0,0,True,0.0
2023-10-05,60.0,2.474401235432747,0,0,0,16,0,0,0,0,0,0,0,0,0,0,0,0,0,0.0,0.0,0.0,0.18463456284153007,0.020385423221099208,-0.0,1.0,57.81639344262295,0,16,0.10062893081761007,98.5625,93.5625,0.0,9.445619355638371,0.0,0.0,0.0,0.0,0,0,True,0.0
2023-10-06,60.0,2.474401235432747,0,0,0,16,0,0,0,0,0,0,0,0,0,0,0,0,0,0.0,0.0,0.0,0.18463456284153007,0.020385423221099208,-0.0,1.0,57.81639344262295,0,16,0.10062893081761007,99.5625,93.5625,0.0,9.445619355638371,0.0,0.0,0.0,0.0,0,0,True,0.0
2023-10-07,60.0,2.474401235432747,0,0,0,16,0,0,0,0,0,0,0,0,0,0,0,0,0,0.0,0.0,0.0,0.18463456284153007,0.020385423221099208,-0.0,1.0,57.81639344262295,0,16,0.10062893081761007,100.5625,93.5625,0.0,9.445619355638371,0.0,0.0,0.0,0.0,0,0,True,0.0
2023-10-08,60.0,2.474401235432747,0,0,0,16,0,0,0,0,0,0,0,0,0,0,0,0,0,0.0,0.0,0.0,0.18463456284153007,0.020385423221099208,-0.0,1.0,57.81639344262295,0,16,0.10062893081761007,101.5625,93.5625,0.0,9.445619355638371,0.0,0.0,0.0,0.0,0,0,True,0.0
2023-10-09,60.0,2.474401235432747,0,0,0,16,0,0,0,0,0,0,0,0,0,0,0,0,0,0.0,0.0,0.0,0.18463456284153007,0.020385423221099208,-0.0,1.0,57.81639344262295,0,16,0.10062893081761007,102.5625,93.5625,0.0,9.445619355638371,0.0,0.0,0.0,0.0,0,0,True,0.0
2023-10-10,60.0,2.474401235432747,0,0,0,16,0,0,0,0,0,0,0,0,0,0,0,0,0,0.0,0.0,0.0,0.18463456284153007,0.020385423221099208,-0.0,1.0,57.81639344262295,0,16,0.10062893081761007,103.5625,93.5625,0.0,9.445619355638371,0.0,0.0,0.0,0.0,0,0,True,0.0
2023-10-11,60.0,2.474401235432747,0,0,0,16,0,0,0,0,0,0,0,0,0,0,0,0,0,0.0,0.0,0.0,0.18463456284153007,0.020385423221099208,-0.0,1.0,57.81639344262295,0,16,0.10062893081761007,104.5625,93.5625,0.0,9.445619355638371,0.0,0.0,0.0,0.0,0,0,True,0.0
2023-10-12,60.0,2.474401235432747,0,0,0,16,0,0,0,0,0,0,0,0,0,0,0,0,0,0.0,0.0,0.0,0.18463456284153007,0.020385423221099208,-0.0,1.0,57.81639344262295,0,16,0.10062893081761007,105.5625,93.5625,0.0,9.445619355638371,0.0,0.0,0.0,0.0,0,0,True,0.0
2023-10-13,60.0,2.474401235432747,0,0,0,16,0,0,0,0,0,0,0,0,0,0,0,0,0,0.0,0.0,0.0,0.18463456284153007,0.020385423221099208,-0.0,1.0,57.81639344262295,0,16,0.10062893081761007,106.5625,93.5625,0.0,9.445619355638371,0.0,0.0,0.0,0.0,0,0,True,0.0
2023-10-14,60.0,2.474401235432747,0,0,0,16,0,0,0,0,0,0,0,0,0,0,0,0,0,0.0,0.0,0.0,0.18463456284153007,0.020385423221099208,-0.0,1.0,57.81639344262295,0,16,0.10062893081761007,107.5625,93.5625,0.0,9.445619355638371,0.0,0.0,0.0,0.0,0,0,True,0.0
2023-10-15,60.0,2.474401235432747,0,0,0,16,0,0,0,0,0,0,0,0,0,0,0,0,0,0.0,0.0,0.0,0.18463456284153007,0.020385423221099208,-0.0,1.0,57.81639344262295,0,16,0.10062893081761007,108.5625,93.5625,0.0,9.445619355638371,0.0,0.0,0.0,0.0,0,0,True,0.0
2023-10-16,60.0,2.474401235432747,0,0,0,16,0,0,0,0,0,0,0,0,0,0,0,0,0,0.0,0.0,0.0,0.18463456284153007,0.020385423221099208,-0.0,1.0,57.81639344262295,0,16,0.10062893081761007,109.5625,93.5625,0.0,9.445619355638371,0.0,0.0,0.0,0.0,0,0,True,0.0
2023-10-17,60.0,2.474401235432747,0,0,0,16,0,0,0,0,0,0,0,0,0,0,0,0,0,0.0,0.0,0.0,0.18463456284153007,0.020385423221099208,-0.0,1.0,57.81639344262295,0,16,0.10062893081761007,110.5625,93.5625,0.0,9.445619355638371,0.0,0.0,0.0,0.0,0,0,True,0.0
2023-10-18,60.0,2.474401235432747,0,0,0,16,0,0,0,0,0,0,0,0,0,0,0,0,0,0.0,0.0,0.0,0.18463456284153007,0.020385423221099208,-0.0,1.0,57.81639344262295,0,16,0.10062893081761007,111.5625,93.5625,0.0,9.445619355638371,0.0,0.0,0.0,0.0,0,0,True,0.0
2023-10-19,60.0,2.474401235432747,0,0,0,16,0,0,0,0,0,0,0,0,0,0,0,0,0,0.0,0.0,0.0,0.18463456284153007,0.020385423221099208,-0.0,1.0,57.81639344262295,0,16,0.10062893081761007,112.5625,93.5625,0.0,9.445619355638371,0.0,0.0,0.0,0.0,0,0,True,0.0
2023-10-20,60.0,2.474401235432747,0,0,0,16,0,0,0,0,0,0,0,0,0,0,0,0,0,0.0,0.0,0.0,0.18463456284153007,0.020385423221099208,-0.0,1.0,57.81639344262295,0,16,0.10062893081761007,113.5625,93.5625,0.0,9.445619355638371,0.0,0.0,0.0,0.0,0,0,True,0.0
2023-10-21,60.0,2.474401235432747,0,0,0,16,0,0,0,0,0,0,0,0,0,0,0,0,0,0.0,0.0,0.0,0.18463456284153007,0.020385423221099208,-0.0,1.0,57.81639344262295,0,16,0.10062893081761007,114.5625,93.5625,0.0,9.445619355638371,0.0,0.0,0.0,0.0,0,0,True,0.0
2023-10-22,60.0,2.474401235432747,0,0,0,16,0,0,0,0,0,0,0,0,0,0,0,0,0,0.0,0.0,0.0,0.18463456284153007,0.020385423221099208,-0.0,1.0,57.81639344262295,0,16,0.10062893081761007,115.5625,93.5625,0.0,9.445619355638371,0.0,0.0,0.0,0.0,0,0,True,0.0
2023-10-23,60.0,2.474401235432747,0,0,0,16,0,0,0,0,0,0,0,0,0,0,0,0,0,0.0,0.0,0.0,0.18463456284153007,0.020385423221099208,-0.0,1.0,57.81639344262295,0,16,0.10062893081761007,116.5625,93.5625,0.0,9.445619355638371,0.0,0.0,0.0,0.0,0,0,True,0.0
2023-10-24,60.0,2.474401235432747,0,0,0,16,0,0,0,0,0,0,0,0,0,0,0,0,0,0.0,0.0,0.0,0.18463456284153007,0.020385423221099208,-0.0,1.0,57.81639344262295,0,16,0.10062893081761007,117.5625,93.5625,0.0,9.445619355638371,0.0,0.0,0.0,0.0,0,0,True,0.0
2023-10-25,60.0,2.474401235432747,0,0,0,16,0,0,0,0,0,0,0,0,0,0,0,0,0,0.0,0.0,0.0,0.18463456284153007,0.020385423221099208,-0.0,1.0,57.81639344262295,0,16,0.10062893081761007,118.5625,93.5625,0.0,9.445619355638371,0.0,0.0,0.0,0.0,0,0,True,0.0
2023-10-26,60.0,2.474401235432747,0,0,0,16,0,0,0,0,0,0,0,0,0,0,0,0,0,0.0,0.0,0.0,0.18463456284153007,0.020385423221099208,-0.0,1.0,57.81639344262295,0,16,0.10062893081761007,119.5625,93.5625,0.0,9.445619355638371,0.0,0.0,0.0,0.0,0,0,True,0.0
2023-10-27,60.0,2.474401235432747,0,0,0,16,0,0,0,0,0,0,0,0,0,0,0,0,0,0.0,0.0,0.0,0.18463456284153007,0.020385423221099208,-0.0,1.0,57.81639344262295,0,16,0.10062893081761007,120.5625,93.5625,0.0,9.445619355638371,0.0,0.0,0.0,0.0,0,0,True,0.0
2023-10-28,60.0,2.474401235432747,0,0,0,16,0,0,0,0,0,0,0,0,0,0,0,0,0,0.0,0.0,0.0,0.18463456284153007,0.020385423221099208,-0.0,1.0,57.81639344262295,0,16,0.10062893081761007,121.5625,93.5625,0.0,9.445619355638371,0.0,0.0,0.0,0.0,0,0,True,0.0
2023-10-29,60.0,2.474401235432747,0,0,0,16,0,0,0,0,0,0,0,0,0,0,0,0,0,0.0,0.0,0.0,0.18463456284153007,0.020385423221099208,-0.0,1.0,57.81639344262295,0,16,0.10062893081761007,122.5625,93.5625,0.0,9.445619355638371,0.0,0.0,0.0,0.0,0,0,True,0.0
2023-10-30,60.0,2.474401235432747,0,0,0,16,0,0,0,0,0,0,0,0,0,0,0,0,0,0.0,0.0,0.0,0.18463456284153007,0.020385423221099208,-0.0,1.0,57.81639344262295,0,16,0.10062893081761007,123.5625,93.5625,0.0,9.445619355638371,0.0,0.0,0.0,0.0,0,0,True,0.0
2023-10-31,60.0,2.474401235432747,0,0,0,16,0,0,0,0,0,0,0,0,0,0,0,0,0,0.0,0.0,0.0,0.18463456284153007,0.020385423221099208,-0.0,1.0,57.81639344262295,0,16,0.10062893081761007,124.5625,93.5625,0.0,9.445619355638371,0.0,0.0,0.0,0.0,0,0,True,0.0
2023-11-01,60.0,2.474401235432747,0,0,0,16,0,0,0,0,0,0,0,0,0,0,0,0,0,0.0,0.0,0.0,0.18463456284153007,0.020385423221099208,-0.0,1.0,57.81639344262295,0,16,0.10062893081761007,125.5625,93.5625,0.0,9.445619355638371,0.0,0.0,0.0,0.0,0,0,True,0.0
2023-11-02,60.0,2.474401235432747,0,0,0,16,0,0,0,0,0,0,0,0,0,0,0,0,0,0.0,0.0,0.0,0.18463456284153007,0.020385423221099208,-0.0,1.0,57.81639344262295,0,16,0.10062893081761007,126.5625,93.5625,0.0,9.445619355638371,0.0,0.0,0.0,0.0,0,0,True,0.0
2023-11-03,60.0,2.474401235432747,0,0,0,16,0,0,0,0,0,0,0,0,0,0,0,0,0,0.0,0.0,0.0,0.18463456284153007,0.020385423221099208,-0.0,1.0,57.81639344262295,0,16,0.10062893081761007,127.5625,93.5625,0.0,9.445619355638371,0.0,0.0,0.0,0.0,0,0,True,0.0
2023-11-04,60.0,2.474401235432747,0,0,0,16,0,0,0,0,0,0,0,0,0,0,0,0,0,0.0,0.0,0.0,0.18463456284153007,0.020385423221099208,-0.0,1.0,57.81639344262295,0,16,0.10062893081761007,128.5625,93.5625,0.0,9.445619355638371,0.0,0.0,0.0,0.0,0,0,True,0.0
2023-11-05,60.0,2.474401235432747,0,0,0,16,0,0,0,0,0,0,0,0,0,0,0,0,0,0.0,0.0,0.0,0.18463456284153007,0.020385423221099208,-0.0,1.0,57.81639344262295,0,16,0.10062893081761007,129.5625,93.5625,0.0,9.445619355638371,0.0,0.0,0.0,0.0,0,0,True,0.0
2023-11-06,60.0,2.474401235432747,0,0,0,16,0,0,0,0,0,0,0,0,0,0,0,0,0,0.0,0.0,0.0,0.18463456284153007,0.020385423221099208,-0.0,1.0,57.81639344262295,0,16,0.10062893081761007,130.5625,93.5625,0.0,9.445619355638371,0.0,0.0,0.0,0.0,0,0,True,0.0
2023-11-07,60.0,2.474401235432747,0,0,0,16,0,0,0,0,0,0,0,0,0,0,0,0,0,0.0,0.0,0.0,0.18463456284153007,0.020385423221099208,-0.0,1.0,57.81639344262295,0,16,0.10062893081761007,131.5625,93.5625,0.0,9.445619355638371,0.0,0.0,0.0,0.0,0,0,True,0.0
2023-11-08,60.0,2.474401235432747,0,0,0,16,0,0,0,0,0,0,0,0,0,0,0,0,0,0.0,0.0,0.0,0.18463456284153007,0.020385423221099208,-0.0,1.0,57.81639344262295,0,16,0.10062893081761007,132.5625,93.5625,0.0,9.445619355638371,0.0,0.0,0.0,0.0,0,0,True,0.0
2023-11-09,60.0,2.474401235432747,0,0,0,16,0,0,0,0,0,0,0,0,0,0,0,0,0,0.0,0.0,0.0,0.18463456284153007,0.020385423221099208,-0.0,1.0,57.81639344262295,0,16,0.10062893081761007,133.5625,93.5625,0.0,9.445619355638371,0.0,0.0,0.0,0.0,0,0,True,0.0
2023-11-10,60.0,2.474401235432747,0,0,0,16,0,0,0,0,0,0,0,0,0,0,0,0,0,0.0,0.0,0.0,0.18463456284153007,0.020385423221099208,-0.0,1.0,57.81639344262295,0,16,0.10062893081761007,134.5625,93.5625,0.0,9.445619355638371,0.0,0.0,0.0,0.0,0,0,True,0.0
2023-11-11,60.0,2.474401235432747,0,0,0,16,0,0,0,0,0,0,0,0,0,0,0,0,0,0.0,0.0,0.0,0.18463456284153007,0.020385423221099208,-0.0,1.0,57.81639344262295,0,16,0.10062893081761007,135.5625,93.5625,0.0,9.445619355638371,0.0,0.0,0.0,0.0,0,0,True,0.0
2023-11-12,60.0,2.474401235432747,0,0,0,16,0,0,0,0,0,0,0,0,0,0,0,0,0,0.0,0.0,0.0,0.18463456284153007,0.020385423221099208,-0.0,1.0,57.81639344262295,0,16,0.10062893081761007,136.5625,93.5625,0.0,9.445619355638371,0.0,0.0,0.0,0.0,0,0,True,0.0
2023-11-13,60.0,2.474401235432747,0,0,0,16,0,0,0,0,0,0,0,0,0,0,0,0,0,0.0,0.0,0.0,0.18463456284153007,0.020385423221099208,-0.0,1.0,57.81639344262295,0,16,0.10062893081761007,137.5625,93.5625,0.0,9.445619355638371,0.0,0.0,0.0,0.0,0,0,True,0.0
2023-11-14,60.0,2.474401235432747,0,0,0,16,0,0,0,0,0,0,0,0,0,0,0,0,0,0.0,0.0,0.0,0.18463456284153007,0.020385423221099208,-0.0,1.0,57.81639344262295,0,16,0.10062893081761007,138.5625,93.5625,0.0,9.445619355638371,0.0,0.0,0.0,0.0,0,0,True,0.0
2023-11-15,60.0,2.474401235432747,0,0,0,16,0,0,0,0,0,0,0,0,0,0,0,0,0,0.0,0.0,0.0,0.18463456284153007,0.020385423221099208,-0.0,1.0,57.81639344262295,0,16,0.10062893081761007,139.5625,93.5625,0.0,9.445619355638371,0.0,0.0,0.0,0.0,0,0,True,0.0
2023-11-16,60.0,2.474401235432747,0,0,0,16,0,0,0,0,0,0,0,0,0,0,0,0,0,0.0,0.0,0.0,0.18463456284153007,0.020385423221099208,-0.0,1.0,57.81639344262295,0,16,0.10062893081761007,140.5625,93.5625,0.0,9.445619355638371,0.0,0.0,0.0,0.0,0,0,True,0.0
2023-11-17,60.0,2.474401235432747,0,0,0,16,0,0,0,0,0,0,0,0,0,0,0,0,0,0.0,0.0,0.0,0.18463456284153007,0.020385423221099208,-0.0,1.0,57.81639344262295,0,16,0.10062893081761007,141.5625,93.5625,0.0,9.445619355638371,0.0,0.0,0.0,0.0,0,0,True,0.0
2023-11-18,60.0,2.474401235432747,0,0,0,16,0,0,0,0,0,0,0,0,0,0,0,0,0,0.0,0.0,0.0,0.18463456284153007,0.020385423221099208,-0.0,1.0,57.81639344262295,0,16,0.10062893081761007,142.5625,93.5625,0.0,9.445619355638371,0.0,0.0,0.0,0.0,0,0,True,0.0
2023-11-19,60.0,2.474401235432747,0,0,0,16,0,0,0,0,0,0,0,0,0,0,0,0,0,0.0,0.0,0.0,0.18463456284153007,0.020385423221099208,-0.0,1.0,57.81639344262295,0,16,0.10062893081761007,143.5625,93.5625,0.0,9.445619355638371,0.0,0.0,0.0,0.0,0,0,True,0.0
2023-11-20,60.0,2.474401235432747,0,0,0,16,0,0,0,0,0,0,0,0,0,0,0,0,0,0.0,0.0,0.0,0.18463456284153007,0.020385423221099208,-0.0,1.0,57.81639344262295,0,16,0.10062893081761007,144.5625,93.5625,0.0,9.445619355638371,0.0,0.0,0.0,0.0,0,0,True,0.0
2023-11-21,60.0,2.474401235432747,0,0,0,16,0,0,0,0,0,0,0,0,0,0,0,0,0,0.0,0.0,0.0,0.18463456284153007,0.020385423221099208,-0.0,1.0,57.81639344262295,0,16,0.10062893081761007,145.5625,93.5625,0.0,9.445619355638371,0.0,0.0,0.0,0.0,0,0,True,0.0
2023-11-22,60.0,2.474401235432747,0,0,0,16,0,0,0,0,0,0,0,0,0,0,0,0,0,0.0,0.0,0.0,0.18463456284153007,0.020385423221099208,-0.0,1.0,57.81639344262295,0,16,0.10062893081761007,146.5625,93.5625,0.0,9.445619355638371,0.0,0.0,0.0,0.0,0,0,True,0.0
2023-11-23,60.0,2.474401235432747,0,0,0,16,0,0,0,0,0,0,0,0,0,0,0,0,0,0.0,0.0,0.0,0.18463456284153007,0.020385423221099208,-0.0,1.0,57.81639344262295,0,16,0.10062893081761007,147.5625,93.5625,0.0,9.445619355638371,0.0,0.0,0.0,0.0,0,0,True,0.0
2023-11-24,60.0,2.474401235432747,0,0,0,16,0,0,0,0,0,0,0,0,0,0,0,0,0,0.0,0.0,0.0,0.18463456284153007,0.020385423221099208,-0.0,1.0,57.81639344262295,0,16,0.10062893081761007,148.5625,93.5625,0.0,9.445619355638371,0.0,0.0,0.0,0.0,0,0,True,0.0
2023-11-25,60.0,2.474401235432747,0,0,0,16,0,0,0,0,0,0,0,0,0,0,0,0,0,0.0,0.0,0.0,0.18463456284153007,0.020385423221099208,-0.0,1.0,57.81639344262295,0,16,0.10062893081761007,149.5625,93.5625,0.0,9.445619355638371,0.0,0.0,0.0,0.0,0,0,True,0.0
2023-11-26,60.0,2.474401235432747,0,0,0,16,0,0,0,0,0,0,0,0,0,0,0,0,0,0.0,0.0,0.0,0.18463456284153007,0.020385423221099208,-0.0,1.0,57.81639344262295,0,16,0.10062893081761007,150.5625,93.5625,0.0,9.445619355638371,0.0,0.0,0.0,0.0,0,0,True,0.0
2023-11-27,60.0,2.474401235432747,0,0,0,16,0,0,0,0,0,0,0,0,0,0,0,0,0,0.0,0.0,0.0,0.18463456284153007,0.020385423221099208,-0.0,1.0,57.81639344262295,0,16,0.10062893081761007,151.5625,93.5625,0.0,9.445619355638371,0.0,0.0,0.0,0.0,0,0,True,0.0
2023-11-28,60.0,2.474401235432747,0,0,0,16,0,0,0,0,0,0,0,0,0,0,0,0,0,0.0,0.0,0.0,0.18463456284153007,0.020385423221099208,-0.0,1.0,57.81639344262295,0,16,0.10062893081761007,152.5625,93.5625,0.0,9.445619355638371,0.0,0.0,0.0,0.0,0,0,True,0.0
2023-11-29,60.0,2.474401235432747,0,0,0,16,0,0,0,0,0,0,0,0,0,0,0,0,0,0.0,0.0,0.0,0.18463456284153007,0.020385423221099208,-0.0,1.0,57.81639344262295,0,16,0.10062893081761007,153.5625,93.5625,0.0,9.445619355638371,0.0,0.0,0.0,0.0,0,0,True,0.0
2023-11-30,60.0,2.474401235432747,0,0,0,16,0,0,0,0,0,0,0,0,0,0,0,0,0,0.0,0.0,0.0,0.18463456284153007,0.020385423221099208,-0.0,1.0,57.81639344262295,0,16,0.10062893081761007,154.5625,93.5625,0.0,9.445619355638371,0.0,0.0,0.0,0.0,0,0,True,0.0
2023-12-01,60.0,2.474401235432747,0,0,0,16,0,0,0,0,0,0,0,0,0,0,0,0,0,0.0,0.0,0.0,0.18463456284153007,0.020385423221099208,-0.0,1.0,57.81639344262295,0,16,0.10062893081761007,155.5625,93.5625,0.0,9.445619355638371,0.0,0.0,0.0,0.0,0,0,True,0.0
2023-12-02,60.0,2.474401235432747,0,0,0,16,0,0,0,0,0,0,0,0,0,0,0,0,0,0.0,0.0,0.0,0.18463456284153007,0.020385423221099208,-0.0,1.0,57.81639344262295,0,16,0.10062893081761007,156.5625,93.5625,0.0,9.445619355638371,0.0,0.0,0.0,0.0,0,0,True,0.0
2023-12-03,60.0,2.474401235432747,0,0,0,16,0,0,0,0,0,0,0,0,0,0,0,0,0,0.0,0.0,0.0,0.18463456284153007,0.020385423221099208,-0.0,1.0,57.81639344262295,0,16,0.10062893081761007,157.5625,93.5625,0.0,9.445619355638371,0.0,0.0,0.0,0.0,0,0,True,0.0
2023-12-04,60.0,2.474401235432747,0,0,0,16,0,0,0,0,0,0,0,0,0,0,0,0,0,0.0,0.0,0.0,0.18463456284153007,0.020385423221099208,-0.0,1.0,57.81639344262295,0,16,0.10062893081761007,158.5625,93.5625,0.0,9.445619355638371,0.0,0.0,0.0,0.0,0,0,True,0.0
2023-12-05,60.0,2.474401235432747,0,0,0,16,0,0,0,0,0,0,0,0,0,0,0,0,0,0.0,0.0,0.0,0.18463456284153007,0.020385423221099208,-0.0,1.0,57.81639344262295,0,16,0.10062893081761007,159.5625,93.5625,0.0,9.445619355638371,0.0,0.0,0.0,0.0,0,0,True,0.0
2023-12-06,60.0,2.474401235432747,0,0,0,16,0,0,0,0,0,0,0,0,0,0,0,0,0,0.0,0.0,0.0,0.18463456284153007,0.020385423221099208,-0.0,1.0,57.81639344262295,0,16,0.10062893081761007,160.5625,93.5625,0.0,9.445619355638371,0.0,0.0,0.0,0.0,0,0,True,0.0
2023-12-07,60.0,2.474401235432747,0,0,0,16,0,0,0,0,0,0,0,0,0,0,0,0,0,0.0,0.0,0.0,0.18463456284153007,0.020385423221099208,-0.0,1.0,57.81639344262295,0,16,0.10062893081761007,161.5625,93.5625,0.0,9.445619355638371,0.0,0.0,0.0,0.0,0,0,True,0.0
2023-12-08,60.0,2.474401235432747,0,0,0,16,0,0,0,0,0,0,0,0,0,0,0,0,0,0.0,0.0,0.0,0.18463456284153007,0.020385423221099208,-0.0,1.0,57.81639344262295,0,16,0.10062893081761007,162.5625,93.5625,0.0,9.445619355638371,0.0,0.0,0.0,0.0,0,0,True,0.0
2023-12-09,60.0,2.474401235432747,0,0,0,16,0,0,0,0,0,0,0,0,0,0,0,0,0,0.0,0.0,0.0,0.18463456284153007,0.020385423221099208,-0.0,1.0,57.81639344262295,0,16,0.10062893081761007,163.5625,93.5625,0.0,9.445619355638371,0.0,0.0,0.0,0.0,0,0,True,0.0
2023-12-10,60.0,2.474401235432747,0,0,0,16,0,0,0,0,0,0,0,0,0,0,0,0,0,0.0,0.0,0.0,0.18463456284153007,0.020385423221099208,-0.0,1.0,57.81639344262295,0,16,0.10062893081761007,164.5625,93.5625,0.0,9.445619355638371,0.0,0.0,0.0,0.0,0,0,True,0.0
2023-12-11,60.0,2.474401235432747,0,0,0,16,0,0,0,0,0,0,0,0,0,0,0,0,0,0.0,0.0,0.0,0.18463456284153007,0.020385423221099208,-0.0,1.0,57.81639344262295,0,16,0.10062893081761007,165.5625,93.5625,0.0,9.445619355638371,0.0,0.0,0.0,0.0,0,0,True,0.0
2023-12-12,60.0,2.474401235432747,0,0,0,16,0,0,0,0,0,0,0,0,0,0,0,0,0,0.0,0.0,0.0,0.18463456284153007,0.020385423221099208,-0.0,1.0,57.81639344262295,0,16,0.10062893081761007,166.5625,93.5625,0.0,9.445619355638371,0.0,0.0,0.0,0.0,0,0,True,0.0
2023-12-13,60.0,2.474401235432747,0,0,0,16,0,0,0,0,0,0,0,0,0,0,0,0,0,0.0,0.0,0.0,0.18463456284153007,0.020385423221099208,-0.0,1.0,57.81639344262295,0,16,0.10062893081761007,167.5625,93.5625,0.0,9.445619355638371,0.0,0.0,0.0,0.0,0,0,True,0.0
2023-12-14,60.0,2.474401235432747,0,0,0,16,0,0,0,0,0,0,0,0,0,0,0,0,0,0.0,0.0,0.0,0.18463456284153007,0.020385423221099208,-0.0,1.0,57.81639344262295,0,16,0.10062893081761007,168.5625,93.5625,0.0,9.445619355638371,0.0,0.0,0.0,0.0,0,0,True,0.0
2023-12-15,60.0,2.474401235432747,0,0,0,16,0,0,0,0,0,0,0,0,0,0,0,0,0,0.0,0.0,0.0,0.18463456284153007,0.020385423221099208,-0.0,1.0,57.81639344262295,0,16,0.10062893081761007,169.5625,93.5625,0.0,9.445619355638371,0.0,0.0,0.0,0.0,0,0,True,0.0
2023-12-16,60.0,2.474401235432747,0,0,0,16,0,0,0,0,0,0,0,0,0,0,0,0,0,0.0,0.0,0.0,0.18463456284153007,0.020385423221099208,-0.0,1.0,57.81639344262295,0,16,0.10062893081761007,170.5625,93.5625,0.0,9.445619355638371,0.0,0.0,0.0,0.0,0,0,True,0.0
2023-12-17,60.0,2.474401235432747,0,0,0,16,0,0,0,0,0,0,0,0,0,0,0,0,0,0.0,0.0,0.0,0.18463456284153007,0.020385423221099208,-0.0,1.0,57.81639344262295,0,16,0.10062893081761007,171.5625,93.5625,0.0,9.445619355638371,0.0,0.0,0.0,0.0,0,0,True,0.0
2023-12-18,60.0,2.474401235432747,0,0,0,16,0,0,0,0,0,0,0,0,0,0,0,0,0,0.0,0.0,0.0,0.18463456284153007,0.020385423221099208,-0.0,1.0,57.81639344262295,0,16,0.10062893081761007,172.5625,93.5625,0.0,9.445619355638371,0.0,0.0,0.0,0.0,0,0,True,0.0
2023-12-19,60.0,2.474401235432747,0,0,0,16,0,0,0,0,0,0,0,0,0,0,0,0,0,0.0,0.0,0.0,0.18463456284153007,0.020385423221099208,-0.0,1.0,57.81639344262295,0,16,0.10062893081761007,173.5625,93.5625,0.0,9.445619355638371,0.0,0.0,0.0,0.0,0,0,True,0.0
2023-12-20,60.0,2.474401235432747,0,0,0,16,0,0,0,0,0,0,0,0,0,0,0,0,0,0.0,0.0,0.0,0.18463456284153007,0.020385423221099208,-0.0,1.0,57.81639344262295,0,16,0.10062893081761007,174.5625,93.5625,0.0,9.445619355638371,0.0,0.0,0.0,0.0,0,0,True,0.0
2023-12-21,60.0,2.474401235432747,0,0,0,16,0,0,0,0,0,0,0,0,0,0,0,0,0,0.0,0.0,0.0,0.18463456284153007,0.020385423221099208,-0.0,1.0,57.81639344262295,0,16,0.10062893081761007,175.5625,93.5625,0.0,9.445619355638371,0.0,0.0,0.0,0.0,0,0,True,0.0
2023-12-22,60.0,2.474401235432747,0,0,0,16,0,0,0,0,0,0,0,0,0,0,0,0,0,0.0,0.0,0.0,0.18463456284153007,0.020385423221099208,-0.0,1.0,57.81639344262295,0,16,0.10062893081761007,176.5625,93.5625,0.0,9.445619355638371,0.0,0.0,0.0,0.0,0,0,True,0.0
2023-12-23,60.0,2.474401235432747,0,0,0,16,0,0,0,0,0,0,0,0,0,0,0,0,0,0.0,0.0,0.0,0.18463456284153007,0.020385423221099208,-0.0,1.0,57.81639344262295,0,16,0.10062893081761007,177.5625,93.5625,0.0,9.445619355638371,0.0,0.0,0.0,0.0,0,0,True,0.0
2023-12-24,60.0,2.474401235432747,0,0,0,16,0,0,0,0,0,0,0,0,0,0,0,0,0,0.0,0.0,0.0,0.18463456284153007,0.020385423221099208,-0.0,1.0,57.81639344262295,0,16,0.10062893081761007,178.5625,93.5625,0.0,9.445619355638371,0.0,0.0,0.0,0.0,0,0,True,0.0
2023-12-25,60.0,2.474401235432747,0,0,0,16,0,0,0,0,0,0,0,0,0,0,0,0,0,0.0,0.0,0.0,0.18463456284153007,0.020385423221099208,-0.0,1.0,57.81639344262295,0,16,0.10062893081761007,179.5625,93.5625,0.0,9.445619355638371,0.0,0.0,0.0,0.0,0,0,True,0.0
2023-12-26,60.0,2.474401235432747,0,0,0,16,0,0,0,0,0,0,0,0,0,0,0,0,0,0.0,0.0,0.0,0.18463456284153007,0.020385423221099208,-0.0,1.0,57.81639344262295,0,16,0.10062893081761007,180.5625,93.5625,0.0,9.445619355638371,0.0,0.0,0.0,0.0,0,0,True,0.0
2023-12-27,60.0,2.474401235432747,0,0,0,16,0,0,0,0,0,0,0,0,0,0,0,0,0,0.0,0.0,0.0,0.18463456284153007,0.020385423221099208,-0.0,1.0,57.81639344262295,0,16,0.10062893081761007,181.5625,93.5625,0.0,9.445619355638371,0.0,0.0,0.0,0.0,0,0,True,0.0
2023-12-28,60.0,2.474401235432747,0,0,0,16,0,0,0,0,0,0,0,0,0,0,0,0,0,0.0,0.0,0.0,0.18463456284153007,0.020385423221099208,-0.0,1.0,57.81639344262295,0,16,0.10062893081761007,182.5625,93.5625,0.0,9.445619355638371,0.0,0.0,0.0,0.0,0,0,True,0.0
2023-12-29,60.0,2.474401235432747,0,0,0,16,0,0,0,0,0,0,0,0,0,0,0,0,0,0.0,0.0,0.0,0.18463456284153007,0.020385423221099208,-0.0,1.0,57.81639344262295,0,16,0.10062893081761007,183.5625,93.5625,0.0,9.445619355638371,0.0,0.0,0.0,0.0,0,0,True,0.0
2023-12-30,60.0,2.474401235432747,0,0,0,16,0,0,0,0,0,0,0,0,0,0,0,0,0,0.0,0.0,0.0,0.18463456284153007,0.020385423221099208,-0.0,1.0,57.81639344262295,0,16,0.10062893081761007,184.5625,93.5625,0.0,9.445619355638371,0.0,0.0,0.0,0.0,0,0,True,0.0
2023-12-31,60.0,2.474401235432747,0,0,0,16,0,0,0,0,0,0,0,0,0,0,0,0,0,0.0,0.0,0.0,0.18463456284153007,0.020385423221099208,-0.0,1.0,57.81639344262295,0,16,0.10062893081761007,185.5625,93.5625,0.0,9.445619355638371,0.0,0.0,0.0,0.0,0,0,True,0.0
2024-01-01,60.0,2.474401235432747,0,0,0,16,0,0,0,0,0,0,0,0,0,0,0,0,0,0.0,0.0,0.0,0.18463456284153007,0.020385423221099208,-0.0,1.0,57.81639344262295,0,16,0.10062893081761007,186.5625,93.5625,0.0,9.445619355638371,0.0,0.0,0.0,0.0,0,0,True,0.0
2024-01-02,60.0,2.474401235432747,0,0,0,16,0,0,0,0,0,0,0,0,0,0,0,0,0,0.0,0.0,0.0,0.18463456284153007,0.020385423221099208,-0.0,1.0,57.81639344262295,0,16,0.10062893081761007,187.5625,93.5625,0.0,9.445619355638371,0.0,0.0,0.0,0.0,0,0,True,0.0
2024-01-03,60.0,2.474401235432747,0,0,0,16,0,0,0,0,0,0,0,0,0,0,0,0,0,0.0,0.0,0.0,0.18463456284153007,0.020385423221099208,-0.0,1.0,57.81639344262295,0,16,0.10062893081761007,188.5625,93.5625,0.0,9.445619355638371,0.0,0.0,0.0,0.0,0,0,True,0.0
2024-01-04,60.0,2.474401235432747,0,0,0,16,0,0,0,0,0,0,0,0,0,0,0,0,0,0.0,0.0,0.0,0.18463456284153007,0.020385423221099208,-0.0,1.0,57.81639344262295,0,16,0.10062893081761007,189.5625,93.5625,0.0,9.445619355638371,0.0,0.0,0.0,0.0,0,0,True,0.0
2024-01-05,60.0,2.474401235432747,0,0,0,16,0,0,0,0,0,0,0,0,0,0,0,0,0,0.0,0.0,0.0,0.18463456284153007,0.020385423221099208,-0.0,1.0,57.81639344262295,0,16,0.10062893081761007,190.5625,93.5625,0.0,9.445619355638371,0.0,0.0,0.0,0.0,0,0,True,0.0
2024-01-06,60.0,2.474401235432747,0,0,0,16,0,0,0,0,0,0,0,0,0,0,0,0,0,0.0,0.0,0.0,0.18463456284153007,0.020385423221099208,-0.0,1.0,57.81639344262295,0,16,0.10062893081761007,191.5625,93.5625,0.0,9.445619355638371,0.0,0.0,0.0,0.0,0,0,True,0.0
2024-01-07,60.0,2.474401235432747,0,0,0,16,0,0,0,0,0,0,0,0,0,0,0,0,0,0.0,0.0,0.0,0.18463456284153007,0.020385423221099208,-0.0,1.0,57.81639344262295,0,16,0.10062893081761007,192.5625,93.5625,0.0,9.445619355638371,0.0,0.0,0.0,0.0,0,0,True,0.0
2024-01-08,60.0,2.474401235432747,0,0,0,16,0,0,0,0,0,0,0,0,0,0,0,0,0,0.0,0.0,0.0,0.18463456284153007,0.020385423221099208,-0.0,1.0,57.81639344262295,0,16,0.10062893081761007,193.5625,93.5625,0.0,9.445619355638371,0.0,0.0,0.0,0.0,0,0,True,0.0
2024-01-09,60.0,2.474401235432747,0,0,0,16,0,0,0,0,0,0,0,0,0,0,0,0,0,0.0,0.0,0.0,0.18463456284153007,0.020385423221099208,-0.0,1.0,57.81639344262295,0,16,0.10062893081761007,194.5625,93.5625,0.0,9.445619355638371,0.0,0.0,0.0,0.0,0,0,True,0.0
2024-01-10,60.0,2.474401235432747,0,0,0,16,0,0,0,0,0,0,0,0,0,0,0,0,0,0.0,0.0,0.0,0.18463456284153007,0.020385423221099208,-0.0,1.0,57.81639344262295,0,16,0.10062893081761007,195.5625,93.5625,0.0,9.445619355638371,0.0,0.0,0.0,0.0,0,0,True,0.0
2024-01-11,60.0,2.474401235432747,0,0,0,16,0,0,0,0,0,0,0,0,0,0,0,0,0,0.0,0.0,0.0,0.18463456284153007,0.020385423221099208,-0.0,1.0,57.81639344262295,0,16,0.10062893081761007,196.5625,93.5625,0.0,9.445619355638371,0.0,0.0,0.0,0.0,0,0,True,0.0
2024-01-12,60.0,2.474401235432747,0,0,0,16,0,0,0,0,0,0,0,0,0,0,0,0,0,0.0,0.0,0.0,0.18463456284153007,0.020385423221099208,-0.0,1.0,57.81639344262295,0,16,0.10062893081761007,197.5625,93.5625,0.0,9.445619355638371,0.0,0.0,0.0,0.0,0,0,True,0.0
2024-01-13,60.0,2.474401235432747,0,0,0,16,0,0,0,0,0,0,0,0,0,0,0,0,0,0.0,0.0,0.0,0.18463456284153007,0.020385423221099208,-0.0,1.0,57.81639344262295,0,16,0.10062893081761007,198.5625,93.5625,0.0,9.445619355638371,0.0,0.0,0.0,0.0,0,0,True,0.0
2024-01-14,60.0,2.474401235432747,0,0,0,16,0,0,0,0,0,0,0,0,0,0,0,0,0,0.0,0.0,0.0,0.18463456284153007,0.020385423221099208,-0.0,1.0,57.81639344262295,0,16,0.10062893081761007,199.5625,93.5625,0.0,9.445619355638371,0.0,0.0,0.0,0.0,0,0,True,0.0
2024-01-15,60.0,2.474401235432747,0,0,0,16,0,0,0,0,0,0,0,0,0,0,0,0,0,0.0,0.0,0.0,0.18463456284153007,0.020385423221099208,-0.0,1.0,57.81639344262295,0,16,0.10062893081761007,200.5625,93.5625,0.0,9.445619355638371,0.0,0.0,0.0,0.0,0,0,True,0.0
2024-01-16,60.0,2.474401235432747,0,0,0,16,0,0,0,0,0,0,0,0,0,0,0,0,0,0.0,0.0,0.0,0.18463456284153007,0.020385423221099208,-0.0,1.0,57.81639344262295,0,16,0.10062893081761007,201.5625,93.5625,0.0,9.445619355638371,0.0,0.0,0.0,0.0,0,0,True,0.0
2024-01-17,60.0,2.474401235432747,0,0,0,16,0,0,0,0,0,0,0,0,0,0,0,0,0,0.0,0.0,0.0,0.18463456284153007,0.020385423221099208,-0.0,1.0,57.81639344262295,0,16,0.10062893081761007,202.5625,93.5625,0.0,9.445619355638371,0.0,0.0,0.0,0.0,0,0,True,0.0
2024-01-18,60.0,2.474401235432747,0,0,0,16,0,0,0,0,0,0,0,0,0,0,0,0,0,0.0,0.0,0.0,0.18463456284153007,0.020385423221099208,-0.0,1.0,57.81639344262295,0,16,0.10062893081761007,203.5625,93.5625,0.0,9.445619355638371,0.0,0.0,0.0,0.0,0,0,True,0.0
2024-01-19,60.0,2.474401235432747,0,0,0,16,0,0,0,0,0,0,0,0,0,0,0,0,0,0.0,0.0,0.0,0.18463456284153007,0.020385423221099208,-0.0,1.0,57.81639344262295,0,16,0.10062893081761007,204.5625,93.5625,0.0,9.445619355638371,0.0,0.0,0.0,0.0,0,0,True,0.0
2024-01-20,60.0,2.474401235432747,0,0,0,16,0,0,0,0,0,0,0,0,0,0,0,0,0,0.0,0.0,0.0,0.18463456284153007,0.020385423221099208,-0.0,1.0,57.81639344262295,0,16,0.10062893081761007,205.5625,93.5625,0.0,9.445619355638371,0.0,0.0,0.0,0.0,0,0,True,0.0
2024-01-21,60.0,2.474401235432747,0,0,0,16,0,0,0,0,0,0,0,0,0,0,0,0,0,0.0,0.0,0.0,0.18463456284153007,0.020385423221099208,-0.0,1.0,57.81639344262295,0,16,0.10062893081761007,206.5625,93.5625,0.0,9.445619355638371,0.0,0.0,0.0,0.0,0,0,True,0.0
2024-01-22,60.0,2.474401235432747,0,0,0,16,0,0,0,0,0,0,0,0,0,0,0,0,0,0.0,0.0,0.0,0.18463456284153007,0.020385423221099208,-0.0,1.0,57.81639344262295,0,16,0.10062893081761007,207.5625,93.5625,0.0,9.445619355638371,0.0,0.0,0.0,0.0,0,0,True,0.0
2024-01-23,60.0,2.474401235432747,0,0,0,16,0,0,0,0,0,0,0,0,0,0,0,0,0,0.0,0.0,0.0,0.18463456284153007,0.020385423221099208,-0.0,1.0,57.81639344262295,0,16,0.10062893081761007,208.5625,93.5625,0.0,9.445619355638371,0.0,0.0,0.0,0.0,0,0,True,0.0
2024-01-24,60.0,2.474401235432747,0,0,0,16,0,0,0,0,0,0,0,0,0,0,0,0,0,0.0,0.0,0.0,0.18463456284153007,0.020385423221099208,-0.0,1.0,57.81639344262295,0,16,0.10062893081761007,209.5625,93.5625,0.0,9.445619355638371,0.0,0.0,0.0,0.0,0,0,True,0.0
2024-01-25,60.0,2.474401235432747,0,0,0,16,0,0,0,0,0,0,0,0,0,0,0,0,0,0.0,0.0,0.0,0.18463456284153007,0.020385423221099208,-0.0,1.0,57.81639344262295,0,16,0.10062893081761007,210.5625,93.5625,0.0,9.445619355638371,0.0,0.0,0.0,0.0,0,0,True,0.0
2024-01-26,60.0,2.474401235432747,0,0,0,16,0,0,0,0,0,0,0,0,0,0,0,0,0,0.0,0.0,0.0,0.18463456284153007,0.020385423221099208,-0.0,1.0,57.81639344262295,0,16,0.10062893081761007,211.5625,93.5625,0.0,9.445619355638371,0.0,0.0,0.0,0.0,0,0,True,0.0
2024-01-27,60.0,2.474401235432747,0,0,0,16,0,0,0,0,0,0,0,0,0,0,0,0,0,0.0,0.0,0.0,0.18463456284153007,0.020385423221099208,-0.0,1.0,57.81639344262295,0,16,0.10062893081761007,212.5625,93.5625,0.0,9.445619355638371,0.0,0.0,0.0,0.0,0,0,True,0.0
2024-01-28,60.0,2.474401235432747,0,0,0,16,0,0,0,0,0,0,0,0,0,0,0,0,0,0.0,0.0,0.0,0.18463456284153007,0.020385423221099208,-0.0,1.0,57.81639344262295,0,16,0.10062893081761007,213.5625,93.5625,0.0,9.445619355638371,0.0,0.0,0.0,0.0,0,0,True,0.0
2024-01-29,60.0,2.474401235432747,0,0,0,16,0,0,0,0,0,0,0,0,0,0,0,0,0,0.0,0.0,0.0,0.18463456284153007,0.020385423221099208,-0.0,1.0,57.81639344262295,0,16,0.10062893081761007,214.5625,93.5625,0.0,9.445619355638371,0.0,0.0,0.0,0.0,0,0,True,0.0
2024-01-30,60.0,2.474401235432747,0,0,0,16,0,0,0,0,0,0,0,0,0,0,0,0,0,0.0,0.0,0.0,0.18463456284153007,0.020385423221099208,-0.0,1.0,57.81639344262295,0,16,0.10062893081761007,215.5625,93.5625,0.0,9.445619355638371,0.0,0.0,0.0,0.0,0,0,True,0.0
2024-01-31,60.0,2.474401235432747,0,0,0,16,0,0,0,0,0,0,0,0,0,0,0,0,0,0.0,0.0,0.0,0.18463456284153007,0.020385423221099208,-0.0,1.0,57.81639344262295,0,16,0.10062893081761007,216.5625,93.5625,0.0,9.445619355638371,0.0,0.0,0.0,0.0,0,0,True,0.0
2024-02-01,60.0,2.474401235432747,0,0,0,16,0,0,0,0,0,0,0,0,0,0,0,0,0,0.0,0.0,0.0,0.18463456284153007,0.020385423221099208,-0.0,1.0,57.81639344262295,0,16,0.10062893081761007,217.5625,93.5625,0.0,9.445619355638371,0.0,0.0,0.0,0.0,0,0,True,0.0
2024-02-02,60.0,2.474401235432747,0,0,0,16,0,0,0,0,0,0,0,0,0,0,0,0,0,0.0,0.0,0.0,0.18463456284153007,0.020385423221099208,-0.0,1.0,57.81639344262295,0,16,0.10062893081761007,218.5625,93.5625,0.0,9.445619355638371,0.0,0.0,0.0,0.0,0,0,True,0.0
2024-02-03,60.0,2.474401235432747,0,0,0,16,0,0,0,0,0,0,0,0,0,0,0,0,0,0.0,0.0,0.0,0.18463456284153007,0.020385423221099208,-0.0,1.0,57.81639344262295,0,16,0.10062893081761007,219.5625,93.5625,0.0,9.445619355638371,0.0,0.0,0.0,0.0,0,0,True,0.0
2024-02-04,60.0,2.474401235432747,0,0,0,16,0,0,0,0,0,0,0,0,0,0,0,0,0,0.0,0.0,0.0,0.18463456284153007,0.020385423221099208,-0.0,1.0,57.81639344262295,0,16,0.10062893081761007,220.5625,93.5625,0.0,9.445619355638371,0.0,0.0,0.0,0.0,0,0,True,0.0
2024-02-05,60.00000000000001,2.4744012354327465,0,0,0,16,0,0,0,0,0,0,0,0,0,0,0,0,0,0.0,0.0,0.0,0.18463456284153007,0.020385423221099652,1.4802973661668755e-14,1.0,57.81639344262295,0,16,0.10062893081761007,221.5625,93.5625,0.0,9.445619355638371,0.0,0.0,0.0,0.0,0,0,True,0.0
2024-02-06,60.00000000000001,2.4744012354327465,0,0,0,16,0,0,0,0,0,0,0,0,0,0,0,0,0,0.0,0.0,0.0,0.18463456284153007,0.020385423221099652,1.4802973661668755e-14,1.0,57.81639344262295,0,16,0.10062893081761007,222.5625,93.5625,0.0,9.445619355638371,0.0,0.0,0.0,0.0,0,0,True,0.0
2024-02-07,60.000000000000014,2.4744012354327474,0,0,0,16,0,0,0,0,0,0,0,0,0,0,0,0,0,0.0,0.0,0.0,0.18463456284153007,0.020385423221098764,1.4802973661668755e-14,1.0,57.81639344262295,0,16,0.10062893081761007,223.5625,93.5625,0.0,9.445619355638371,0.0,0.0,0.0,0.0,0,0,True,0.0
2024-02-08,60.00000000000003,2.474401235432749,0,0,0,16,0,0,0,0,0,0,0,0,0,0,0,0,0,0.0,0.0,0.0,0.18463456284153007,0.020385423221096988,0.0,1.0,57.81639344262295,0,16,0.10062893081761007,224.5625,93.5625,0.0,9.445619355638371,0.0,0.0,0.0,0.0,0,0,True,0.0
2024-02-09,60.000000000000064,2.474401235432749,0,0,0,16,0,0,0,0,0,0,0,0,0,0,0,0,0,0.0,0.0,0.0,0.18463456284153007,0.020385423221096988,-0.0,1.0,57.81639344262295,0,16,0.10062893081761007,225.5625,93.5625,0.0,9.445619355638371,0.0,0.0,0.0,0.0,0,0,True,0.0
2024-02-10,60.00000000000013,2.474401235432749,0,0,0,16,0,0,0,0,0,0,0,0,0,0,0,0,0,0.0,0.0,0.0,0.18463456284153007,0.020385423221096988,-0.0,1.0,57.81639344262295,0,16,0.10062893081761007,226.5625,93.5625,0.0,9.445619355638371,0.0,0.0,0.0,0.0,0,0,True,0.0
2024-02-11,60.00000000000025,2.474401235432752,0,0,0,16,0,0,0,0,0,0,0,0,0,0,0,0,0,0.0,0.0,0.0,0.18463456284153007,0.020385423221094323,0.0,1.0,57.81639344262295,0,16,0.10062893081761007,227.5625,93.5625,0.0,9.445619355638371,0.0,0.0,0.0,0.0,0,0,True,0.0
2024-02-12,60.0000000000005,2.474401235432757,0,0,0,16,0,0,0,0,0,0,0,0,0,0,0,0,0,0.0,0.0,0.0,0.18463456284153007,0.020385423221088994,0.0,1.0,57.81639344262295,0,16,0.10062893081761007,228.5625,93.5625,0.0,9.445619355638371,0.0,0.0,0.0,0.0,0,0,True,0.0
2024-02-13,60.00000000000097,2.4744012354327665,0,0,0,16,0,0,0,0,0,0,0,0,0,0,0,0,0,0.0,0.0,0.0,0.18463456284153007,0.020385423221079668,0.0,1.0,57.81639344262295,0,16,0.10062893081761007,229.5625,93.5625,0.0,9.445619355638371,0.0,0.0,0.0,0.0,0,0,True,0.0
2024-02-14,60.0000000000019,2.4744012354327842,0,0,0,16,0,0,0,0,0,0,0,0,0,0,0,0,0,0.0,0.0,0.0,0.18463456284153007,0.020385423221061905,0.0,1.0,57.81639344262295,0,16,0.10062893081761007,230.5625,93.5625,0.0,9.445619355638371,0.0,0.0,0.0,0.0,0,0,True,0.0
2024-02-15,60.00000000000369,2.4744012354328184,0,0,0,16,0,0,0,0,0,0,0,0,0,0,0,0,0,0.0,0.0,0.0,0.18463456284153007,0.02038542322102771,0.0,1.0,57.81639344262295,0,16,0.10062893081761007,231.5625,93.5625,0.0,9.445619355638371,0.0,0.0,0.0,0.0,0,0,True,0.0
2024-02-16,60.000000000007105,2.474401235432887,0,0,0,16,0,0,0,0,0,0,0,0,0,0,0,0,0,0.0,0.0,0.0,0.18463456284153007,0.02038542322095932,0.0,1.0,57.81639344262295,0,16,0.10062893081761007,232.5625,93.5625,0.0,9.445619355638371,0.0,0.0,0.0,0.0,0,0,True,0.0
2024-02-17,60.00000000001361,2.4744012354330174,0,0,0,16,0,0,0,0,0,0,0,0,0,0,0,0,0,0.0,0.0,0.0,0.18463456284153007,0.020385423220828758,0.0,1.0,57.81639344262295,0,16,0.10062893081761007,233.5625,93.5625,0.0,9.445619355638371,0.0,0.0,0.0,0.0,0,0,True,0.0
2024-02-18,60.000000000025864,2.4744012354332616,0,0,0,16,0,0,0,0,0,0,0,0,0,0,0,0,0,0.0,0.0,0.0,0.18463456284153007,0.02038542322058451,0.0,1.0,57.81639344262295,0,16,0.10062893081761007,234.5625,93.5625,0.0,9.445619355638371,0.0,0.0,0.0,0.0,0,0,True,0.0
2024-02-19,60.00000000004882,2.474401235433719,0,0,0,16,0,0,0,0,0,0,0,0,0,0,0,0,0,0.0,0.0,0.0,0.18463456284153007,0.020385423220127097,0.0,1.0,57.81639344262295,0,16,0.10062893081761007,235.5625,93.5625,0.0,9.445619355638371,0.0,0.0,0.0,0.0,0,0,True,0.0
2024-02-20,60.00000000009153,2.4744012354345712,0,0,0,16,0,0,0,0,0,0,0,0,0,0,0,0,0,0.0,0.0,0.0,0.18463456284153007,0.02038542321927489,0.0,1.0,57.81639344262295,0,16,0.10062893081761007,236.5625,93.5625,0.0,9.445619355638371,0.0,0.0,0.0,0.0,0,0,True,0.0
2024-02-21,60.00000000017041,2.474401235436145,0,0,0,16,0,0,0,0,0,0,0,0,0,0,0,0,0,0.0,0.0,0.0,0.18463456284153007,0.020385423217701037,0.0,1.0,57.81639344262295,0,16,0.10062893081761007,237.5625,93.5625,0.0,9.445619355638371,0.0,0.0,0.0,0.0,0,0,True,0.0
2024-02-22,60.00000000031506,2.4744012354390317,0,0,0,16,0,0,0,0,0,0,0,0,0,0,0,0,0,0.0,0.0,0.0,0.18463456284153007,0.020385423214814458,0.0,1.0,57.81639344262295,0,16,0.10062893081761007,238.5625,93.5625,0.0,9.445619355638371,0.0,0.0,0.0,0.0,0,0,True,0.0
2024-02-23,60.00000000057848,2.474401235444286,0,0,0,16,0,0,0,0,0,0,0,0,0,0,0,0,0,0.0,0.0,0.0,0.18463456284153007,0.020385423209559994,0.0,1.0,57.81639344262295,0,16,0.10062893081761007,239.5625,93.5625,0.0,9.445619355638371,0.0,0.0,0.0,0.0,0,0,True,0.0
2024-02-24,60.000000001054794,2.4744012354537874,0,0,0,16,0,0,0,0,0,0,0,0,0,0,0,0,0,0.0,0.0,0.0,0.18463456284153007,0.020385423200058705,0.0,1.0,57.81639344262295,0,16,0.10062893081761007,240.5625,93.5625,0.0,9.445619355638371,0.0,0.0,0.0,0.0,0,0,True,0.0
2024-02-25,60.00000000190999,2.474401235470848,0,0,0,16,0,0,0,0,0,0,0,0,0,0,0,0,0,0.0,0.0,0.0,0.18463456284153007,0.02038542318299813,0.0,1.0,57.81639344262295,0,16,0.10062893081761007,241.5625,93.5625,0.0,9.445619355638371,0.0,0.0,0.0,0.0,0,0,True,0.0
2024-02-26,60.0000000034346,2.474401235501263,0,0,0,16,0,0,0,0,0,0,0,0,0,0,0,0,0,0.0,0.0,0.0,0.18463456284153007,0.02038542315258335,0.0,1.0,57.81639344262295,0,16,0.10062893081761007,242.5625,93.5625,0.0,9.445619355638371,0.0,0.0,0.0,0.0,0,0,True,0.0
2024-02-27,60.00000000613348,2.4744012355551006,0,0,0,16,0,0,0,0,0,0,0,0,0,0,0,0,0,0.0,0.0,0.0,0.18463456284153007,0.020385423098745525,0.0,1.0,57.81639344262295,0,16,0.10062893081761007,243.5625,93.5625,0.0,9.445619355638371,0.0,0.0,0.0,0.0,0,0,True,0.0
2024-02-28,60.00000001087731,2.4744012356497316,0,0,0,16,0,0,0,0,0,0,0,0,0,0,0,0,0,0.0,0.0,0.0,0.18463456284153007,0.020385423004114556,0.0,1.0,57.81639344262295,0,16,0.10062893081761007,244.5625,93.5625,0.0,9.445619355638371,0.0,0.0,0.0,0.0,0,0,True,0.0
2024-02-29,60.00000001915667,2.4744012358148906,0,0,0,16,0,0,0,0,0,0,0,0,0,0,0,0,0,0.0,0.0,0.0,0.18463456284153007,0.020385422838955558,0.0,1.0,57.81639344262295,0,16,0.10062893081761007,245.5625,93.5625,0.0,9.445619355638371,0.0,0.0,0.0,0.0,0,0,True,0.0
2024-03-01,60.00000003350447,2.474401236101106,0,0,0,16,0,0,0,0,0,0,0,0,0,0,0,0,0,0.0,0.0,0.0,0.18463456284153007,0.020385422552740062,0.0,1.0,57.81639344262295,0,16,0.10062893081761007,246.5625,93.5625,0.0,9.445619355638371,0.0,0.0,0.0,0.0,0,0,True,0.0
2024-03-02,60.00000005819283,2.4744012365935997,0,0,0,16,0,0,0,0,0,0,0,0,0,0,0,0,0,0.0,0.0,0.0,0.18463456284153007,0.02038542206024646,0.0,1.0,57.81639344262295,0,16,0.10062893081761007,247.5625,93.5625,0.0,9.445619355638371,0.0,0.0,0.0,0.0,0,0,True,0.0
2024-03-03,60.00000010037379,2.4744012374350413,0,0,0,16,0,0,0,0,0,0,0,0,0,0,0,0,0,0.0,0.0,0.0,0.18463456284153007,0.020385421218804878,0.0,1.0,57.81639344262295,0,16,0.10062893081761007,248.5625,93.5625,0.0,9.445619355638371,0.0,0.0,0.0,0.0,0,0,True,0.0
2024-03-04,60.000000171931404,2.4744012388625,0,0,0,16,0,0,0,0,0,0,0,0,0,0,0,0,0,0.0,0.0,0.0,0.18463456284153007,0.020385419791346282,0.0,1.0,57.81639344262295,0,16,0.10062893081761007,249.5625,93.5625,0.0,9.445619355638371,0.0,0.0,0.0,0.0,0,0,True,0.0
2024-03-05,60.00000029246517,2.4744012412669534,0,0,0,16,0,0,0,0,0,0,0,0,0,0,0,0,0,0.0,0.0,0.0,0.18463456284153007,0.020385417386892757,0.0,1.0,57.81639344262295,0,16,0.10062893081761007,250.5625,93.5625,0.0,9.445619355638371,0.0,0.0,0.0,0.0,0,0,True,0.0
2024-03-06,60.00000049405712,2.474401245288386,0,0,0,16,0,0,0,0,0,0,0,0,0,0,0,0,0,0.0,0.0,0.0,0.18463456284153007,0.020385413365460237,0.0,1.0,57.81639344262295,0,16,0.10062893081761007,251.5625,93.5625,0.0,9.445619355638371,0.0,0.0,0.0,0.0,0,0,True,0.0
2024-03-07,60.00000082882766,2.474401251966515,0,0,0,16,0,0,0,0,0,0,0,0,0,0,0,0,0,0.0,0.0,0.0,0.18463456284153007,0.020385406687331076,0.0,1.0,57.81639344262295,0,16,0.10062893081761007,252.5625,93.5625,0.0,9.445619355638371,0.0,0.0,0.0,0.0,0,0,True,0.0
2024-03-08,60.00000138081462,2.4744012629777585,0,0,0,16,0,0,0,0,0,0,0,0,0,0,0,0,0,0.0,0.0,0.0,0.18463456284153007,0.020385395676087603,0.0,1.0,57.81639344262295,0,16,0.10062893081761007,253.5625,93.5625,0.0,9.445619355638371,0.0,0.0,0.0,0.0,0,0,True,0.0
2024-03-09,60.000002284496965,2.474401281004753,0,0,0,16,0,0,0,0,0,0,0,0,0,0,0,0,0,0.0,0.0,0.0,0.18463456284153007,0.02038537764909304,0.0,1.0,57.81639344262295,0,16,0.10062893081761007,254.5625,93.5625,0.0,9.445619355638371,0.0,0.0,0.0,0.0,0,0,True,0.0
2024-03-10,60.000003753443295,2.4744013103078393,0,0,0,16,0,0,0,0,0,0,0,0,0,0,0,0,0,0.0,0.0,0.0,0.18463456284153007,0.02038534834600686,0.0,1.0,57.81639344262295,0,16,0.10062893081761007,255.5625,93.5625,0.0,9.445619355638371,0.0,0.0,0.0,0.0,0,0,True,0.0
2024-03-11,60.000006124254064,2.4744013576016517,0,0,0,16,0,0,0,0,0,0,0,0,0,0,0,0,0,0.0,0.0,0.0,0.18463456284153007,0.020385301052194438,0.0,1.0,57.81639344262295,0,16,0.10062893081761007,256.5625,93.5625,0.0,9.445619355638371,0.0,0.0,0.0,0.0,0,0,True,0.0
2024-03-12,60.00000992340246,2.474401433388418,0,0,0,16,0,0,0,0,0,0,0,0,0,0,0,0,0,0.0,0.0,0.0,0.18463456284153007,0.020385225265428242,0.0,1.0,57.81639344262295,0,16,0.10062893081761007,257.5625,93.5625,0.0,9.445619355638371,0.0,0.0,0.0,0.0,0,0,True,0.0
2024-03-13,60.00001596805712,2.474401553969344,0,0,0,16,0,0,0,0,0,0,0,0,0,0,0,0,0,0.0,0.0,0.0,0.18463456284153007,0.02038510468450211,0.0,1.0,57.81639344262295,0,16,0.10062893081761007,258.5625,93.5625,0.0,9.445619355638371,0.0,0.0,0.0,0.0,0,0,True,0.0
2024-03-14,60.000025516882616,2.47440174445219,0,0,0,16,0,0,0,0,0,0,0,0,0,0,0,0,0,0.0,0.0,0.0,0.18463456284153007,0.020384914201656168,0.0,1.0,57.81639344262295,0,16,0.10062893081761007,259.5625,93.5625,0.0,9.445619355638371,0.0,0.0,0.0,0.0,0,0,True,0.0
2024-03-15,60.00004049367755,2.474402043213772,0,0,0,16,0,0,0,0,0,0,0,0,0,0,0,0,0,0.0,0.0,0.0,0.18463456284153007,0.020384615440074028,0.0,1.0,57.81639344262295,0,16,0.10062893081761007,260.5625,93.5625,0.0,9.445619355638371,0.0,0.0,0.0,0.0,0,0,True,0.0
2024-03-16,60.000063816192764,2.474402508458277,0,0,0,16,0,0,0,0,0,0,0,0,0,0,0,0,0,0.0,0.0,0.0,0.18463456284153007,0.02038415019556933,0.0,1.0,57.81639344262295,0,16,0.10062893081761007,261.5625,93.5625,0.0,9.445619355638371,0.0,0.0,0.0,0.0,0,0,True,0.0
2024-03-17,60.000099875422045,2.474403227773545,0,0,0,16,0,0,0,0,0,0,0,0,0,0,0,0,0,0.0,0.0,0.0,0.18463456284153007,0.02038343088030109,0.0,1.0,57.81639344262295,0,16,0.10062893081761007,262.5625,93.5625,0.0,9.445619355638371,0.0,0.0,0.0,0.0,0,0,True,0.0
2024-03-18,60.00015522813167,2.474404331958243,0,0,0,16,0,0,0,0,0,0,0,0,0,0,0,0,0,0.0,0.0,0.0,0.18463456284153007,0.020382326695603192,0.0,1.0,57.81639344262295,0,16,0.10062893081761007,263.5625,93.5625,0.0,9.445619355638371,0.0,0.0,0.0,0.0,0,0,True,0.0
2024-03-19,60.000239588682426,2.4744060147703637,0,0,0,16,0,0,0,0,0,0,0,0,0,0,0,0,0,0.0,0.0,0.0,0.18463456284153007,0.02038064388348243,0.0,1.0,57.81639344262295,0,16,0.10062893081761007,264.5625,93.5625,0.0,9.445619355638371,0.0,0.0,0.0,0.0,0,0,True,0.0
2024-03-20,60.00036723683363,2.474408561077306,0,0,0,16,0,0,0,0,0,0,0,0,0,0,0,0,0,0.0,0.0,0.0,0.18463456284153007,0.020378097576540244,0.0,1.0,57.81639344262295,0,16,0.10062893081761007,265.5625,93.5625,0.0,9.445619355638371,0.0,0.0,0.0,0.0,0,0,True,0.0
2024-03-21,60.00055899797581,2.4744123860872524,0,0,0,16,0,0,0,0,0,0,0,0,0,0,0,0,0,0.0,0.0,0.0,0.18463456284153007,0.020374272566593687,0.0,1.0,57.81639344262295,0,16,0.10062893081761007,266.5625,93.5625,0.0,9.445619355638371,0.0,0.0,0.0,0.0,0,0,True,0.0
2024-03-22,60.00084500310044,2.474418090957562,0,0,0,16,0,0,0,0,0,0,0,0,0,0,0,0,0,0.0,0.0,0.0,0.18463456284153007,0.0203685676962842,0.0,1.0,57.81639344262295,0,16,0.10062893081761007,267.5625,93.5625,0.0,9.445619355638371,0.0,0.0,0.0,0.0,0,0,True,0.0
2024-03-23,60.0012684998953,2.4744265383386863,0,0,0,16,0,0,0,0,0,0,0,0,0,0,0,0,0,0.0,0.0,0.0,0.18463456284153007,0.020360120315159824,0.0,1.0,57.81639344262295,0,16,0.10062893081761007,268.5625,93.5625,0.0,9.445619355638371,0.0,0.0,0.0,0.0,0,0,True,0.0
2024-03-24,60.001891065776555,2.4744389549839196,0,0,0,16,0,0,0,0,0,0,0,0,0,0,0,0,0,0.0,0.0,0.0,0.18463456284153007,0.020347703669926498,0.0,1.0,57.81639344262295,0,16,0.10062893081761007,269.5625,93.5625,0.0,9.445619355638371,0.0,0.0,0.0,0.0,0,0,True,0.0
2024-03-25,60.002799670367025,2.474457076473062,0,0,0,16,0,0,0,0,0,0,0,0,0,0,0,0,0,0.0,0.0,0.0,0.18463456284153007,0.020329582180784345,0.0,1.0,57.81639344262295,0,16,0.10062893081761007,270.5625,93.5625,0.0,9.445619355638371,0.0,0.0,0.0,0.0,0,0,True,0.0
2024-03-26,60.0041161503721,2.4744833265120905,0,0,0,16,0,0,0,0,0,0,0,0,0,0,0,0,0,0.0,0.0,0.0,0.18463456284153007,0.02030333214175567,0.0,1.0,57.81639344262295,0,16,0.10062893081761007,271.5625,93.5625,0.0,9.445619355638371,0.0,0.0,0.0,0.0,0,0,True,0.0
2024-03-27,60.00600979460894,2.4745210849550077,0,0,0,16,0,0,0,0,0,0,0,0,0,0,0,0,0,0.0,0.0,0.0,0.18463456284153007,0.020265573698838468,0.0,1.0,57.81639344262295,0,16,0.10062893081761007,272.5625,93.5625,0.0,9.445619355638371,0.0,0.0,0.0,0.0,0,0,True,0.0
2024-03-28,60.00871389040611,2.474574962573334,0,0,0,16,0,0,0,0,0,0,0,0,0,0,0,0,0,0.0,0.0,0.0,0.18463456284153007,0.020211696080512154,0.0,1.0,57.81639344262295,0,16,0.10062893081761007,273.5625,93.5625,0.0,9.445619355638371,0.0,0.0,0.0,0.0,0,0,True,0.0
2024-03-29,60.01254725208446,2.474651340191919,0,0,0,16,0,0,0,0,0,0,0,0,0,0,0,0,0,0.0,0.0,0.0,0.18463456284153007,0.020135318461927343,0.0,1.0,57.81639344262295,0,16,0.10062893081761007,274.5625,93.5625,0.0,9.445619355638371,0.0,0.0,0.0,0.0,0,0,True,0.0
2024-03-30,60.017941932537155,2.474758826226521,0,0,0,16,0,0,0,0,0,0,0,0,0,0,0,0,0,0.0,0.0,0.0,0.18463456284153007,0.020027832427325143,0.0,1.0,57.81639344262295,0,16,0.10062893081761007,275.5625,93.5625,0.0,9.445619355638371,0.0,0.0,0.0,0.0,0,0,True,0.0
2024-03-31,60.02547850148421,2.4749087616961023,0,0,0,16,0,0,0,0,0,0,0,0,0,0,0,0,0,0.0,0.0,0.0,0.18463456284153007,0.019877896957743835,0.0,1.0,57.81639344262295,0,16,0.10062893081761007,276.5625,93.5625,0.0,9.445619355638371,0.0,0.0,0.0,0.0,0,0,True,0.0
2024-04-01,5.0359304461239285,1.1507223771795911,0,0,0,16,0,0,0,0,0,0,0,0,0,0,0,16,0,0.0,24.0,24.0,0.1860735428051002,1.344064281474255,44.139546150550366,3.0,57.92131147540984,0,16,0.10062893081761007,277.5625,94.5625,0.0,9.673496914143069,0.0,0.0,0.0,0.0,0,0,True,0.0
2024-04-02,60.05031939418538,2.4754018336599946,0,0,0,15,1,0,1,1,0,0,0,1,0,0,0,0,0,0.0,0.0,0.0,0.18852580449301756,0.02070393557077465,44.139546150550366,3.0,58.10010928961749,1,15,0.09433962264150944,279.26666666666665,96.26666666666667,0.0,10.056952989925433,0.0,0.0,0.0,0.0,0,0,True,0.0
2024-04-03,60.06998295302586,2.4757914942141146,0,0,0,15,0,0,0,0,0,0,0,0,0,0,0,0,0,0.0,0.0,0.0,0.18996478445658774,0.020314275016654608,44.139546150550366,3.0,58.205027322404376,0,15,0.09433962264150944,280.26666666666665,97.26666666666667,0.0,10.29947716754317,0.0,0.0,0.0,0.0,0,0,True,0.0
2024-04-04,60.09665697308529,2.476320076731719,0,0,0,15,0,0,0,0,0,0,0,0,0,0,0,0,0,0.0,0.0,0.0,0.19140376442015786,0.01978569249905015,0.0,1.0,58.30994535519127,0,15,0.09433962264150944,281.26666666666665,98.26666666666667,0.0,10.547806321900435,0.0,0.0,0.0,0.0,0,0,True,0.0
2024-04-05,60.13257394604026,2.4770267789401763,0,0,0,15,0,0,0,0,0,0,0,0,0,0,0,0,0,0.0,0.0,0.0,0.19284274438372798,0.019078990290592894,0.0,1.0,58.414863387978144,0,15,0.09433962264150944,282.26666666666665,99.26666666666667,0.0,10.802077276293307,0.0,0.0,0.0,0.0,0,0,True,0.0
2024-04-06,60.18057899922423,2.4779713261642633,0,0,0,14,1,0,1,1,0,0,0,1,0,0,0,0,0,0.0,0.0,0.0,0.19492583918813425,0.019493188487751327,0.0,1.0,58.56674473067916,1,14,0.0880503144654088,283.7142857142857,100.71428571428572,0.0,11.174851454079464,0.0,0.0,0.0,0.0,0,0,True,0.0
2024-04-07,60.24426450723618,2.479210524125023,0,0,0,13,1,0,1,1,0,0,0,1,0,0,0,0,0,0.0,0.0,0.0,0.1969973378170099,0.01966151729509525,0.0,1.0,58.71778058007566,1,13,0.08176100628930817,285.15384615384613,102.15384615384615,0.0,11.558907526340302,0.0,0.0,0.0,0.0,0,0,True,0.0
2024-04-08,60.32812366772743,2.4808422627091335,0,0,0,13,0,0,0,0,0,0,0,0,0,0,0,0,0,0.0,0.0,0.0,0.19843631778058002,0.018029778710984774,0.0,1.0,58.822698612862546,0,13,0.08176100628930817,286.15384615384613,103.15384615384615,0.0,11.837353747533879,0.0,0.0,0.0,0.0,0,0,True,0.0
2024-04-09,60.43772244291014,2.482918672059499,0,0,0,12,1,0,1,1,0,0,0,1,0,0,0,0,0,0.0,0.0,0.0,0.20037340619307828,0.01742187281229594,0.0,1.0,58.963934426229514,1,12,0.07547169811320754,287.5,104.5,0.0,12.220406147797805,0.0,0.0,0.0,0.0,0,0,True,0.0
2024-04-10,60.57988802092092,2.4856120774829593,0,0,0,10,2,0,2,2,0,0,0,2,0,0,0,0,0,0.0,0.0,0.0,0.20281967213114757,0.01792157636319449,0.0,1.0,59.14229508196721,2,10,0.06289308176100629,289.2,106.2,0.0,12.721385889700153,0.0,0.0,0.0,0.0,0,0,True,0.0
2024-04-11,60.7629103846519,2.489079537285712,0,0,0,9,1,0,1,1,0,0,0,1,0,0,0,0,0,0.0,0.0,0.0,0.20477028941509817,0.01623563365445873,0.0,1.0,59.284517304189436,1,9,0.05660377358490566,290.55555555555554,107.55555555555556,0.0,13.13722743578098,0.0,0.0,0.0,0.0,0,0,True,0.0
2024-04-12,60.99675169241121,2.4933311581361868,0,0,0,7,2,0,2,2,0,0,0,2,0,0,0,0,0,0.0,0.0,0.0,0.20725995316159254,0.016181204501175803,0.0,1.0,59.46604215456675,2,7,0.0440251572327044,292.2857142857143,109.28571428571428,0.0,13.689255284246583,0.0,0.0,0.0,0.0,0,0,True,0.0
2024-04-13,61.29325600324493,2.4987220957864924,0,0,0,4,3,0,3,3,0,0,0,3,0,0,0,0,0,0.0,0.0,0.0,0.2111657559198543,0.021049538828892156,0.0,1.0,59.75081967213114,3,4,0.025157232704402517,295.0,112.0,0.0,14.600287583529774,0.0,0.0,0.0,0.0,0,0,True,0.0
2024-04-14,61.66634948073634,2.5023490447707464,0,0,0,2,2,0,2,2,0,0,0,2,0,0,0,0,0,0.0,0.0,0.0,0.2169216757741348,0.03719422446002274,0.0,1.0,60.17049180327869,2,2,0.012578616352201259,299.0,116.0,0.0,16.014763529422606,0.0,0.0,0.0,0.0,0,0,True,0.0
2024-04-15,62.13221868101055,2.5068778932354547,0,0,0,2,0,0,0,0,0,0,0,0,0,0,0,0,0,0.0,0.0,0.0,0.2183606557377049,0.03266537599531438,0.0,1.0,60.27540983606558,0,2,0.012578616352201259,300.0,117.0,0.0,16.39933708569272,0.0,0.0,0.0,0.0,0,0,True,0.0
2024-04-16,62.70945201296719,2.5119857369657823,0,0,0,2,0,0,0,0,0,0,0,0,0,0,0,0,0,0.0,0.0,0.0,0.21979963570127503,0.027557532264986806,0.0,1.0,60.38032786885246,0,2,0.012578616352201259,301.0,118.0,0.0,16.793036763301302,0.0,0.0,0.0,0.0,0,0,True,0.0
2024-04-17,63.41912713254185,2.5182655365016156,0,0,0,2,0,0,0,0,0,0,0,0,0,0,0,0,0,0.0,0.0,0.0,0.2212386156648452,0.021277732729153565,0.0,1.0,60.485245901639345,0,2,0.012578616352201259,302.0,119.0,0.0,17.1960738399433,0.0,0.0,0.0,0.0,0,0,True,0.0
2024-04-18,64.28482511768256,2.525918565946403,0,0,0,2,0,0,0,0,0,0,0,0,0,0,0,0,0,0.0,0.0,0.0,0.22267759562841533,0.013624703284366158,0.0,1.0,60.59016393442623,0,2,0.012578616352201259,303.0,120.0,0.0,17.608664227769296,0.0,0.0,0.0,0.0,0,0,True,0.0
2024-04-19,65.33255101721717,2.535013055999084,0,0,0,2,0,0,0,0,0,0,0,0,0,0,0,0,0,0.0,0.0,0.0,0.22411657559198545,0.004530213231684899,0.0,1.0,60.69508196721311,0,2,0.012578616352201259,304.0,121.0,0.0,18.031028562498427,0.0,0.0,0.0,0.0,0,0,True,0.0
2024-04-20,66.59054004351111,2.545932675998069,0,0,0,0,2,0,2,2,0,0,0,2,0,0,0,0,0,0.0,0.0,0.0,0.0,0.0,0.0,1.0,0.0,2,0,0.0,0.0,0.0,0.0,0.0,0.0,0.0,0.0,0.0,0,0,True,0.0
2024-04-21,68.08892955459343,2.5586501137652524,0,0,0,0,0,0,0,0,0,0,0,0,0,0,0,0,0,0.0,0.0,0.0,0.0,0.0,0.0,1.0,0.0,0,0,0.0,0.0,0.0,0.0,0.0,0.0,0.0,0.0,0.0,0,0,True,0.0
2024-04-22,69.85927929247957,2.5736757879649157,0,0,0,0,0,0,0,0,0,0,0,0,0,0,0,0,0,0.0,0.0,0.0,0.0,0.0,0.0,1.0,0.0,0,0,0.0,0.0,0.0,0.0,0.0,0.0,0.0,0.0,0.0,0,0,True,0.0
2024-04-23,71.93392630773415,2.59069886569373,0,0,0,0,0,0,0,0,0,0,0,0,0,0,0,0,0,0.0,0.0,0.0,0.0,0.0,0.0,1.0,0.0,0,0,0.0,0.0,0.0,0.0,0.0,0.0,0.0,0.0,0.0,0,0,True,0.0
2024-04-24,74.3451667248808,2.6104837894625135,0,0,0,0,0,0,0,0,0,0,0,0,0,0,0,0,0,0.0,0.0,0.0,0.0,0.0,0.0,1.0,0.0,0,0,0.0,0.0,0.0,0.0,0.0,0.0,0.0,0.0,0.0,0,0,True,0.0
2024-04-25,77.12426400145304,2.6328035602875968,0,0,0,0,0,0,0,0,0,0,0,0,0,0,0,0,0,0.0,0.0,0.0,0.0,0.0,0.0,1.0,0.0,0,0,0.0,0.0,0.0,0.0,0.0,0.0,0.0,0.0,0.0,0,0,True,0.0
2024-04-26,80.30029248549191,2.6576839467721114,0,0,0,0,0,0,0,0,0,0,0,0,0,0,0,0,0,0.0,0.0,0.0,0.0,0.0,0.0,1.0,0.0,0,0,0.0,0.0,0.0,0.0,0.0,0.0,0.0,0.0,0.0,0,0,True,0.0
2024-04-27,83.89883561088229,2.6858742303891683,0,0,0,0,0,0,0,0,0,0,0,0,0,0,0,0,0,0.0,0.0,0.0,0.0,0.0,0.0,1.0,0.0,0,0,0.0,0.0,0.0,0.0,0.0,0.0,0.0,0.0,0.0,0,0,True,0.0
2024-04-28,87.94056955465514,2.7160235497623226,0,0,0,0,0,0,0,0,0,0,0,0,0,0,0,0,0,0.0,0.0,0.0,0.0,0.0,0.0,1.0,0.0,0,0,0.0,0.0,0.0,0.0,0.0,0.0,0.0,0.0,0.0,0,0,True,0.0
2024-04-29,92.4397750244831,2.7495853785522364,0,0,0,0,0,0,0,0,0,0,0,0,0,0,0,0,0,0.0,0.0,0.0,0.0,0.0,0.0,1.0,0.0,0,0,0.0,0.0,0.0,0.0,0.0,0.0,0.0,0.0,0.0,0,0,True,0.0
2024-04-30,97.40283131659442,2.7847573653235274,0,0,0,0,0,0,0,0,0,0,0,0,0,0,0,0,0,0.0,0.0,0.0,0.0,0.0,0.0,1.0,0.0,0,0,0.0,0.0,0.0,0.0,0.0,0.0,0.0,0.0,0.0,0,0,True,0.0
2024-05-01,102.82675704574788,2.8231954229972787,0,0,0,0,0,0,0,0,0,0,0,0,0,0,0,0,0,0.0,0.0,0.0,0.0,0.0,0.0,1.0,0.0,0,0,0.0,0.0,0.0,0.0,0.0,0.0,0.0,0.0,0.0,0,0,True,0.0
2024-05-02,108.69787010375246,2.8624242617545623,0,0,0,0,0,0,0,0,0,0,0,0,0,0,0,0,0,0.0,0.0,0.0,0.0,0.0,0.0,1.0,0.0,0,0,0.0,0.0,0.0,0.0,0.0,0.0,0.0,0.0,0.0,0,0,True,0.0
2024-05-03,114.99064456105107,2.9041427563361117,0,0,0,0,0,0,0,0,0,0,0,0,0,0,0,0,0,0.0,0.0,0.0,0.0,0.0,0.0,1.0,0.0,0,0,0.0,0.0,0.0,0.0,0.0,0.0,0.0,0.0,0.0,0,0,True,0.0
2024-05-04,121.66684357607812,2.9484031973107148,0,0,0,0,0,0,0,0,0,0,0,0,0,0,0,0,0,0.0,0.0,0.0,0.0,0.0,0.0,1.0,0.0,0,0,0.0,0.0,0.0,0.0,0.0,0.0,0.0,0.0,0.0,0,0,True,0.0
2024-05-05,128.67500426574213,2.992042083121445,0,0,0,0,0,0,0,0,0,0,0,0,0,0,0,0,0,0.0,0.0,0.0,0.0,0.0,0.0,1.0,0.0,0,0,0.0,0.0,0.0,0.0,0.0,0.0,0.0,0.0,0.0,0,0,True,0.0
2024-05-06,135.9503424972151,3.0373446479992645,0,0,0,0,0,0,0,0,0,0,0,0,0,0,0,0,0,0.0,0.0,0.0,0.0,0.0,0.0,1.0,0.0,0,0,0.0,0.0,0.0,0.0,0.0,0.0,0.0,0.0,0.0,0,0,True,0.0
2024-05-07,143.4151325659813,3.081614039831458,0,0,0,0,0,0,0,0,0,0,0,0,0,0,0,0,0,0.0,0.0,0.0,0.0,0.0,0.0,1.0,0.0,0,0,0.0,0.0,0.0,0.0,0.0,0.0,0.0,0.0,0.0,0,0,True,0.0
2024-05-08,150.97959895689502,3.126474554805882,0,0,0,0,0,0,0,0,0,0,0,0,0,0,0,0,0,0.0,0.0,0.0,0.0,0.0,0.0,1.0,0.0,0,0,0.0,0.0,0.0,0.0,0.0,0.0,0.0,0.0,0.0,0,0,True,0.0
2024-05-09,158.5433354473903,3.1687634732825263,0,0,0,0,0,0,0,0,0,0,0,0,0,0,0,0,0,0.0,0.0,0.0,0.0,0.0,0.0,1.0,0.0,0,0,0.0,0.0,0.0,0.0,0.0,0.0,0.0,0.0,0.0,0,0,True,0.0
2024-05-10,165.99724167865742,3.2104383297959327,0,0,0,0,0,0,0,0,0,0,0,0,0,0,0,0,0,0.0,0.0,0.0,0.0,0.0,0.0,1.0,0.0,0,0,0.0,0.0,0.0,0.0,0.0,0.0,0.0,0.0,0.0,0,0,True,0.0
2024-05-11,173.2259402983511,3.2508540485355524,0,0,0,0,0,0,0,0,0,0,0,0,0,0,0,0,0,0.0,0.0,0.0,0.0,0.0,0.0,1.0,0.0,0,0,0.0,0.0,0.0,0.0,0.0,0.0,0.0,0.0,0.0,0,0,True,0.0
2024-05-12,180.1106104375212,3.287434987054917,0,0,0,0,0,0,0,0,0,0,0,0,0,0,0,0,0,0.0,0.0,0.0,0.0,0.0,0.0,1.0,0.0,0,0,0.0,0.0,0.0,0.0,0.0,0.0,0.0,0.0,0.0,0,0,True,0.0
2024-05-13,186.53214735963516,3.321555118099569,0,0,0,0,0,0,0,0,0,0,0,0,0,0,0,0,0,0.0,0.0,0.0,0.0,0.0,0.0,1.0,0.0,0,0,0.0,0.0,0.0,0.0,0.0,0.0,0.0,0.0,0.0,0,0,True,0.0
2024-05-14,192.3745353876893,3.351623543140437,0,0,0,0,0,0,0,0,0,0,0,0,0,0,0,0,0,0.0,0.0,0.0,0.0,0.0,0.0,1.0,0.0,0,0,0.0,0.0,0.0,0.0,0.0,0.0,0.0,0.0,0.0,0,0,True,0.0
2024-05-15,197.52830335980434,3.37814791728393,0,0,0,0,0,0,0,0,0,0,0,0,0,0,0,0,0,0.0,0.0,0.0,0.0,0.0,0.0,1.0,0.0,0,0,0.0,0.0,0.0,0.0,0.0,0.0,0.0,0.0,0.0,0,0,True,0.0
2024-05-16,201.89392033601482,3.4000290493622876,0,0,0,0,0,0,0,0,0,0,0,0,0,0,0,0,0,0.0,0.0,0.0,0.0,0.0,0.0,1.0,0.0,0,0,0.0,0.0,0.0,0.0,0.0,0.0,0.0,0.0,0.0,0,0,True,0.0
2024-05-17,205.38498517145163,3.417526793936437,0,0,0,0,0,0,0,0,0,0,0,0,0,0,0,0,0,0.0,0.0,0.0,0.0,0.0,0.0,1.0,0.0,0,0,0.0,0.0,0.0,0.0,0.0,0.0,0.0,0.0,0.0,0,0,True,0.0
2024-05-18,207.93106751158743,3.43028814342506,0,0,0,0,0,0,0,0,0,0,0,0,0,0,0,0,0,0.0,0.0,0.0,0.0,0.0,0.0,1.0,0.0,0,0,0.0,0.0,0.0,0.0,0.0,0.0,0.0,0.0,0.0,0,0,True,0.0
2024-05-19,209.48006984555536,3.4379371905208655,0,0,0,0,0,0,0,0,0,0,0,0,0,0,0,0,0,0.0,0.0,0.0,0.0,0.0,0.0,1.0,0.0,0,0,0.0,0.0,0.0,0.0,0.0,0.0,0.0,0.0,0.0,0,0,True,0.0
2024-05-20,210.0,3.4405046303178666,0,0,0,0,0,0,0,0,0,0,0,0,0,0,0,0,0,0.0,0.0,0.0,0.0,0.0,0.0,1.0,0.0,0,0,0.0,0.0,0.0,0.0,0.0,0.0,0.0,0.0,0.0,0,0,True,0.0
2024-05-21,209.48006984555536,3.4379371905208655,0,0,0,0,0,0,0,0,0,0,0,0,0,0,0,0,0,0.0,0.0,0.0,0.0,0.0,0.08558132656670085,1.0,0.0,0,0,0.0,0.0,0.0,0.0,0.0,0.0,0.0,0.0,0.0,0,0,True,0.0
2024-05-22,207.93106751158743,3.43028814342506,0,0,0,0,0,0,0,0,0,0,0,0,0,0,0,0,0,0.0,0.0,0.0,0.0,0.0,0.34054956309355805,1.0,0.0,0,0,0.0,0.0,0.0,0.0,0.0,0.0,0.0,0.0,0.0,0,0,True,0.0
2024-05-23,205.38498517145163,3.417526793936437,0,0,0,0,0,0,0,0,0,0,0,0,0,0,0,0,0,0.0,0.0,0.0,0.0,0.0,0.7659278793809824,1.0,0.0,0,0,0.0,0.0,0.0,0.0,0.0,0.0,0.0,0.0,0.0,0,0,True,0.0
2024-05-24,201.89392033601482,3.4000290493622876,0,0,0,0,0,0,0,0,0,0,0,0,0,0,0,0,0,0.0,0.0,0.0,0.0,0.0,1.263604705285933,1.0,0.0,0,0,0.0,0.0,0.0,0.0,0.0,0.0,0.0,0.0,0.0,0,0,True,0.0
2024-05-25,197.52830335980434,3.37814791728393,0,0,0,0,0,0,0,0,0,0,0,0,0,0,0,0,0,0.0,0.0,0.0,0.0,0.0,1.7380075380376632,1.0,0.0,0,0,0.0,0.0,0.0,0.0,0.0,0.0,0.0,0.0,0.0,0,0,True,0.0
2024-05-26,192.3745353876893,3.351623543140437,0,0,0,0,0,0,0,0,0,0,0,0,0,0,0,0,0,0.0,0.0,0.0,0.0,0.0,2.196775026533334,1.0,0.0,0,0,0.0,0.0,0.0,0.0,0.0,0.0,0.0,0.0,0.0,0,0,True,0.0
2024-05-27,186.53214735963516,3.321555118099569,0,0,0,0,0,0,0,0,0,0,0,0,0,0,0,0,0,0.0,0.0,0.0,0.0,0.0,2.6157977087572912,1.0,0.0,0,0,0.0,0.0,0.0,0.0,0.0,0.0,0.0,0.0,0.0,0,0,True,0.0
2024-05-28,180.1106104375212,3.287434987054917,0,0,0,0,0,0,0,0,0,0,0,0,0,0,0,0,0,0.0,0.0,0.0,0.0,0.0,3.0237643409670945,1.0,0.0,0,0,0.0,0.0,0.0,0.0,0.0,0.0,0.0,0.0,0.0,0,0,True,0.0
2024-05-29,173.2259402983511,3.2508540485355524,0,0,0,0,0,0,0,0,0,0,0,0,0,0,0,0,0,0.0,0.0,0.0,0.0,0.0,3.358983153496157,1.0,0.0,0,0,0.0,0.0,0.0,0.0,0.0,0.0,0.0,0.0,0.0,0,0,True,0.0
2024-05-30,165.99724167865742,3.2104383297959327,0,0,0,0,0,0,0,0,0,0,0,0,0,0,0,0,0,0.0,0.0,0.0,0.0,0.0,3.703892943454538,1.0,0.0,0,0,0.0,0.0,0.0,0.0,0.0,0.0,0.0,0.0,0.0,0,0,True,0.0
2024-05-31,158.5433354473903,3.1687634732825263,0,0,0,0,0,0,0,0,0,0,0,0,0,0,0,0,0,0.0,0.0,0.0,0.0,0.0,3.955717125746361,1.0,0.0,0,0,0.0,0.0,0.0,0.0,0.0,0.0,0.0,0.0,0.0,0,0,True,0.0
2024-06-01,150.97959895689502,3.126474554805882,2,0,2,0,0,0,0,0,0,0,0,0,0,0,0,0,0,0.0,0.0,0.0,0.05,0.015192111860784507,4.145983124322343,1.0,48.0,0,2,0.012578616352201259,0.0,0.0,1.0,1.0,0.0,0.0,0.0,0.0,0,0,True,0.0
2024-06-02,143.4151325659813,3.081614039831458,2,0,4,0,0,0,0,0,0,0,0,0,0,0,0,2,0,0.0,12.0,24.0,0.05071948998178507,0.04156304350187512,4.294142998815816,1.0,48.05245901639344,0,4,0.025157232704402517,0.5,0.5,1.5,1.01213652008498,0.0,0.0,0.0,0.0,0,0,True,0.0
2024-06-03,135.9503424972151,3.0373446479992645,2,0,6,0,0,0,0,0,0,0,0,0,0,0,0,4,0,0.0,24.0,48.0,0.05143897996357013,0.06734285200073538,4.380627509442059,1.0,48.104918032786884,0,6,0.03773584905660377,1.0,1.0,2.0,1.0244692904779635,0.0,0.0,0.0,0.0,0,0,True,0.0
2024-06-04,128.67500426574213,2.992042083121445,3,0,7,0,2,2,0,0,0,0,2,0,0,0,2,4,0,0.0,20.571428571428573,48.0,0.051233411397345816,0.06599363116426929,4.481082389481239,1.0,48.089929742388755,0,7,0.0440251572327044,0.8571428571428572,0.8571428571428572,1.857142857142857,1.0209736775525402,0.0,0.0,0.0,0.0,0,0,True,0.0
2024-06-05,121.66684357607812,2.9484031973107148,2,0,7,0,2,2,0,0,0,0,2,0,0,0,2,5,0,0.0,24.0,48.0,0.05143897996357013,0.07244158290906537,4.4403614173581145,1.0,48.104918032786884,0,7,0.0440251572327044,1.0,1.0,2.0,1.0244412547196773,0.0,0.0,0.0,0.0,0,0,True,0.0
2024-06-06,114.99064456105107,2.9041427563361117,3,0,8,0,2,2,0,0,0,0,2,0,0,0,2,5,0,0.0,24.0,48.0,0.05143897996357013,0.06919458340747797,4.440063055438426,1.0,48.104918032786884,0,8,0.050314465408805034,1.0,1.0,2.0,1.024493821766464,0.0,0.0,0.0,0.0,0,0,True,0.0
2024-06-07,108.69787010375246,2.8624242617545623,2,0,7,0,3,3,0,0,0,0,3,0,0,0,3,4,0,0.0,20.571428571428573,48.0,0.051438979963570115,0.06264441956411895,4.320594045562753,1.0,48.104918032786884,0,7,0.0440251572327044,1.0,1.0,2.0,1.0244412547196773,0.0,0.0,0.0,0.0,0,0,True,0.0
2024-06-08,102.82675704574788,2.8231954229972787,2,0,7,0,2,2,0,0,0,0,2,0,0,0,2,4,0,0.0,20.571428571428573,48.0,0.051644548529794436,0.062175456123600474,4.1735924771145365,1.0,48.11990632318501,0,7,0.0440251572327044,1.1428571428571428,1.1428571428571428,2.142857142857143,1.0279929391616733,0.0,0.0,0.0,0.0,0,0,True,0.0
2024-06-09,97.40283131659442,2.7847573653235274,1,0,6,0,2,2,0,0,0,0,2,0,0,0,2,4,0,0.0,24.0,48.0,0.052158469945355196,0.07113205775339575,3.979513033752813,1.0,48.157377049180326,0,6,0.03773584905660377,1.5,1.5,2.5,1.0369025625666897,0.0,0.0,0.0,0.0,0,0,True,0.0
2024-06-10,92.4397750244831,2.7495853785522364,2,0,6,0,2,2,0,0,0,0,2,0,0,0,2,4,0,0.0,24.0,48.0,0.051918639951426836,0.06676077529391744,3.7612961067441977,1.0,48.13989071038251,0,6,0.03773584905660377,1.3333333333333333,1.3333333333333333,2.3333333333333335,1.0328570558716965,0.0,0.0,0.0,0.0,0,0,True,0.0
2024-06-11,87.94056955465514,2.7160235497623226,2,0,6,0,2,2,0,0,0,0,2,0,0,0,2,4,0,0.0,24.0,48.0,0.05167880995749848,0.06077933485306194,3.5723957744985344,1.0,48.1224043715847,0,6,0.03773584905660377,1.1666666666666667,1.1666666666666667,2.1666666666666665,1.0287134240227012,0.0,0.0,0.0,0.0,0,0,True,0.0
2024-06-12,83.89883561088229,2.6858742303891683,2,0,6,0,2,2,0,0,0,0,2,0,0,0,2,3,0,0.0,20.0,48.0,0.05143897996357013,0.05138538499544709,3.296104497811969,1.0,48.104918032786884,0,6,0.03773584905660377,1.0,1.0,2.0,1.0244692904779635,0.0,0.0,0.0,0.0,0,0,True,0.0
2024-06-13,80.30029248549191,2.6576839467721114,1,0,5,0,2,2,0,0,0,0,2,0,0,0,2,2,0,0.0,14.4,48.0,0.05172677595628415,0.04880643784327328,3.0633810593375,1.0,48.125901639344264,0,5,0.031446540880503145,1.2,1.2,2.1999999999999997,1.0293631485735564,0.0,0.0,0.0,0.0,0,0,True,0.0
2024-06-14,77.12426400145304,2.6328035602875968,1,0,5,0,1,1,0,0,0,0,1,0,0,0,1,3,0,0.0,19.2,48.0,0.05230236794171221,0.05570605509701867,2.773999649157529,1.0,48.167868852459016,0,5,0.031446540880503145,1.5999999999999999,1.5999999999999999,2.6,1.0394284670460359,0.0,0.0,0.0,0.0,0,0,True,0.0
2024-06-15,74.3451667248808,2.6104837894625135,2,0,6,0,1,1,0,0,0,0,1,0,0,0,1,2,0,0.0,16.0,48.0,0.05215846994535519,0.04768928746056352,2.5130146975551604,1.0,48.157377049180326,0,6,0.03773584905660377,1.5,1.5,2.5,1.0371011894164341,0.0,0.0,0.0,0.0,0,0,True,0.0
2024-06-16,71.93392630773415,2.59069886569373,0,0,4,0,2,2,0,0,0,0,2,0,0,0,2,2,0,0.0,12.0,24.0,0.052518214936247726,0.047702576613962155,2.2328360359460397,1.0,48.18360655737705,0,4,0.025157232704402517,1.75,1.75,2.75,1.0430701360340517,0.0,0.0,0.0,0.0,0,0,True,0.0
2024-06-17,69.85927929247957,2.5736757879649157,2,0,6,0,0,0,0,0,0,0,0,0,0,0,0,2,0,0.0,16.0,48.0,0.05263812993321191,0.04495401972739196,1.970925744089369,1.0,48.19234972677595,0,6,0.03773584905660377,1.8333333333333333,1.8333333333333333,2.8333333333333335,1.0455918904334698,0.0,0.0,0.0,0.0,0,0,True,0.0
2024-06-18,68.08892955459343,2.5586501137652524,0,0,4,0,2,2,0,0,0,0,2,0,0,0,2,2,0,0.0,12.0,24.0,0.052877959927140256,0.040208059311670596,1.7277891899087017,1.0,48.20983606557377,0,4,0.025157232704402517,2.0,2.0,3.0,1.0494363363511585,0.0,0.0,0.0,0.0,0,0,True,0.0
2024-06-19,66.59054004351111,2.545932675998069,0,0,4,0,0,0,0,0,0,0,0,0,0,0,0,2,0,0.0,24.0,48.0,0.05431693989071039,0.052925497078853856,1.4922063231887013,1.0,48.31475409836065,0,4,0.025157232704402517,3.0,3.0,4.0,1.0749084394022657,0.0,0.0,0.0,0.0,0,0,True,0.0
2024-06-20,65.33255101721717,2.535013055999084,2,0,4,0,2,2,0,0,0,0,2,0,0,0,2,0,0,0.0,0.0,0.0,0.052158469945355196,0.024301847847069458,1.2887577321943826,1.0,48.157377049180326,0,4,0.025157232704402517,1.5,1.5,2.5,1.0372998162661784,0.0,0.0,0.0,0.0,0,0,True,0.0
2024-06-21,64.28482511768256,2.525918565946403,0,0,4,0,0,0,0,0,0,0,0,0,0,0,0,0,0,0.0,0.0,0.0,0.05359744990892532,0.03339633789975072,1.0910515939616487,1.0,48.26229508196721,0,4,0.025157232704402517,2.5,2.5,3.5,1.0624775438552803,0.0,0.0,0.0,0.0,0,0,True,0.0
2024-06-22,63.41912713254185,2.5182655365016156,0,0,4,0,0,0,0,0,0,0,0,0,0,0,0,2,0,0.0,12.0,24.0,0.05503642987249545,0.041049367344538124,0.9222379832151203,1.0,48.367213114754094,0,4,0.025157232704402517,3.5,3.5,4.5,1.0882659318480024,0.0,0.0,0.0,0.0,0,0,True,0.0
2024-06-23,62.70945201296719,2.5119857369657823,0,0,4,0,0,0,0,0,0,0,0,0,0,0,0,2,0,0.0,24.0,48.0,0.05647540983606558,0.047329166880371365,0.7675773011100636,1.0,48.472131147540985,0,4,0.025157232704402517,4.5,4.5,5.5,1.1146797684597631,0.0,0.0,0.0,0.0,0,0,True,0.0
2024-06-24,62.13221868101055,2.5068778932354547,0,0,2,0,2,2,0,0,0,0,2,0,0,0,2,0,0,0.0,0.0,0.0,0.055755919854280515,0.03266537599531438,0.6346890903649408,1.0,48.41967213114754,0,2,0.012578616352201259,4.0,4.0,5.0,1.1006820475406003,0.0,0.0,0.0,0.0,0,0,True,0.0
2024-06-25,61.66634948073634,2.5023490447707464,0,0,2,0,0,0,0,0,0,0,0,0,0,0,0,0,0,0.0,0.0,0.0,0.05719489981785064,0.03719422446002274,0.5305497243623059,1.0,48.52459016393443,0,2,0.012578616352201259,5.0,5.0,6.0,1.1273970324320737,0.0,0.0,0.0,0.0,0,0,True,0.0
2024-06-26,61.29325600324493,2.4987220957864924,2,0,4,0,0,0,0,0,0,0,0,0,0,0,0,0,0,0.0,0.0,0.0,0.05431693989071039,0.021049538828892156,0.44212137264299695,1.0,48.31475409836065,0,4,0.025157232704402517,3.0,3.0,4.0,1.077379952193585,0.0,0.0,0.0,0.0,0,0,True,0.0
2024-06-27,60.99675169241121,2.4933311581361868,3,0,7,0,0,0,0,0,0,0,0,0,0,0,0,0,0,0.0,0.0,0.0,0.053289097059588855,0.016181204501175803,0.4515578366422653,1.0,48.23981264637002,0,7,0.0440251572327044,2.2857142857142856,2.2857142857142856,3.285714285714286,1.0591598258435613,0.0,0.0,0.0,0.0,0,0,True,0.0
2024-06-28,60.7629103846519,2.489079537285712,2,0,9,0,0,0,0,0,0,0,0,0,0,0,0,0,0,0.0,0.0,0.0,0.053677393240234766,0.01623563365445873,0.44231691616780644,1.0,48.26812386156648,0,9,0.05660377358490566,2.555555555555556,2.555555555555556,3.5555555555555554,1.0660081837942128,0.0,0.0,0.0,0.0,0,0,True,0.0
2024-06-29,60.57988802092092,2.4856120774829593,1,0,10,0,0,0,0,0,0,0,0,0,0,0,0,0,0,0.0,0.0,0.0,0.05460473588342442,0.01792157636319449,0.43700061011776964,1.0,48.33573770491803,0,10,0.06289308176100629,3.1999999999999997,3.1999999999999997,4.2,1.082693906574867,0.0,0.0,0.0,0.0,0,0,True,0.0
2024-06-30,60.43772244291014,2.482918672059499,2,0,12,0,0,0,0,0,0,0,0,0,0,0,0,0,0,0.0,0.0,0.0,0.05503642987249544,0.01742187281229594,0.34708286922292925,1.0,48.367213114754094,0,12,0.07547169811320754,3.5,3.5,4.5,1.0908104301878894,0.0,0.0,0.0,0.0,0,0,True,0.0
2024-07-01,60.32812366772743,2.4808422627091335,1,0,13,0,0,0,0,0,0,0,0,0,0,0,0,0,0,0.0,0.0,0.0,0.05597730138713746,0.018029778710984774,0.2745758192192878,1.0,48.435813366960915,0,13,0.08176100628930817,4.153846153846154,4.153846153846154,5.153846153846154,1.1082638837762486,0.0,0.0,0.0,0.0,0,0,True,0.0
2024-07-02,60.24426450723618,2.479210524125023,0,0,13,0,0,0,0,0,0,0,0,0,0,0,0,0,0,0.0,0.0,0.0,0.05741628135070758,0.01966151729509525,0.21338511193120802,1.0,48.54073139974779,0,13,0.08176100628930817,5.153846153846154,5.153846153846154,6.153846153846153,1.1351626017138796,0.0,0.0,0.0,0.0,0,0,True,0.0
2024-07-03,60.18057899922423,2.4779713261642633,1,0,14,0,0,0,0,0,0,0,0,0,0,0,0,0,0,0.0,0.0,0.0,0.058222742648972155,0.019493188487751327,0.16491152984118665,1.0,48.599531615925066,0,14,0.0880503144654088,5.714285714285714,5.714285714285714,6.714285714285714,1.1510912449745025,0.0,0.0,0.0,0.0,0,0,True,0.0
2024-07-04,60.13257394604026,2.4770267789401763,1,0,15,0,0,0,0,0,0,0,0,0,0,0,0,0,0,0.0,0.0,0.0,0.059017607771706136,0.019078990290592894,0.12718279229857465,1.0,48.657486338797824,0,15,0.09433962264150944,6.266666666666667,6.266666666666667,7.266666666666667,1.1670933113198336,0.0,0.0,0.0,0.0,0,0,True,0.0
2024-07-05,60.09665697308529,2.476320076731719,0,0,15,0,0,0,0,0,0,0,0,0,0,0,0,0,0,0.0,0.0,0.0,0.06045658773527626,0.01978569249905015,0.09634824644346729,1.0,48.7624043715847,0,15,0.09433962264150944,7.266666666666667,7.266666666666667,8.266666666666667,1.195418637765289,0.0,0.0,0.0,0.0,0,0,True,0.0
2024-07-06,60.06998295302586,2.4757914942141146,0,0,15,0,0,0,0,0,0,0,0,0,0,0,0,0,0,0.0,0.0,0.0,0.06189556769884638,0.020314275016654608,0.07266106500495677,1.0,48.86732240437159,0,15,0.09433962264150944,8.266666666666667,8.266666666666667,9.266666666666667,1.2244308290398713,0.0,0.0,0.0,0.0,0,0,True,0.0
2024-07-07,60.05031939418538,2.4754018336599946,0,0,15,0,0,0,0,0,0,0,0,0,0,0,0,0,0,0.0,0.0,0.0,0.0633345476624165,0.02070393557077465,0.05416484267272518,1.0,48.97224043715847,0,15,0.09433962264150944,9.266666666666667,9.266666666666667,10.266666666666667,1.2541465120335877,0.0,0.0,0.0,0.0,0,0,True,0.0
2024-07-08,60.03593044612393,2.4751166967974196,0,0,15,0,0,0,0,0,0,0,0,0,0,0,0,0,0,0.0,0.0,0.0,0.06477352762598662,0.02098907243334957,0.04011266447664733,1.0,49.07715846994536,0,15,0.09433962264150944,10.266666666666667,10.266666666666667,11.266666666666666,1.2845827146982576,0.0,0.0,0.0,0.0,0,0,True,0.0
2024-07-09,60.02547850148421,2.4749087616961023,1,0,16,0,0,0,0,0,0,0,0,0,0,0,0,0,0,0.0,0.0,0.0,0.06519922586520947,0.019877896957743835,0.029424417267076564,1.0,49.10819672131147,0,16,0.10062893081761007,10.5625,10.5625,11.5625,1.296022070923422,0.0,0.0,0.0,0.0,0,0,True,0.0
2024-07-10,60.017941932537155,2.474758826226521,0,0,16,0,0,0,0,0,0,0,0,0,0,0,0,0,0,0.0,0.0,0.0,0.0666382058287796,0.020027832427325143,0.021433581115785454,1.0,49.213114754098356,0,16,0.10062893081761007,11.5625,11.5625,12.5625,1.3274734906432788,0.0,0.0,0.0,0.0,0,0,True,0.0
2024-07-11,60.01254725208446,2.474651340191919,0,0,16,0,0,0,0,0,0,0,0,0,0,0,0,0,0,0.0,0.0,0.0,0.06807718579234973,0.020135318461927343,0.015511886850028134,1.0,49.31803278688524,0,16,0.10062893081761007,12.5625,12.5625,13.5625,1.3596874326801573,0.0,0.0,0.0,0.0,0,0,True,0.0
2024-07-12,60.00871389040611,2.474574962573334,0,0,16,0,0,0,0,0,0,0,0,0,0,0,0,0,0,0.0,0.0,0.0,0.06951616575591985,0.020211696080512154,0.011126637425610634,1.0,49.42295081967213,0,16,0.10062893081761007,13.5625,13.5625,14.5625,1.3926823481108301,0.0,0.0,0.0,0.0,0,0,True,0.0
2024-07-13,60.00600979460894,2.4745210849550077,0,0,16,0,0,0,0,0,0,0,0,0,0,0,0,0,0,0.0,0.0,0.0,0.07095514571948999,0.020265573698838468,0.007924709050444179,1.0,49.527868852459015,0,16,0.10062893081761007,14.5625,14.5625,15.5625,1.4264771327194627,0.0,0.0,0.0,0.0,0,0,True,0.0
2024-07-14,60.0041161503721,2.4744833265120905,0,0,16,0,0,0,0,0,0,0,0,0,0,0,0,0,0,0.0,0.0,0.0,0.07239412568306011,0.02030333214175567,0.005600455994277572,1.0,49.632786885245906,0,16,0.10062893081761007,15.5625,15.5625,16.5625,1.461091137629403,0.0,0.0,0.0,0.0,0,0,True,0.0
2024-07-15,60.002799670367025,2.474457076473062,0,0,16,0,0,0,0,0,0,0,0,0,0,0,0,0,0,0.0,0.0,0.0,0.07383310564663023,0.020329582180784345,0.003929536675739698,1.0,49.73770491803279,0,16,0.10062893081761007,16.5625,16.5625,17.5625,1.4965441801848858,0.0,0.0,0.0,0.0,0,0,True,0.0
2024-07-16,60.001891065776555,2.4744389549839196,0,0,16,0,0,0,0,0,0,0,0,0,0,0,0,0,0,0.0,0.0,0.0,0.07527208561020036,0.020347703669926498,0.002737665702934322,1.0,49.842622950819674,0,16,0.10062893081761007,17.5625,17.5625,18.5625,1.5328565550883257,0.0,0.0,0.0,0.0,0,0,True,0.0
2024-07-17,60.0012684998953,2.4744265383386863,0,0,16,0,0,0,0,0,0,0,0,0,0,0,0,0,0,0.0,0.0,0.0,0.0767110655737705,0.020360120315159824,0.001892939113471807,1.0,49.94754098360656,0,16,0.10062893081761007,18.5625,18.5625,19.5625,1.5700490457989718,0.0,0.0,0.0,0.0,0,0,True,0.0
2024-07-18,60.00084500310044,2.474418090957562,0,0,16,0,0,0,0,0,0,0,0,0,0,0,0,0,0,0.0,0.0,0.0,0.07815004553734062,0.0203685676962842,0.0012995171833285468,1.0,50.05245901639344,0,16,0.10062893081761007,19.5625,19.5625,20.5625,1.6081429361988309,0.0,0.0,0.0,0.0,0,0,True,0.0
2024-07-19,60.00055899797581,2.4744123860872524,0,0,16,0,0,0,0,0,0,0,0,0,0,0,0,0,0,0.0,0.0,0.0,0.07958902550091075,0.020374272566593687,0.0008856298889063178,1.0,50.157377049180326,0,16,0.10062893081761007,20.5625,20.5625,21.5625,1.6471600225318808,0.0,0.0,0.0,0.0,0,0,True,0.0
2024-07-20,60.00036723683363,2.474408561077306,0,0,16,0,0,0,0,0,0,0,0,0,0,0,0,0,0,0.0,0.0,0.0,0.08102800546448088,0.020378097576540244,0.0005992420460139888,1.0,50.26229508196721,0,16,0.10062893081761007,21.5625,21.5625,22.5625,1.6871226256227203,0.0,0.0,0.0,0.0,0,0,True,0.0
2024-07-21,60.000239588682426,2.4744060147703637,0,0,16,0,0,0,0,0,0,0,0,0,0,0,0,0,0,0.0,0.0,0.0,0.082466985428051,0.02038064388348243,0.00040253957327429646,1.0,50.367213114754094,0,16,0.10062893081761007,22.5625,22.5625,23.5625,1.728053603380932,0.0,0.0,0.0,0.0,0,0,True,0.0
2024-07-22,60.00015522813167,2.474404331958243,0,0,16,0,0,0,0,0,0,0,0,0,0,0,0,0,0,0.0,0.0,0.0,0.08390596539162112,0.020382326695603192,0.00026847096698349543,1.0,50.47213114754098,0,16,0.10062893081761007,23.5625,23.5625,24.5625,1.7699763635975518,0.0,0.0,0.0,0.0,0,0,True,0.0
2024-07-23,60.000099875422045,2.474403227773545,0,0,16,0,0,0,0,0,0,0,0,0,0,0,0,0,0,0.0,0.0,0.0,0.08534494535519126,0.02038343088030109,0.00017777679202820215,1.0,50.57704918032787,0,16,0.10062893081761007,24.5625,24.5625,25.5625,1.8129148770401802,0.0,0.0,0.0,0.0,0,0,True,0.0
2024-07-24,60.000063816192764,2.474402508458277,0,0,16,0,0,0,0,0,0,0,0,0,0,0,0,0,0,0.0,0.0,0.0,0.08678392531876139,0.02038415019556933,0.00011687706956327777,1.0,50.68196721311475,0,16,0.10062893081761007,25.5625,25.5625,26.5625,1.8568936908533895,0.0,0.0,0.0,0.0,0,0,True,0.0
2024-07-25,60.00004049367755,2.474402043213772,0,0,16,0,0,0,0,0,0,0,0,0,0,0,0,0,0,0.0,0.0,0.0,0.08822290528233151,0.020384615440074028,7.629148236117562e-05,1.0,50.786885245901644,0,16,0.10062893081761007,26.5625,26.5625,27.5625,1.901937942271228,0.0,0.0,0.0,0.0,0,0,True,0.0
2024-07-26,60.000025516882616,2.47440174445219,0,0,16,0,0,0,0,0,0,0,0,0,0,0,0,0,0,0.0,0.0,0.0,0.08966188524590164,0.020384914201656168,4.9444045169266815e-05,1.0,50.89180327868853,0,16,0.10062893081761007,27.5625,27.5625,28.5625,1.9480733726487407,0.0,0.0,0.0,0.0,0,0,True,0.0
2024-07-27,60.00001596805712,2.474401553969344,0,0,16,0,0,0,0,0,0,0,0,0,0,0,0,0,0,0.0,0.0,0.0,0.09110086520947178,0.02038510468450211,3.181629775935354e-05,1.0,50.99672131147541,0,16,0.10062893081761007,28.5625,28.5625,29.5625,1.995326341819579,0.0,0.0,0.0,0.0,0,0,True,0.0
2024-07-28,60.00000992340246,2.474401433388418,0,0,16,0,0,0,0,0,0,0,0,0,0,0,0,0,0,0.0,0.0,0.0,0.0925398451730419,0.020385225265428242,2.0327511807138876e-05,1.0,51.101639344262296,0,16,0.10062893081761007,29.5625,29.5625,30.5625,2.0437238427868967,0.0,0.0,0.0,0.0,0,0,True,0.0
2024-07-29,60.000006124254064,2.4744013576016517,0,0,16,0,0,0,0,0,0,0,0,0,0,0,0,0,0,0.0,0.0,0.0,0.09397882513661202,0.020385301052194438,1.2895017942327058e-05,1.0,51.20655737704918,0,16,0.10062893081761007,30.5625,30.5625,31.5625,2.09329351675488,0.0,0.0,0.0,0.0,0,0,True,0.0
2024-07-30,60.000003753443295,2.4744013103078393,0,0,16,0,0,0,0,0,0,0,0,0,0,0,0,0,0,0.0,0.0,0.0,0.09541780510018215,0.02038534834600686,8.122050158358244e-06,1.0,51.31147540983606,0,16,0.10062893081761007,31.5625,31.5625,32.5625,2.1440636685083927,0.0,0.0,0.0,0.0,0,0,True,0.0
2024-07-31,60.000002284496965,2.474401281004753,0,0,16,0,0,0,0,0,0,0,0,0,0,0,0,0,0,0.0,0.0,0.0,0.09685678506375228,0.02038537764909304,5.079455493254652e-06,1.0,51.41639344262295,0,16,0.10062893081761007,32.5625,32.5625,33.5625,2.1960632821483745,0.0,0.0,0.0,0.0,0,0,True,0.0
2024-08-01,60.00000138081462,2.4744012629777585,0,0,16,0,0,0,0,0,0,0,0,0,0,0,0,0,0,0.0,0.0,0.0,0.0982957650273224,0.020385395676087603,3.154129772179696e-06,1.0,51.52131147540983,0,16,0.10062893081761007,33.5625,33.5625,34.5625,2.2493220371907543,0.0,0.0,0.0,0.0,0,0,True,0.0
2024-08-02,60.00000082882766,2.474401251966515,0,0,16,0,0,0,0,0,0,0,0,0,0,0,0,0,0,0.0,0.0,0.0,0.09973474499089253,0.020385406687331076,1.944710807203857e-06,1.0,51.626229508196715,0,16,0.10062893081761007,34.5625,34.5625,35.5625,2.3038703250368098,0.0,0.0,0.0,0.0,0,0,True,0.0
2024-08-03,60.00000049405712,2.474401245288386,0,0,16,0,0,0,0,0,0,0,0,0,0,0,0,0,0,0.0,0.0,0.0,0.10117372495446267,0.020385413365460237,1.1905455732375003e-06,1.0,51.731147540983606,0,16,0.10062893081761007,35.5625,35.5625,36.5625,2.359739265823043,0.0,0.0,0.0,0.0,0,0,True,0.0
2024-08-04,60.00000029246517,2.4744012412669534,0,0,16,0,0,0,0,0,0,0,0,0,0,0,0,0,0,0.0,0.0,0.0,0.10261270491803279,0.020385417386892757,7.236935051224691e-07,1.0,51.83606557377049,0,16,0.10062893081761007,36.5625,36.5625,37.5625,2.416960725658783,0.0,0.0,0.0,0.0,0,0,True,0.0
2024-08-05,60.000000171931404,2.4744012388625,0,0,16,0,0,0,0,0,0,0,0,0,0,0,0,0,0,0.0,0.0,0.0,0.10405168488160292,0.020385419791346282,4.368005068755565e-07,1.0,51.94098360655738,0,16,0.10062893081761007,37.5625,37.5625,38.5625,2.4755673342599036,0.0,0.0,0.0,0.0,0,0,True,0.0
2024-08-06,60.00000010037379,2.4744012374350413,0,0,16,0,0,0,0,0,0,0,0,0,0,0,0,0,0,0.0,0.0,0.0,0.10549066484517305,0.020385421218804878,2.617781547087361e-07,1.0,52.045901639344265,0,16,0.10062893081761007,38.5625,38.5625,39.5625,2.5355925029871615,0.0,0.0,0.0,0.0,0,0,True,0.0
2024-08-07,60.00000005819283,2.4744012365935997,0,0,16,0,0,0,0,0,0,0,0,0,0,0,0,0,0,0.0,0.0,0.0,0.10692964480874317,0.02038542206024646,1.5577845680070368e-07,1.0,52.15081967213115,0,16,0.10062893081761007,39.5625,39.5625,40.5625,2.5970704432978504,0.0,0.0,0.0,0.0,0,0,True,0.0
2024-08-08,60.00000003350447,2.474401236101106,0,0,16,0,0,0,0,0,0,0,0,0,0,0,0,0,0,0.0,0.0,0.0,0.1083686247723133,0.020385422552740062,9.204645934346445e-08,1.0,52.25573770491803,0,16,0.10062893081761007,40.5625,40.5625,41.5625,2.6600361856195924,0.0,0.0,0.0,0.0,0,0,True,0.0
2024-08-09,60.00000001915667,2.4744012358148906,0,0,16,0,0,0,0,0,0,0,0,0,0,0,0,0,0,0.0,0.0,0.0,0.10980760473588344,0.020385422838955558,5.400502267605134e-08,1.0,52.36065573770492,0,16,0.10062893081761007,41.5625,41.5625,42.5625,2.72452559865527,0.0,0.0,0.0,0.0,0,0,True,0.0
2024-08-10,60.00000001087731,2.4744012356497316,0,0,16,0,0,0,0,0,0,0,0,0,0,0,0,0,0,0.0,0.0,0.0,0.11124658469945356,0.020385423004114556,3.146226982645809e-08,1.0,52.4655737704918,0,16,0.10062893081761007,42.5625,42.5625,43.5625,2.7905754091282358,0.0,0.0,0.0,0.0,0,0,True,0.0
2024-08-11,60.00000000613348,2.4744012355551006,0,0,16,0,0,0,0,0,0,0,0,0,0,0,0,0,0,0.0,0.0,0.0,0.11268556466302368,0.020385423098745525,1.8200182102153423e-08,1.0,52.570491803278685,0,16,0.10062893081761007,43.5625,43.5625,44.5625,2.85822322197711,0.0,0.0,0.0,0.0,0,0,True,0.0
2024-08-12,60.0000000034346,2.474401235501263,0,0,16,0,0,0,0,0,0,0,0,0,0,0,0,0,0,0.0,0.0,0.0,0.11412454462659381,0.02038542315258335,1.0454259680159339e-08,1.0,52.67540983606557,0,16,0.10062893081761007,44.5625,44.5625,45.5625,2.92750754100964,0.0,0.0,0.0,0.0,0,0,True,0.0
2024-08-13,60.00000000190999,2.474401235470848,0,0,16,0,0,0,0,0,0,0,0,0,0,0,0,0,0,0.0,0.0,0.0,0.11556352459016395,0.02038542318299813,5.962785820656791e-09,1.0,52.78032786885245,0,16,0.10062893081761007,45.5625,45.5625,46.5625,2.9984677900252352,0.0,0.0,0.0,0.0,0,0,True,0.0
2024-08-14,60.000000001054794,2.4744012354537874,0,0,16,0,0,0,0,0,0,0,0,0,0,0,0,0,0,0.0,0.0,0.0,0.11700250455373407,0.020385423200058705,3.3771060022521246e-09,1.0,52.885245901639344,0,16,0.10062893081761007,46.5625,46.5625,47.5625,3.0711443344159743,0.0,0.0,0.0,0.0,0,0,True,0.0
2024-08-15,60.00000000057848,2.474401235444286,0,0,16,0,0,0,0,0,0,0,0,0,0,0,0,0,0,0.0,0.0,0.0,0.11844148451730419,0.020385423209559994,1.8992215207921013e-09,1.0,52.99016393442623,0,16,0.10062893081761007,47.5625,47.5625,48.5625,3.1455785032560306,0.0,0.0,0.0,0.0,0,0,True,0.0
2024-08-16,60.00000000031506,2.4744012354390317,0,0,16,0,0,0,0,0,0,0,0,0,0,0,0,0,0,0.0,0.0,0.0,0.11988046448087433,0.020385423214814458,1.0605442450165963e-09,1.0,53.09508196721312,0,16,0.10062893081761007,48.5625,48.5625,49.5625,3.221812611889618,0.0,0.0,0.0,0.0,0,0,True,0.0
2024-08-17,60.00000000017041,2.474401235436145,0,0,16,0,0,0,0,0,0,0,0,0,0,0,0,0,0,0.0,0.0,0.0,0.12131944444444445,0.020385423217701037,5.880777346571146e-10,1.0,53.2,0,16,0.10062893081761007,49.5625,49.5625,50.5625,3.299889985027743,0.0,0.0,0.0,0.0,0,0,True,0.0
2024-08-18,60.00000000009153,2.4744012354345712,0,0,16,0,0,0,0,0,0,0,0,0,0,0,0,0,0,0.0,0.0,0.0,0.12275842440801457,0.02038542321927489,3.2382985182266566e-10,1.0,53.30491803278689,0,16,0.10062893081761007,50.5625,50.5625,51.5625,3.379854980364177,0.0,0.0,0.0,0.0,0,0,True,0.0
2024-08-19,60.00000000004882,2.474401235433719,0,0,16,0,0,0,0,0,0,0,0,0,0,0,0,0,0,0.0,0.0,0.0,0.12419740437158469,0.020385423220127097,1.770879739145433e-10,1.0,53.40983606557377,0,16,0.10062893081761007,51.5625,51.5625,52.5625,3.4617530127212612,0.0,0.0,0.0,0.0,0,0,True,0.0
2024-08-20,60.000000000025864,2.4744012354332616,0,0,16,0,0,0,0,0,0,0,0,0,0,0,0,0,0,0.0,0.0,0.0,0.12563638433515484,0.02038542322058451,9.611570798521522e-11,1.0,53.514754098360655,0,16,0.10062893081761007,52.5625,52.5625,53.5625,3.5456305787362816,0.0,0.0,0.0,0.0,0,0,True,0.0
2024-08-21,60.00000000001361,2.4744012354330174,0,0,16,0,0,0,0,0,0,0,0,0,0,0,0,0,0,0.0,0.0,0.0,0.12707536429872496,0.020385423220828758,5.179560484217897e-11,1.0,53.61967213114754,0,16,0.10062893081761007,53.5625,53.5625,54.5625,3.6315352820993376,0.0,0.0,0.0,0.0,0,0,True,0.0
2024-08-22,60.000000000007105,2.474401235432887,0,0,16,0,0,0,0,0,0,0,0,0,0,0,0,0,0,0.0,0.0,0.0,0.12851434426229508,0.02038542322095932,2.7740772641967244e-11,1.0,53.72459016393442,0,16,0.10062893081761007,54.5625,54.5625,55.5625,3.7195158593537787,0.0,0.0,0.0,0.0,0,0,True,0.0
2024-08-23,60.00000000000369,2.4744012354328184,0,0,16,0,0,0,0,0,0,0,0,0,0,0,0,0,0,0.0,0.0,0.0,0.12995332422586522,0.02038542322102771,1.4773367714345415e-11,1.0,53.82950819672131,0,16,0.10062893081761007,55.5625,55.5625,56.5625,3.8096222062704364,0.0,0.0,0.0,0.0,0,0,True,0.0
2024-08-24,60.0000000000019,2.4744012354327842,0,0,16,0,0,0,0,0,0,0,0,0,0,0,0,0,0,0.0,0.0,0.0,0.13139230418943537,0.020385423221061905,7.771561172376096e-12,1.0,53.93442622950819,0,16,0.10062893081761007,56.5625,56.5625,57.5625,3.901905404807041,0.0,0.0,0.0,0.0,0,0,True,0.0
2024-08-25,60.00000000000097,2.4744012354327665,0,0,16,0,0,0,0,0,0,0,0,0,0,0,0,0,0,0.0,0.0,0.0,0.1328312841530055,0.020385423221079668,4.0116058623122326e-12,1.0,54.03934426229508,0,16,0.10062893081761007,57.5625,57.5625,58.5625,3.9964177506643694,0.0,0.0,0.0,0.0,0,0,True,0.0
2024-08-26,60.0000000000005,2.474401235432757,0,0,16,0,0,0,0,0,0,0,0,0,0,0,0,0,0,0.0,0.0,0.0,0.1342702641165756,0.020385423221088994,2.042810365310288e-12,1.0,54.144262295081965,0,16,0.10062893081761007,58.5625,58.5625,59.5625,4.093212781450819,0.0,0.0,0.0,0.0,0,0,True,0.0
2024-08-27,60.00000000000025,2.474401235432752,0,0,16,0,0,0,0,0,0,0,0,0,0,0,0,0,0,0.0,0.0,0.0,0.13570924408014573,0.020385423221094323,1.080617077301819e-12,1.0,54.24918032786886,0,16,0.10062893081761007,59.5625,59.5625,60.5625,4.192345305467252,0.0,0.0,0.0,0.0,0,0,True,0.0
2024-08-28,60.00000000000013,2.474401235432749,0,0,16,0,0,0,0,0,0,0,0,0,0,0,0,0,0,0.0,0.0,0.0,0.13714822404371585,0.020385423221096988,5.773159728050814e-13,1.0,54.35409836065574,0,16,0.10062893081761007,60.5625,60.5625,61.5625,4.293871431124117,0.0,0.0,0.0,0.0,0,0,True,0.0
2024-08-29,60.000000000000064,2.474401235432749,0,0,16,0,0,0,0,0,0,0,0,0,0,0,0,0,0,0.0,0.0,0.0,0.13858720400728597,0.020385423221096988,2.6645352591003757e-13,1.0,54.459016393442624,0,16,0.10062893081761007,61.5625,61.5625,62.5625,4.397848597002975,0.0,0.0,0.0,0.0,0,0,True,0.0
2024-08-30,60.00000000000003,2.474401235432749,0,0,16,0,0,0,0,0,0,0,0,0,0,0,0,0,0,0.0,0.0,0.0,0.14002618397085612,0.020385423221096988,8.881784197001252e-14,1.0,54.56393442622951,0,16,0.10062893081761007,62.5625,62.5625,63.5625,4.504335602574724,0.0,0.0,0.0,0.0,0,0,True,0.0
2024-08-31,60.000000000000014,2.4744012354327474,0,0,16,0,0,0,0,0,0,0,0,0,0,0,0,0,0,0.0,0.0,0.0,0.14146516393442626,0.020385423221098764,5.921189464667502e-14,1.0,54.66885245901639,0,16,0.10062893081761007,63.5625,63.5625,64.5625,4.61339263958695,0.0,0.0,0.0,0.0,0,0,True,0.0
2024-09-01,60.00000000000001,2.4744012354327465,0,0,16,0,0,0,0,0,0,0,0,0,0,0,0,0,0,0.0,0.0,0.0,0.14290414389799638,0.020385423221099652,8.881784197001252e-14,1.0,54.773770491803276,0,16,0.10062893081761007,64.5625,64.5625,65.5625,4.725081324132934,0.0,0.0,0.0,0.0,0,0,True,0.0
2024-09-02,60.00000000000001,2.4744012354327465,0,0,16,0,0,0,0,0,0,0,0,0,0,0,0,0,0,0.0,0.0,0.0,0.1443431238615665,0.020385423221099652,8.881784197001252e-14,1.0,54.87868852459016,0,16,0.10062893081761007,65.5625,65.5625,66.5625,4.839464729415049,0.0,0.0,0.0,0.0,0,0,True,0.0
2024-09-03,60.0,2.474401235432747,0,0,16,0,0,0,0,0,0,0,0,0,0,0,0,0,0,0.0,0.0,0.0,0.14578210382513662,0.020385423221099208,2.960594732333751e-14,1.0,54.983606557377044,0,16,0.10062893081761007,66.5625,66.5625,67.5625,4.956607419215306,0.0,0.0,0.0,0.0,0,0,True,0.0
2024-09-04,60.0,2.474401235432747,0,0,16,0,0,0,0,0,0,0,0,0,0,0,0,0,0,0.0,0.0,0.0,0.14722108378870674,0.020385423221099208,-0.0,1.0,55.08852459016393,0,16,0.10062893081761007,67.5625,67.5625,68.5625,5.076575482086024,0.0,0.0,0.0,0.0,0,0,True,0.0
2024-09-05,60.0,2.474401235432747,0,0,16,0,0,0,0,0,0,0,0,0,0,0,0,0,0,0.0,0.0,0.0,0.14866006375227686,0.020385423221099208,-0.0,1.0,55.19344262295082,0,16,0.10062893081761007,68.5625,68.5625,69.5625,5.1994365662736515,0.0,0.0,0.0,0.0,0,0,True,0.0
2024-09-06,60.0,2.474401235432747,0,0,16,0,0,0,0,0,0,0,0,0,0,0,0,0,0,0.0,0.0,0.0,0.150099043715847,0.020385423221099208,-0.0,1.0,55.2983606557377,0,16,0.10062893081761007,69.5625,69.5625,70.5625,5.325259915388887,0.0,0.0,0.0,0.0,0,0,True,0.0
2024-09-07,60.0,2.474401235432747,0,2,14,2,0,0,0,0,0,0,0,0,0,0,0,0,0,0.0,0.0,0.0,0.15153802367941716,0.020385423221099208,-0.0,1.0,55.403278688524594,0,16,0.10062893081761007,70.5625,70.5625,70.35714285714286,5.454116404836365,0.0,0.0,0.0,0.0,0,0,True,0.0
2024-09-08,60.0,2.474401235432747,0,0,14,2,0,0,0,0,0,0,0,0,0,0,0,0,0,0.0,0.0,0.0,0.15297700364298727,0.020385423221099208,-0.0,1.0,55.50819672131148,0,16,0.10062893081761007,71.5625,71.5625,71.35714285714286,5.5860785790172445,0.0,0.0,0.0,0.0,0,0,True,0.0
2024-09-09,60.0,2.474401235432747,0,0,14,2,0,0,0,0,0,0,0,0,0,0,0,0,0,0.0,0.0,0.0,0.1544159836065574,0.020385423221099208,-0.0,1.0,55.61311475409836,0,16,0.10062893081761007,72.5625,72.5625,72.35714285714286,5.721220689318134,0.0,0.0,0.0,0.0,0,0,True,0.0
2024-09-10,60.0,2.474401235432747,0,0,14,2,0,0,0,0,0,0,0,0,0,0,0,0,0,0.0,0.0,0.0,0.1558549635701275,0.020385423221099208,-0.0,1.0,55.718032786885246,0,16,0.10062893081761007,73.5625,73.5625,73.35714285714286,5.859618732899858,0.0,0.0,0.0,0.0,0,0,True,0.0
2024-09-11,60.0,2.474401235432747,0,0,14,2,0,0,0,0,0,0,0,0,0,0,0,0,0,0.0,0.0,0.0,0.15729394353369763,0.020385423221099208,-0.0,1.0,55.82295081967213,0,16,0.10062893081761007,74.5625,74.5625,74.35714285714286,6.00135049229964,0.0,0.0,0.0,0.0,0,0,True,0.0
2024-09-12,60.0,2.474401235432747,0,0,14,2,0,0,0,0,0,0,0,0,0,0,0,0,0,0.0,0.0,0.0,0.15873292349726778,0.020385423221099208,-0.0,1.0,55.927868852459014,0,16,0.10062893081761007,75.5625,75.5625,75.35714285714286,6.146495575860307,0.0,0.0,0.0,0.0,0,0,True,0.0
2024-09-13,60.0,2.474401235432747,0,2,12,4,0,0,0,0,0,0,0,0,0,0,0,0,0,0.0,0.0,0.0,0.16017190346083793,0.020385423221099208,-0.0,1.0,56.0327868852459,0,16,0.10062893081761007,76.5625,76.5625,75.75,6.295135459000232,0.0,0.0,0.0,0.0,0,0,True,0.0
2024-09-14,60.0,2.474401235432747,0,3,9,7,0,0,0,0,0,0,0,0,0,0,0,0,0,0.0,0.0,0.0,0.16161088342440805,0.020385423221099208,-0.0,1.0,56.13770491803278,0,16,0.10062893081761007,77.5625,77.5625,75.66666666666667,6.447353526337664,0.0,0.0,0.0,0.0,0,0,True,0.0
2024-09-15,60.0,2.474401235432747,0,2,7,9,0,0,0,0,0,0,0,0,0,0,0,0,0,0.0,0.0,0.0,0.16304986338797817,0.020385423221099208,-0.0,1.0,56.242622950819666,0,16,0.10062893081761007,78.5625,78.5625,75.71428571428571,6.603235114683205,0.0,0.0,0.0,0.0,0,0,True,0.0
2024-09-16,60.0,2.474401235432747,0,1,6,10,0,0,0,0,0,0,0,0,0,0,0,0,0,0.0,0.0,0.0,0.1644888433515483,0.020385423221099208,-0.0,1.0,56.34754098360656,0,16,0.10062893081761007,79.5625,79.5625,76.16666666666667,6.762867556914153,0.0,0.0,0.0,0.0,0,0,True,0.0
2024-09-17,60.0,2.474401235432747,0,2,4,12,0,0,0,0,0,0,0,0,0,0,0,0,0,0.0,0.0,0.0,0.1659278233151184,0.020385423221099208,-0.0,1.0,56.45245901639344,0,16,0.10062893081761007,80.5625,80.5625,75.75,6.926340226744422,0.0,0.0,0.0,0.0,0,0,True,0.0
2024-09-18,60.0,2.474401235432747,0,1,3,13,0,0,0,0,0,0,0,0,0,0,0,0,0,0.0,0.0,0.0,0.16736680327868853,0.020385423221099208,-0.0,1.0,56.55737704918033,0,16,0.10062893081761007,81.5625,81.5625,75.66666666666667,7.093744584403742,0.0,0.0,0.0,0.0,0,0,True,0.0
2024-09-19,60.0,2.474401235432747,0,0,3,13,0,0,0,0,0,0,0,0,0,0,0,0,0,0.0,0.0,0.0,0.16880578324225867,0.020385423221099208,-0.0,1.0,56.662295081967216,0,16,0.10062893081761007,82.5625,82.5625,76.66666666666667,7.2651742232397964,0.0,0.0,0.0,0.0,0,0,True,0.0
2024-09-20,60.0,2.474401235432747,0,1,2,14,0,0,0,0,0,0,0,0,0,0,0,0,0,0.0,0.0,0.0,0.17024476320582882,0.020385423221099208,-0.0,1.0,56.7672131147541,0,16,0.10062893081761007,83.5625,83.5625,76.5,7.440724917256878,0.0,0.0,0.0,0.0,0,0,True,0.0
2024-09-21,60.0,2.474401235432747,0,1,1,15,0,0,0,0,0,0,0,0,0,0,0,0,0,0.0,0.0,0.0,0.17168374316939894,0.020385423221099208,-0.0,1.0,56.87213114754098,0,16,0.10062893081761007,84.5625,84.5625,75.0,7.620494669604591,0.0,0.0,0.0,0.0,0,0,True,0.0
2024-09-22,60.0,2.474401235432747,0,0,1,15,0,0,0,0,0,0,0,0,0,0,0,0,0,0.0,0.0,0.0,0.17312272313296906,0.020385423221099208,-0.0,1.0,56.97704918032787,0,16,0.10062893081761007,85.5625,85.5625,76.0,7.804583762030026,0.0,0.0,0.0,0.0,0,0,True,0.0
2024-09-23,60.0,2.474401235432747,0,0,1,15,0,0,0,0,0,0,0,0,0,0,0,0,0,0.0,0.0,0.0,0.17456170309653918,0.020385423221099208,-0.0,1.0,57.08196721311475,0,16,0.10062893081761007,86.5625,86.5625,77.0,7.993094805306681,0.0,0.0,0.0,0.0,0,0,True,0.0
2024-09-24,60.0,2.474401235432747,0,0,1,15,0,0,0,0,0,0,0,0,0,0,0,0,0,0.0,0.0,0.0,0.1760006830601093,0.020385423221099208,-0.0,1.0,57.186885245901635,0,16,0.10062893081761007,87.5625,87.5625,78.0,8.186132790653318,0.0,0.0,0.0,0.0,0,0,True,0.0
2024-09-25,60.0,2.474401235432747,0,0,1,15,0,0,0,0,0,0,0,0,0,0,0,0,0,0.0,0.0,0.0,0.17743966302367942,0.020385423221099208,-0.0,1.0,57.29180327868852,0,16,0.10062893081761007,88.5625,88.5625,79.0,8.383805142155715,0.0,0.0,0.0,0.0,0,0,True,0.0
2024-09-26,60.0,2.474401235432747,0,1,0,16,0,0,0,0,0,0,0,0,0,0,0,0,0,0.0,0.0,0.0,0.1788786429872496,0.020385423221099208,-0.0,1.0,57.3967213114754,0,16,0.10062893081761007,89.5625,89.5625,0.0,8.586221770204155,0.0,0.0,0.0,0.0,0,0,True,0.0
2024-09-27,60.0,2.474401235432747,0,0,0,16,0,0,0,0,0,0,0,0,0,0,0,0,0,0.0,0.0,0.0,0.1803176229508197,0.020385423221099208,-0.0,1.0,57.501639344262294,0,16,0.10062893081761007,90.5625,90.5625,0.0,8.79349512595919,0.0,0.0,0.0,0.0,0,0,True,0.0
2024-09-28,60.0,2.474401235432747,0,0,0,16,0,0,0,0,0,0,0,0,0,0,0,0,0,0.0,0.0,0.0,0.18175660291438983,0.020385423221099208,-0.0,1.0,57.60655737704918,0,16,0.10062893081761007,91.5625,91.5625,0.0,9.005740256858033,0.0,0.0,0.0,0.0,0,0,True,0.0
2024-09-29,60.0,2.474401235432747,0,0,0,16,0,0,0,0,0,0,0,0,0,0,0,0,0,0.0,0.0,0.0,0.18319558287795995,0.020385423221099208,-0.0,1.0,57.71147540983607,0,16,0.10062893081761007,92.5625,92.5625,0.0,9.223074863173672,0.0,0.0,0.0,0.0,0,0,True,0.0
2024-09-30,60.0,2.474401235432747,0,0,0,16,0,0,0,0,0,0,0,0,0,0,0,0,0,0.0,0.0,0.0,0.18463456284153007,0.020385423221099208,-0.0,1.0,57.81639344262295,0,16,0.10062893081761007,93.5625,93.5625,0.0,9.445619355638371,0.0,0.0,0.0,0.0,0,0,True,0.0
2024-10-01,60.0,2.474401235432747,0,0,0,16,0,0,0,0,0,0,0,0,0,0,0,0,0,0.0,0.0,0.0,0.18463456284153007,0.020385423221099208,-0.0,1.0,57.81639344262295,0,16,0.10062893081761007,94.5625,93.5625,0.0,9.445619355638371,0.0,0.0,0.0,0.0,0,0,True,0.0
2024-10-02,60.0,2.474401235432747,0,0,0,16,0,0,0,0,0,0,0,0,0,0,0,0,0,0.0,0.0,0.0,0.18463456284153007,0.020385423221099208,-0.0,1.0,57.81639344262295,0,16,0.10062893081761007,95.5625,93.5625,0.0,9.445619355638371,0.0,0.0,0.0,0.0,0,0,True,0.0
2024-10-03,60.0,2.474401235432747,0,0,0,16,0,0,0,0,0,0,0,0,0,0,0,0,0,0.0,0.0,0.0,0.18463456284153007,0.020385423221099208,-0.0,1.0,57.81639344262295,0,16,0.10062893081761007,96.5625,93.5625,0.0,9.445619355638371,0.0,0.0,0.0,0.0,0,0,True,0.0
2024-10-04,60.0,2.474401235432747,0,0,0,16,0,0,0,0,0,0,0,0,0,0,0,0,0,0.0,0.0,0.0,0.18463456284153007,0.020385423221099208,-0.0,1.0,57.81639344262295,0,16,0.10062893081761007,97.5625,93.5625,0.0,9.445619355638371,0.0,0.0,0.0,0.0,0,0,True,0.0
2024-10-05,60.0,2.474401235432747,0,0,0,16,0,0,0,0,0,0,0,0,0,0,0,0,0,0.0,0.0,0.0,0.18463456284153007,0.020385423221099208,-0.0,1.0,57.81639344262295,0,16,0.10062893081761007,98.5625,93.5625,0.0,9.445619355638371,0.0,0.0,0.0,0.0,0,0,True,0.0
2024-10-06,60.0,2.474401235432747,0,0,0,16,0,0,0,0,0,0,0,0,0,0,0,0,0,0.0,0.0,0.0,0.18463456284153007,0.020385423221099208,-0.0,1.0,57.81639344262295,0,16,0.10062893081761007,99.5625,93.5625,0.0,9.445619355638371,0.0,0.0,0.0,0.0,0,0,True,0.0
2024-10-07,60.0,2.474401235432747,0,0,0,16,0,0,0,0,0,0,0,0,0,0,0,0,0,0.0,0.0,0.0,0.18463456284153007,0.020385423221099208,-0.0,1.0,57.81639344262295,0,16,0.10062893081761007,100.5625,93.5625,0.0,9.445619355638371,0.0,0.0,0.0,0.0,0,0,True,0.0
2024-10-08,60.0,2.474401235432747,0,0,0,16,0,0,0,0,0,0,0,0,0,0,0,0,0,0.0,0.0,0.0,0.18463456284153007,0.020385423221099208,-0.0,1.0,57.81639344262295,0,16,0.10062893081761007,101.5625,93.5625,0.0,9.445619355638371,0.0,0.0,0.0,0.0,0,0,True,0.0
2024-10-09,60.0,2.474401235432747,0,0,0,16,0,0,0,0,0,0,0,0,0,0,0,0,0,0.0,0.0,0.0,0.18463456284153007,0.020385423221099208,-0.0,1.0,57.81639344262295,0,16,0.10062893081761007,102.5625,93.5625,0.0,9.445619355638371,0.0,0.0,0.0,0.0,0,0,True,0.0
2024-10-10,60.0,2.474401235432747,0,0,0,16,0,0,0,0,0,0,0,0,0,0,0,0,0,0.0,0.0,0.0,0.18463456284153007,0.020385423221099208,-0.0,1.0,57.81639344262295,0,16,0.10062893081761007,103.5625,93.5625,0.0,9.445619355638371,0.0,0.0,0.0,0.0,0,0,True,0.0
2024-10-11,60.0,2.474401235432747,0,0,0,16,0,0,0,0,0,0,0,0,0,0,0,0,0,0.0,0.0,0.0,0.18463456284153007,0.020385423221099208,-0.0,1.0,57.81639344262295,0,16,0.10062893081761007,104.5625,93.5625,0.0,9.445619355638371,0.0,0.0,0.0,0.0,0,0,True,0.0
2024-10-12,60.0,2.474401235432747,0,0,0,16,0,0,0,0,0,0,0,0,0,0,0,0,0,0.0,0.0,0.0,0.18463456284153007,0.020385423221099208,-0.0,1.0,57.81639344262295,0,16,0.10062893081761007,105.5625,93.5625,0.0,9.445619355638371,0.0,0.0,0.0,0.0,0,0,True,0.0
2024-10-13,60.0,2.474401235432747,0,0,0,16,0,0,0,0,0,0,0,0,0,0,0,0,0,0.0,0.0,0.0,0.18463456284153007,0.020385423221099208,-0.0,1.0,57.81639344262295,0,16,0.10062893081761007,106.5625,93.5625,0.0,9.445619355638371,0.0,0.0,0.0,0.0,0,0,True,0.0
2024-10-14,60.0,2.474401235432747,0,0,0,16,0,0,0,0,0,0,0,0,0,0,0,0,0,0.0,0.0,0.0,0.18463456284153007,0.020385423221099208,-0.0,1.0,57.81639344262295,0,16,0.10062893081761007,107.5625,93.5625,0.0,9.445619355638371,0.0,0.0,0.0,0.0,0,0,True,0.0
2024-10-15,60.0,2.474401235432747,0,0,0,16,0,0,0,0,0,0,0,0,0,0,0,0,0,0.0,0.0,0.0,0.18463456284153007,0.020385423221099208,-0.0,1.0,57.81639344262295,0,16,0.10062893081761007,108.5625,93.5625,0.0,9.445619355638371,0.0,0.0,0.0,0.0,0,0,True,0.0
2024-10-16,60.0,2.474401235432747,0,0,0,16,0,0,0,0,0,0,0,0,0,0,0,0,0,0.0,0.0,0.0,0.18463456284153007,0.020385423221099208,-0.0,1.0,57.81639344262295,0,16,0.10062893081761007,109.5625,93.5625,0.0,9.445619355638371,0.0,0.0,0.0,0.0,0,0,True,0.0
2024-10-17,60.0,2.474401235432747,0,0,0,16,0,0,0,0,0,0,0,0,0,0,0,0,0,0.0,0.0,0.0,0.18463456284153007,0.020385423221099208,-0.0,1.0,57.81639344262295,0,16,0.10062893081761007,110.5625,93.5625,0.0,9.445619355638371,0.0,0.0,0.0,0.0,0,0,True,0.0
2024-10-18,60.0,2.474401235432747,0,0,0,16,0,0,0,0,0,0,0,0,0,0,0,0,0,0.0,0.0,0.0,0.18463456284153007,0.020385423221099208,-0.0,1.0,57.81639344262295,0,16,0.10062893081761007,111.5625,93.5625,0.0,9.445619355638371,0.0,0.0,0.0,0.0,0,0,True,0.0
2024-10-19,60.0,2.474401235432747,0,0,0,16,0,0,0,0,0,0,0,0,0,0,0,0,0,0.0,0.0,0.0,0.18463456284153007,0.020385423221099208,-0.0,1.0,57.81639344262295,0,16,0.10062893081761007,112.5625,93.5625,0.0,9.445619355638371,0.0,0.0,0.0,0.0,0,0,True,0.0
2024-10-20,60.0,2.474401235432747,0,0,0,16,0,0,0,0,0,0,0,0,0,0,0,0,0,0.0,0.0,0.0,0.18463456284153007,0.020385423221099208,-0.0,1.0,57.81639344262295,0,16,0.10062893081761007,113.5625,93.5625,0.0,9.445619355638371,0.0,0.0,0.0,0.0,0,0,True,0.0
2024-10-21,60.0,2.474401235432747,0,0,0,16,0,0,0,0,0,0,0,0,0,0,0,0,0,0.0,0.0,0.0,0.18463456284153007,0.020385423221099208,-0.0,1.0,57.81639344262295,0,16,0.10062893081761007,114.5625,93.5625,0.0,9.445619355638371,0.0,0.0,0.0,0.0,0,0,True,0.0
2024-10-22,60.0,2.474401235432747,0,0,0,16,0,0,0,0,0,0,0,0,0,0,0,0,0,0.0,0.0,0.0,0.18463456284153007,0.020385423221099208,-0.0,1.0,57.81639344262295,0,16,0.10062893081761007,115.5625,93.5625,0.0,9.445619355638371,0.0,0.0,0.0,0.0,0,0,True,0.0
2024-10-23,60.0,2.474401235432747,0,0,0,16,0,0,0,0,0,0,0,0,0,0,0,0,0,0.0,0.0,0.0,0.18463456284153007,0.020385423221099208,-0.0,1.0,57.81639344262295,0,16,0.10062893081761007,116.5625,93.5625,0.0,9.445619355638371,0.0,0.0,0.0,0.0,0,0,True,0.0
2024-10-24,60.0,2.474401235432747,0,0,0,16,0,0,0,0,0,0,0,0,0,0,0,0,0,0.0,0.0,0.0,0.18463456284153007,0.020385423221099208,-0.0,1.0,57.81639344262295,0,16,0.10062893081761007,117.5625,93.5625,0.0,9.445619355638371,0.0,0.0,0.0,0.0,0,0,True,0.0
2024-10-25,60.0,2.474401235432747,0,0,0,16,0,0,0,0,0,0,0,0,0,0,0,0,0,0.0,0.0,0.0,0.18463456284153007,0.020385423221099208,-0.0,1.0,57.81639344262295,0,16,0.10062893081761007,118.5625,93.5625,0.0,9.445619355638371,0.0,0.0,0.0,0.0,0,0,True,0.0
2024-10-26,60.0,2.474401235432747,0,0,0,16,0,0,0,0,0,0,0,0,0,0,0,0,0,0.0,0.0,0.0,0.18463456284153007,0.020385423221099208,-0.0,1.0,57.81639344262295,0,16,0.10062893081761007,119.5625,93.5625,0.0,9.445619355638371,0.0,0.0,0.0,0.0,0,0,True,0.0
2024-10-27,60.0,2.474401235432747,0,0,0,16,0,0,0,0,0,0,0,0,0,0,0,0,0,0.0,0.0,0.0,0.18463456284153007,0.020385423221099208,-0.0,1.0,57.81639344262295,0,16,0.10062893081761007,120.5625,93.5625,0.0,9.445619355638371,0.0,0.0,0.0,0.0,0,0,True,0.0
2024-10-28,60.0,2.474401235432747,0,0,0,16,0,0,0,0,0,0,0,0,0,0,0,0,0,0.0,0.0,0.0,0.18463456284153007,0.020385423221099208,-0.0,1.0,57.81639344262295,0,16,0.10062893081761007,121.5625,93.5625,0.0,9.445619355638371,0.0,0.0,0.0,0.0,0,0,True,0.0
2024-10-29,60.0,2.474401235432747,0,0,0,16,0,0,0,0,0,0,0,0,0,0,0,0,0,0.0,0.0,0.0,0.18463456284153007,0.020385423221099208,-0.0,1.0,57.81639344262295,0,16,0.10062893081761007,122.5625,93.5625,0.0,9.445619355638371,0.0,0.0,0.0,0.0,0,0,True,0.0
2024-10-30,60.0,2.474401235432747,0,0,0,16,0,0,0,0,0,0,0,0,0,0,0,0,0,0.0,0.0,0.0,0.18463456284153007,0.020385423221099208,-0.0,1.0,57.81639344262295,0,16,0.10062893081761007,123.5625,93.5625,0.0,9.445619355638371,0.0,0.0,0.0,0.0,0,0,True,0.0
2024-10-31,60.0,2.474401235432747,0,0,0,16,0,0,0,0,0,0,0,0,0,0,0,0,0,0.0,0.0,0.0,0.18463456284153007,0.020385423221099208,-0.0,1.0,57.81639344262295,0,16,0.10062893081761007,124.5625,93.5625,0.0,9.445619355638371,0.0,0.0,0.0,0.0,0,0,True,0.0
2024-11-01,60.0,2.474401235432747,0,0,0,16,0,0,0,0,0,0,0,0,0,0,0,0,0,0.0,0.0,0.0,0.18463456284153007,0.020385423221099208,-0.0,1.0,57.81639344262295,0,16,0.10062893081761007,125.5625,93.5625,0.0,9.445619355638371,0.0,0.0,0.0,0.0,0,0,True,0.0
2024-11-02,60.0,2.474401235432747,0,0,0,16,0,0,0,0,0,0,0,0,0,0,0,0,0,0.0,0.0,0.0,0.18463456284153007,0.020385423221099208,-0.0,1.0,57.81639344262295,0,16,0.10062893081761007,126.5625,93.5625,0.0,9.445619355638371,0.0,0.0,0.0,0.0,0,0,True,0.0
2024-11-03,60.0,2.474401235432747,0,0,0,16,0,0,0,0,0,0,0,0,0,0,0,0,0,0.0,0.0,0.0,0.18463456284153007,0.020385423221099208,-0.0,1.0,57.81639344262295,0,16,0.10062893081761007,127.5625,93.5625,0.0,9.445619355638371,0.0,0.0,0.0,0.0,0,0,True,0.0
2024-11-04,60.0,2.474401235432747,0,0,0,16,0,0,0,0,0,0,0,0,0,0,0,0,0,0.0,0.0,0.0,0.18463456284153007,0.020385423221099208,-0.0,1.0,57.81639344262295,0,16,0.10062893081761007,128.5625,93.5625,0.0,9.445619355638371,0.0,0.0,0.0,0.0,0,0,True,0.0
2024-11-05,60.0,2.474401235432747,0,0,0,16,0,0,0,0,0,0,0,0,0,0,0,0,0,0.0,0.0,0.0,0.18463456284153007,0.020385423221099208,-0.0,1.0,57.81639344262295,0,16,0.10062893081761007,129.5625,93.5625,0.0,9.445619355638371,0.0,0.0,0.0,0.0,0,0,True,0.0
2024-11-06,60.0,2.474401235432747,0,0,0,16,0,0,0,0,0,0,0,0,0,0,0,0,0,0.0,0.0,0.0,0.18463456284153007,0.020385423221099208,-0.0,1.0,57.81639344262295,0,16,0.10062893081761007,130.5625,93.5625,0.0,9.445619355638371,0.0,0.0,0.0,0.0,0,0,True,0.0
2024-11-07,60.0,2.474401235432747,0,0,0,16,0,0,0,0,0,0,0,0,0,0,0,0,0,0.0,0.0,0.0,0.18463456284153007,0.020385423221099208,-0.0,1.0,57.81639344262295,0,16,0.10062893081761007,131.5625,93.5625,0.0,9.445619355638371,0.0,0.0,0.0,0.0,0,0,True,0.0
2024-11-08,60.0,2.474401235432747,0,0,0,16,0,0,0,0,0,0,0,0,0,0,0,0,0,0.0,0.0,0.0,0.18463456284153007,0.020385423221099208,-0.0,1.0,57.81639344262295,0,16,0.10062893081761007,132.5625,93.5625,0.0,9.445619355638371,0.0,0.0,0.0,0.0,0,0,True,0.0
2024-11-09,60.0,2.474401235432747,0,0,0,16,0,0,0,0,0,0,0,0,0,0,0,0,0,0.0,0.0,0.0,0.18463456284153007,0.020385423221099208,-0.0,1.0,57.81639344262295,0,16,0.10062893081761007,133.5625,93.5625,0.0,9.445619355638371,0.0,0.0,0.0,0.0,0,0,True,0.0
2024-11-10,60.0,2.474401235432747,0,0,0,16,0,0,0,0,0,0,0,0,0,0,0,0,0,0.0,0.0,0.0,0.18463456284153007,0.020385423221099208,-0.0,1.0,57.81639344262295,0,16,0.10062893081761007,134.5625,93.5625,0.0,9.445619355638371,0.0,0.0,0.0,0.0,0,0,True,0.0
2024-11-11,60.0,2.474401235432747,0,0,0,16,0,0,0,0,0,0,0,0,0,0,0,0,0,0.0,0.0,0.0,0.18463456284153007,0.020385423221099208,-0.0,1.0,57.81639344262295,0,16,0.10062893081761007,135.5625,93.5625,0.0,9.445619355638371,0.0,0.0,0.0,0.0,0,0,True,0.0
2024-11-12,60.0,2.474401235432747,0,0,0,16,0,0,0,0,0,0,0,0,0,0,0,0,0,0.0,0.0,0.0,0.18463456284153007,0.020385423221099208,-0.0,1.0,57.81639344262295,0,16,0.10062893081761007,136.5625,93.5625,0.0,9.445619355638371,0.0,0.0,0.0,0.0,0,0,True,0.0
2024-11-13,60.0,2.474401235432747,0,0,0,16,0,0,0,0,0,0,0,0,0,0,0,0,0,0.0,0.0,0.0,0.18463456284153007,0.020385423221099208,-0.0,1.0,57.81639344262295,0,16,0.10062893081761007,137.5625,93.5625,0.0,9.445619355638371,0.0,0.0,0.0,0.0,0,0,True,0.0
2024-11-14,60.0,2.474401235432747,0,0,0,16,0,0,0,0,0,0,0,0,0,0,0,0,0,0.0,0.0,0.0,0.18463456284153007,0.020385423221099208,-0.0,1.0,57.81639344262295,0,16,0.10062893081761007,138.5625,93.5625,0.0,9.445619355638371,0.0,0.0,0.0,0.0,0,0,True,0.0
2024-11-15,60.0,2.474401235432747,0,0,0,16,0,0,0,0,0,0,0,0,0,0,0,0,0,0.0,0.0,0.0,0.18463456284153007,0.020385423221099208,-0.0,1.0,57.81639344262295,0,16,0.10062893081761007,139.5625,93.5625,0.0,9.445619355638371,0.0,0.0,0.0,0.0,0,0,True,0.0
2024-11-16,60.0,2.474401235432747,0,0,0,16,0,0,0,0,0,0,0,0,0,0,0,0,0,0.0,0.0,0.0,0.18463456284153007,0.020385423221099208,-0.0,1.0,57.81639344262295,0,16,0.10062893081761007,140.5625,93.5625,0.0,9.445619355638371,0.0,0.0,0.0,0.0,0,0,True,0.0
2024-11-17,60.0,2.474401235432747,0,0,0,16,0,0,0,0,0,0,0,0,0,0,0,0,0,0.0,0.0,0.0,0.18463456284153007,0.020385423221099208,-0.0,1.0,57.81639344262295,0,16,0.10062893081761007,141.5625,93.5625,0.0,9.445619355638371,0.0,0.0,0.0,0.0,0,0,True,0.0
2024-11-18,60.0,2.474401235432747,0,0,0,16,0,0,0,0,0,0,0,0,0,0,0,0,0,0.0,0.0,0.0,0.18463456284153007,0.020385423221099208,-0.0,1.0,57.81639344262295,0,16,0.10062893081761007,142.5625,93.5625,0.0,9.445619355638371,0.0,0.0,0.0,0.0,0,0,True,0.0
2024-11-19,60.0,2.474401235432747,0,0,0,16,0,0,0,0,0,0,0,0,0,0,0,0,0,0.0,0.0,0.0,0.18463456284153007,0.020385423221099208,-0.0,1.0,57.81639344262295,0,16,0.10062893081761007,143.5625,93.5625,0.0,9.445619355638371,0.0,0.0,0.0,0.0,0,0,True,0.0
2024-11-20,60.0,2.474401235432747,0,0,0,16,0,0,0,0,0,0,0,0,0,0,0,0,0,0.0,0.0,0.0,0.18463456284153007,0.020385423221099208,-0.0,1.0,57.81639344262295,0,16,0.10062893081761007,144.5625,93.5625,0.0,9.445619355638371,0.0,0.0,0.0,0.0,0,0,True,0.0
2024-11-21,60.0,2.474401235432747,0,0,0,16,0,0,0,0,0,0,0,0,0,0,0,0,0,0.0,0.0,0.0,0.18463456284153007,0.020385423221099208,-0.0,1.0,57.81639344262295,0,16,0.10062893081761007,145.5625,93.5625,0.0,9.445619355638371,0.0,0.0,0.0,0.0,0,0,True,0.0
2024-11-22,60.0,2.474401235432747,0,0,0,16,0,0,0,0,0,0,0,0,0,0,0,0,0,0.0,0.0,0.0,0.18463456284153007,0.020385423221099208,-0.0,1.0,57.81639344262295,0,16,0.10062893081761007,146.5625,93.5625,0.0,9.445619355638371,0.0,0.0,0.0,0.0,0,0,True,0.0
2024-11-23,60.0,2.474401235432747,0,0,0,16,0,0,0,0,0,0,0,0,0,0,0,0,0,0.0,0.0,0.0,0.18463456284153007,0.020385423221099208,-0.0,1.0,57.81639344262295,0,16,0.10062893081761007,147.5625,93.5625,0.0,9.445619355638371,0.0,0.0,0.0,0.0,0,0,True,0.0
2024-11-24,60.0,2.474401235432747,0,0,0,16,0,0,0,0,0,0,0,0,0,0,0,0,0,0.0,0.0,0.0,0.18463456284153007,0.020385423221099208,-0.0,1.0,57.81639344262295,0,16,0.10062893081761007,148.5625,93.5625,0.0,9.445619355638371,0.0,0.0,0.0,0.0,0,0,True,0.0
2024-11-25,60.0,2.474401235432747,0,0,0,16,0,0,0,0,0,0,0,0,0,0,0,0,0,0.0,0.0,0.0,0.18463456284153007,0.020385423221099208,-0.0,1.0,57.81639344262295,0,16,0.10062893081761007,149.5625,93.5625,0.0,9.445619355638371,0.0,0.0,0.0,0.0,0,0,True,0.0
2024-11-26,60.0,2.474401235432747,0,0,0,16,0,0,0,0,0,0,0,0,0,0,0,0,0,0.0,0.0,0.0,0.18463456284153007,0.020385423221099208,-0.0,1.0,57.81639344262295,0,16,0.10062893081761007,150.5625,93.5625,0.0,9.445619355638371,0.0,0.0,0.0,0.0,0,0,True,0.0
2024-11-27,60.0,2.474401235432747,0,0,0,16,0,0,0,0,0,0,0,0,0,0,0,0,0,0.0,0.0,0.0,0.18463456284153007,0.020385423221099208,-0.0,1.0,57.81639344262295,0,16,0.10062893081761007,151.5625,93.5625,0.0,9.445619355638371,0.0,0.0,0.0,0.0,0,0,True,0.0
2024-11-28,60.0,2.474401235432747,0,0,0,16,0,0,0,0,0,0,0,0,0,0,0,0,0,0.0,0.0,0.0,0.18463456284153007,0.020385423221099208,-0.0,1.0,57.81639344262295,0,16,0.10062893081761007,152.5625,93.5625,0.0,9.445619355638371,0.0,0.0,0.0,0.0,0,0,True,0.0
2024-11-29,60.0,2.474401235432747,0,0,0,16,0,0,0,0,0,0,0,0,0,0,0,0,0,0.0,0.0,0.0,0.18463456284153007,0.020385423221099208,-0.0,1.0,57.81639344262295,0,16,0.10062893081761007,153.5625,93.5625,0.0,9.445619355638371,0.0,0.0,0.0,0.0,0,0,True,0.0
2024-11-30,60.0,2.474401235432747,0,0,0,16,0,0,0,0,0,0,0,0,0,0,0,0,0,0.0,0.0,0.0,0.18463456284153007,0.020385423221099208,-0.0,1.0,57.81639344262295,0,16,0.10062893081761007,154.5625,93.5625,0.0,9.445619355638371,0.0,0.0,0.0,0.0,0,0,True,0.0
2024-12-01,60.0,2.474401235432747,0,0,0,16,0,0,0,0,0,0,0,0,0,0,0,0,0,0.0,0.0,0.0,0.18463456284153007,0.020385423221099208,-0.0,1.0,57.81639344262295,0,16,0.10062893081761007,155.5625,93.5625,0.0,9.445619355638371,0.0,0.0,0.0,0.0,0,0,True,0.0
2024-12-02,60.0,2.474401235432747,0,0,0,16,0,0,0,0,0,0,0,0,0,0,0,0,0,0.0,0.0,0.0,0.18463456284153007,0.020385423221099208,-0.0,1.0,57.81639344262295,0,16,0.10062893081761007,156.5625,93.5625,0.0,9.445619355638371,0.0,0.0,0.0,0.0,0,0,True,0.0
2024-12-03,60.0,2.474401235432747,0,0,0,16,0,0,0,0,0,0,0,0,0,0,0,0,0,0.0,0.0,0.0,0.18463456284153007,0.020385423221099208,-0.0,1.0,57.81639344262295,0,16,0.10062893081761007,157.5625,93.5625,0.0,9.445619355638371,0.0,0.0,0.0,0.0,0,0,True,0.0
2024-12-04,60.0,2.474401235432747,0,0,0,16,0,0,0,0,0,0,0,0,0,0,0,0,0,0.0,0.0,0.0,0.18463456284153007,0.020385423221099208,-0.0,1.0,57.81639344262295,0,16,0.10062893081761007,158.5625,93.5625,0.0,9.445619355638371,0.0,0.0,0.0,0.0,0,0,True,0.0
2024-12-05,60.0,2.474401235432747,0,0,0,16,0,0,0,0,0,0,0,0,0,0,0,0,0,0.0,0.0,0.0,0.18463456284153007,0.020385423221099208,-0.0,1.0,57.81639344262295,0,16,0.10062893081761007,159.5625,93.5625,0.0,9.445619355638371,0.0,0.0,0.0,0.0,0,0,True,0.0
2024-12-06,60.0,2.474401235432747,0,0,0,16,0,0,0,0,0,0,0,0,0,0,0,0,0,0.0,0.0,0.0,0.18463456284153007,0.020385423221099208,-0.0,1.0,57.81639344262295,0,16,0.10062893081761007,160.5625,93.5625,0.0,9.445619355638371,0.0,0.0,0.0,0.0,0,0,True,0.0
2024-12-07,60.0,2.474401235432747,0,0,0,16,0,0,0,0,0,0,0,0,0,0,0,0,0,0.0,0.0,0.0,0.18463456284153007,0.020385423221099208,-0.0,1.0,57.81639344262295,0,16,0.10062893081761007,161.5625,93.5625,0.0,9.445619355638371,0.0,0.0,0.0,0.0,0,0,True,0.0
2024-12-08,60.0,2.474401235432747,0,0,0,16,0,0,0,0,0,0,0,0,0,0,0,0,0,0.0,0.0,0.0,0.18463456284153007,0.020385423221099208,-0.0,1.0,57.81639344262295,0,16,0.10062893081761007,162.5625,93.5625,0.0,9.445619355638371,0.0,0.0,0.0,0.0,0,0,True,0.0
2024-12-09,60.0,2.474401235432747,0,0,0,16,0,0,0,0,0,0,0,0,0,0,0,0,0,0.0,0.0,0.0,0.18463456284153007,0.020385423221099208,-0.0,1.0,57.81639344262295,0,16,0.10062893081761007,163.5625,93.5625,0.0,9.445619355638371,0.0,0.0,0.0,0.0,0,0,True,0.0
2024-12-10,60.0,2.474401235432747,0,0,0,16,0,0,0,0,0,0,0,0,0,0,0,0,0,0.0,0.0,0.0,0.18463456284153007,0.020385423221099208,-0.0,1.0,57.81639344262295,0,16,0.10062893081761007,164.5625,93.5625,0.0,9.445619355638371,0.0,0.0,0.0,0.0,0,0,True,0.0
2024-12-11,60.0,2.474401235432747,0,0,0,16,0,0,0,0,0,0,0,0,0,0,0,0,0,0.0,0.0,0.0,0.18463456284153007,0.020385423221099208,-0.0,1.0,57.81639344262295,0,16,0.10062893081761007,165.5625,93.5625,0.0,9.445619355638371,0.0,0.0,0.0,0.0,0,0,True,0.0
2024-12-12,60.0,2.474401235432747,0,0,0,16,0,0,0,0,0,0,0,0,0,0,0,0,0,0.0,0.0,0.0,0.18463456284153007,0.020385423221099208,-0.0,1.0,57.81639344262295,0,16,0.10062893081761007,166.5625,93.5625,0.0,9.445619355638371,0.0,0.0,0.0,0.0,0,0,True,0.0
2024-12-13,60.0,2.474401235432747,0,0,0,16,0,0,0,0,0,0,0,0,0,0,0,0,0,0.0,0.0,0.0,0.18463456284153007,0.020385423221099208,-0.0,1.0,57.81639344262295,0,16,0.10062893081761007,167.5625,93.5625,0.0,9.445619355638371,0.0,0.0,0.0,0.0,0,0,True,0.0
2024-12-14,60.0,2.474401235432747,0,0,0,16,0,0,0,0,0,0,0,0,0,0,0,0,0,0.0,0.0,0.0,0.18463456284153007,0.020385423221099208,-0.0,1.0,57.81639344262295,0,16,0.10062893081761007,168.5625,93.5625,0.0,9.445619355638371,0.0,0.0,0.0,0.0,0,0,True,0.0
2024-12-15,60.0,2.474401235432747,0,0,0,16,0,0,0,0,0,0,0,0,0,0,0,0,0,0.0,0.0,0.0,0.18463456284153007,0.020385423221099208,-0.0,1.0,57.81639344262295,0,16,0.10062893081761007,169.5625,93.5625,0.0,9.445619355638371,0.0,0.0,0.0,0.0,0,0,True,0.0
2024-12-16,60.0,2.474401235432747,0,0,0,16,0,0,0,0,0,0,0,0,0,0,0,0,0,0.0,0.0,0.0,0.18463456284153007,0.020385423221099208,-0.0,1.0,57.81639344262295,0,16,0.10062893081761007,170.5625,93.5625,0.0,9.445619355638371,0.0,0.0,0.0,0.0,0,0,True,0.0
2024-12-17,60.0,2.474401235432747,0,0,0,16,0,0,0,0,0,0,0,0,0,0,0,0,0,0.0,0.0,0.0,0.18463456284153007,0.020385423221099208,-0.0,1.0,57.81639344262295,0,16,0.10062893081761007,171.5625,93.5625,0.0,9.445619355638371,0.0,0.0,0.0,0.0,0,0,True,0.0
2024-12-18,60.0,2.474401235432747,0,0,0,16,0,0,0,0,0,0,0,0,0,0,0,0,0,0.0,0.0,0.0,0.18463456284153007,0.020385423221099208,-0.0,1.0,57.81639344262295,0,16,0.10062893081761007,172.5625,93.5625,0.0,9.445619355638371,0.0,0.0,0.0,0.0,0,0,True,0.0
2024-12-19,60.0,2.474401235432747,0,0,0,16,0,0,0,0,0,0,0,0,0,0,0,0,0,0.0,0.0,0.0,0.18463456284153007,0.020385423221099208,-0.0,1.0,57.81639344262295,0,16,0.10062893081761007,173.5625,93.5625,0.0,9.445619355638371,0.0,0.0,0.0,0.0,0,0,True,0.0
2024-12-20,60.0,2.474401235432747,0,0,0,16,0,0,0,0,0,0,0,0,0,0,0,0,0,0.0,0.0,0.0,0.18463456284153007,0.020385423221099208,-0.0,1.0,57.81639344262295,0,16,0.10062893081761007,174.5625,93.5625,0.0,9.445619355638371,0.0,0.0,0.0,0.0,0,0,True,0.0
2024-12-21,60.0,2.474401235432747,0,0,0,16,0,0,0,0,0,0,0,0,0,0,0,0,0,0.0,0.0,0.0,0.18463456284153007,0.020385423221099208,-0.0,1.0,57.81639344262295,0,16,0.10062893081761007,175.5625,93.5625,0.0,9.445619355638371,0.0,0.0,0.0,0.0,0,0,True,0.0
2024-12-22,60.0,2.474401235432747,0,0,0,16,0,0,0,0,0,0,0,0,0,0,0,0,0,0.0,0.0,0.0,0.18463456284153007,0.020385423221099208,-0.0,1.0,57.81639344262295,0,16,0.10062893081761007,176.5625,93.5625,0.0,9.445619355638371,0.0,0.0,0.0,0.0,0,0,True,0.0
2024-12-23,60.0,2.474401235432747,0,0,0,16,0,0,0,0,0,0,0,0,0,0,0,0,0,0.0,0.0,0.0,0.18463456284153007,0.020385423221099208,-0.0,1.0,57.81639344262295,0,16,0.10062893081761007,177.5625,93.5625,0.0,9.445619355638371,0.0,0.0,0.0,0.0,0,0,True,0.0
2024-12-24,60.0,2.474401235432747,0,0,0,16,0,0,0,0,0,0,0,0,0,0,0,0,0,0.0,0.0,0.0,0.18463456284153007,0.020385423221099208,-0.0,1.0,57.81639344262295,0,16,0.10062893081761007,178.5625,93.5625,0.0,9.445619355638371,0.0,0.0,0.0,0.0,0,0,True,0.0
2024-12-25,60.0,2.474401235432747,0,0,0,16,0,0,0,0,0,0,0,0,0,0,0,0,0,0.0,0.0,0.0,0.18463456284153007,0.020385423221099208,-0.0,1.0,57.81639344262295,0,16,0.10062893081761007,179.5625,93.5625,0.0,9.445619355638371,0.0,0.0,0.0,0.0,0,0,True,0.0
2024-12-26,60.0,2.474401235432747,0,0,0,16,0,0,0,0,0,0,0,0,0,0,0,0,0,0.0,0.0,0.0,0.18463456284153007,0.020385423221099208,-0.0,1.0,57.81639344262295,0,16,0.10062893081761007,180.5625,93.5625,0.0,9.445619355638371,0.0,0.0,0.0,0.0,0,0,True,0.0
2024-12-27,60.0,2.474401235432747,0,0,0,16,0,0,0,0,0,0,0,0,0,0,0,0,0,0.0,0.0,0.0,0.18463456284153007,0.020385423221099208,-0.0,1.0,57.81639344262295,0,16,0.10062893081761007,181.5625,93.5625,0.0,9.445619355638371,0.0,0.0,0.0,0.0,0,0,True,0.0
2024-12-28,60.0,2.474401235432747,0,0,0,16,0,0,0,0,0,0,0,0,0,0,0,0,0,0.0,0.0,0.0,0.18463456284153007,0.020385423221099208,-0.0,1.0,57.81639344262295,0,16,0.10062893081761007,182.5625,93.5625,0.0,9.445619355638371,0.0,0.0,0.0,0.0,0,0,True,0.0
2024-12-29,60.0,2.474401235432747,0,0,0,16,0,0,0,0,0,0,0,0,0,0,0,0,0,0.0,0.0,0.0,0.18463456284153007,0.020385423221099208,-0.0,1.0,57.81639344262295,0,16,0.10062893081761007,183.5625,93.5625,0.0,9.445619355638371,0.0,0.0,0.0,0.0,0,0,True,0.0
2024-12-30,60.0,2.474401235432747,0,0,0,16,0,0,0,0,0,0,0,0,0,0,0,0,0,0.0,0.0,0.0,0.18463456284153007,0.020385423221099208,-0.0,1.0,57.81639344262295,0,16,0.10062893081761007,184.5625,93.5625,0.0,9.445619355638371,0.0,0.0,0.0,0.0,0,0,True,0.0
2024-12-31,60.0,2.474401235432747,0,0,0,16,0,0,0,0,0,0,0,0,0,0,0,0,0,0.0,0.0,0.0,0.18463456284153007,0.020385423221099208,-0.0,1.0,57.81639344262295,0,16,0.10062893081761007,185.5625,93.5625,0.0,9.445619355638371,0.0,0.0,0.0,0.0,0,0,True,0.0
2025-01-01,60.0,2.474401235432747,0,0,0,16,0,0,0,0,0,0,0,0,0,0,0,0,0,0.0,0.0,0.0,0.18463456284153007,0.020385423221099208,-0.0,1.0,57.81639344262295,0,16,0.10062893081761007,186.5625,93.5625,0.0,9.445619355638371,0.0,0.0,0.0,0.0,0,0,True,0.0
2025-01-02,60.0,2.474401235432747,0,0,0,16,0,0,0,0,0,0,0,0,0,0,0,0,0,0.0,0.0,0.0,0.18463456284153007,0.020385423221099208,-0.0,1.0,57.81639344262295,0,16,0.10062893081761007,187.5625,93.5625,0.0,9.445619355638371,0.0,0.0,0.0,0.0,0,0,True,0.0
2025-01-03,60.0,2.474401235432747,0,0,0,16,0,0,0,0,0,0,0,0,0,0,0,0,0,0.0,0.0,0.0,0.18463456284153007,0.020385423221099208,-0.0,1.0,57.81639344262295,0,16,0.10062893081761007,188.5625,93.5625,0.0,9.445619355638371,0.0,0.0,0.0,0.0,0,0,True,0.0
2025-01-04,60.0,2.474401235432747,0,0,0,16,0,0,0,0,0,0,0,0,0,0,0,0,0,0.0,0.0,0.0,0.18463456284153007,0.020385423221099208,-0.0,1.0,57.81639344262295,0,16,0.10062893081761007,189.5625,93.5625,0.0,9.445619355638371,0.0,0.0,0.0,0.0,0,0,True,0.0
2025-01-05,60.0,2.474401235432747,0,0,0,16,0,0,0,0,0,0,0,0,0,0,0,0,0,0.0,0.0,0.0,0.18463456284153007,0.020385423221099208,-0.0,1.0,57.81639344262295,0,16,0.10062893081761007,190.5625,93.5625,0.0,9.445619355638371,0.0,0.0,0.0,0.0,0,0,True,0.0
2025-01-06,60.0,2.474401235432747,0,0,0,16,0,0,0,0,0,0,0,0,0,0,0,0,0,0.0,0.0,0.0,0.18463456284153007,0.020385423221099208,-0.0,1.0,57.81639344262295,0,16,0.10062893081761007,191.5625,93.5625,0.0,9.445619355638371,0.0,0.0,0.0,0.0,0,0,True,0.0
2025-01-07,60.0,2.474401235432747,0,0,0,16,0,0,0,0,0,0,0,0,0,0,0,0,0,0.0,0.0,0.0,0.18463456284153007,0.020385423221099208,-0.0,1.0,57.81639344262295,0,16,0.10062893081761007,192.5625,93.5625,0.0,9.445619355638371,0.0,0.0,0.0,0.0,0,0,True,0.0
2025-01-08,60.0,2.474401235432747,0,0,0,16,0,0,0,0,0,0,0,0,0,0,0,0,0,0.0,0.0,0.0,0.18463456284153007,0.020385423221099208,-0.0,1.0,57.81639344262295,0,16,0.10062893081761007,193.5625,93.5625,0.0,9.445619355638371,0.0,0.0,0.0,0.0,0,0,True,0.0
2025-01-09,60.0,2.474401235432747,0,0,0,16,0,0,0,0,0,0,0,0,0,0,0,0,0,0.0,0.0,0.0,0.18463456284153007,0.020385423221099208,-0.0,1.0,57.81639344262295,0,16,0.10062893081761007,194.5625,93.5625,0.0,9.445619355638371,0.0,0.0,0.0,0.0,0,0,True,0.0
2025-01-10,60.0,2.474401235432747,0,0,0,16,0,0,0,0,0,0,0,0,0,0,0,0,0,0.0,0.0,0.0,0.18463456284153007,0.020385423221099208,-0.0,1.0,57.81639344262295,0,16,0.10062893081761007,195.5625,93.5625,0.0,9.445619355638371,0.0,0.0,0.0,0.0,0,0,True,0.0
2025-01-11,60.0,2.474401235432747,0,0,0,16,0,0,0,0,0,0,0,0,0,0,0,0,0,0.0,0.0,0.0,0.18463456284153007,0.020385423221099208,-0.0,1.0,57.81639344262295,0,16,0.10062893081761007,196.5625,93.5625,0.0,9.445619355638371,0.0,0.0,0.0,0.0,0,0,True,0.0
2025-01-12,60.0,2.474401235432747,0,0,0,16,0,0,0,0,0,0,0,0,0,0,0,0,0,0.0,0.0,0.0,0.18463456284153007,0.020385423221099208,-0.0,1.0,57.81639344262295,0,16,0.10062893081761007,197.5625,93.5625,0.0,9.445619355638371,0.0,0.0,0.0,0.0,0,0,True,0.0
2025-01-13,60.0,2.474401235432747,0,0,0,16,0,0,0,0,0,0,0,0,0,0,0,0,0,0.0,0.0,0.0,0.18463456284153007,0.020385423221099208,-0.0,1.0,57.81639344262295,0,16,0.10062893081761007,198.5625,93.5625,0.0,9.445619355638371,0.0,0.0,0.0,0.0,0,0,True,0.0
2025-01-14,60.0,2.474401235432747,0,0,0,16,0,0,0,0,0,0,0,0,0,0,0,0,0,0.0,0.0,0.0,0.18463456284153007,0.020385423221099208,-0.0,1.0,57.81639344262295,0,16,0.10062893081761007,199.5625,93.5625,0.0,9.445619355638371,0.0,0.0,0.0,0.0,0,0,True,0.0
2025-01-15,60.0,2.474401235432747,0,0,0,16,0,0,0,0,0,0,0,0,0,0,0,0,0,0.0,0.0,0.0,0.18463456284153007,0.020385423221099208,-0.0,1.0,57.81639344262295,0,16,0.10062893081761007,200.5625,93.5625,0.0,9.445619355638371,0.0,0.0,0.0,0.0,0,0,True,0.0
2025-01-16,60.0,2.474401235432747,0,0,0,16,0,0,0,0,0,0,0,0,0,0,0,0,0,0.0,0.0,0.0,0.18463456284153007,0.020385423221099208,-0.0,1.0,57.81639344262295,0,16,0.10062893081761007,201.5625,93.5625,0.0,9.445619355638371,0.0,0.0,0.0,0.0,0,0,True,0.0
2025-01-17,60.0,2.474401235432747,0,0,0,16,0,0,0,0,0,0,0,0,0,0,0,0,0,0.0,0.0,0.0,0.18463456284153007,0.020385423221099208,-0.0,1.0,57.81639344262295,0,16,0.10062893081761007,202.5625,93.5625,0.0,9.445619355638371,0.0,0.0,0.0,0.0,0,0,True,0.0
2025-01-18,60.0,2.474401235432747,0,0,0,16,0,0,0,0,0,0,0,0,0,0,0,0,0,0.0,0.0,0.0,0.18463456284153007,0.020385423221099208,-0.0,1.0,57.81639344262295,0,16,0.10062893081761007,203.5625,93.5625,0.0,9.445619355638371,0.0,0.0,0.0,0.0,0,0,True,0.0
2025-01-19,60.0,2.474401235432747,0,0,0,16,0,0,0,0,0,0,0,0,0,0,0,0,0,0.0,0.0,0.0,0.18463456284153007,0.020385423221099208,-0.0,1.0,57.81639344262295,0,16,0.10062893081761007,204.5625,93.5625,0.0,9.445619355638371,0.0,0.0,0.0,0.0,0,0,True,0.0
2025-01-20,60.0,2.474401235432747,0,0,0,16,0,0,0,0,0,0,0,0,0,0,0,0,0,0.0,0.0,0.0,0.18463456284153007,0.020385423221099208,-0.0,1.0,57.81639344262295,0,16,0.10062893081761007,205.5625,93.5625,0.0,9.445619355638371,0.0,0.0,0.0,0.0,0,0,True,0.0
2025-01-21,60.0,2.474401235432747,0,0,0,16,0,0,0,0,0,0,0,0,0,0,0,0,0,0.0,0.0,0.0,0.18463456284153007,0.020385423221099208,-0.0,1.0,57.81639344262295,0,16,0.10062893081761007,206.5625,93.5625,0.0,9.445619355638371,0.0,0.0,0.0,0.0,0,0,True,0.0
2025-01-22,60.0,2.474401235432747,0,0,0,16,0,0,0,0,0,0,0,0,0,0,0,0,0,0.0,0.0,0.0,0.18463456284153007,0.020385423221099208,-0.0,1.0,57.81639344262295,0,16,0.10062893081761007,207.5625,93.5625,0.0,9.445619355638371,0.0,0.0,0.0,0.0,0,0,True,0.0
2025-01-23,60.0,2.474401235432747,0,0,0,16,0,0,0,0,0,0,0,0,0,0,0,0,0,0.0,0.0,0.0,0.18463456284153007,0.020385423221099208,-0.0,1.0,57.81639344262295,0,16,0.10062893081761007,208.5625,93.5625,0.0,9.445619355638371,0.0,0.0,0.0,0.0,0,0,True,0.0
2025-01-24,60.0,2.474401235432747,0,0,0,16,0,0,0,0,0,0,0,0,0,0,0,0,0,0.0,0.0,0.0,0.18463456284153007,0.020385423221099208,-0.0,1.0,57.81639344262295,0,16,0.10062893081761007,209.5625,93.5625,0.0,9.445619355638371,0.0,0.0,0.0,0.0,0,0,True,0.0
2025-01-25,60.0,2.474401235432747,0,0,0,16,0,0,0,0,0,0,0,0,0,0,0,0,0,0.0,0.0,0.0,0.18463456284153007,0.020385423221099208,-0.0,1.0,57.81639344262295,0,16,0.10062893081761007,210.5625,93.5625,0.0,9.445619355638371,0.0,0.0,0.0,0.0,0,0,True,0.0
2025-01-26,60.0,2.474401235432747,0,0,0,16,0,0,0,0,0,0,0,0,0,0,0,0,0,0.0,0.0,0.0,0.18463456284153007,0.020385423221099208,-0.0,1.0,57.81639344262295,0,16,0.10062893081761007,211.5625,93.5625,0.0,9.445619355638371,0.0,0.0,0.0,0.0,0,0,True,0.0
2025-01-27,60.0,2.474401235432747,0,0,0,16,0,0,0,0,0,0,0,0,0,0,0,0,0,0.0,0.0,0.0,0.18463456284153007,0.020385423221099208,-0.0,1.0,57.81639344262295,0,16,0.10062893081761007,212.5625,93.5625,0.0,9.445619355638371,0.0,0.0,0.0,0.0,0,0,True,0.0
2025-01-28,60.0,2.474401235432747,0,0,0,16,0,0,0,0,0,0,0,0,0,0,0,0,0,0.0,0.0,0.0,0.18463456284153007,0.020385423221099208,-0.0,1.0,57.81639344262295,0,16,0.10062893081761007,213.5625,93.5625,0.0,9.445619355638371,0.0,0.0,0.0,0.0,0,0,True,0.0
2025-01-29,60.0,2.474401235432747,0,0,0,16,0,0,0,0,0,0,0,0,0,0,0,0,0,0.0,0.0,0.0,0.18463456284153007,0.020385423221099208,-0.0,1.0,57.81639344262295,0,16,0.10062893081761007,214.5625,93.5625,0.0,9.445619355638371,0.0,0.0,0.0,0.0,0,0,True,0.0
2025-01-30,60.0,2.474401235432747,0,0,0,16,0,0,0,0,0,0,0,0,0,0,0,0,0,0.0,0.0,0.0,0.18463456284153007,0.020385423221099208,-0.0,1.0,57.81639344262295,0,16,0.10062893081761007,215.5625,93.5625,0.0,9.445619355638371,0.0,0.0,0.0,0.0,0,0,True,0.0
2025-01-31,60.0,2.474401235432747,0,0,0,16,0,0,0,0,0,0,0,0,0,0,0,0,0,0.0,0.0,0.0,0.18463456284153007,0.020385423221099208,-0.0,1.0,57.81639344262295,0,16,0.10062893081761007,216.5625,93.5625,0.0,9.445619355638371,0.0,0.0,0.0,0.0,0,0,True,0.0
2025-02-01,60.0,2.474401235432747,0,0,0,16,0,0,0,0,0,0,0,0,0,0,0,0,0,0.0,0.0,0.0,0.18463456284153007,0.020385423221099208,-0.0,1.0,57.81639344262295,0,16,0.10062893081761007,217.5625,93.5625,0.0,9.445619355638371,0.0,0.0,0.0,0.0,0,0,True,0.0
2025-02-02,60.0,2.474401235432747,0,0,0,16,0,0,0,0,0,0,0,0,0,0,0,0,0,0.0,0.0,0.0,0.18463456284153007,0.020385423221099208,-0.0,1.0,57.81639344262295,0,16,0.10062893081761007,218.5625,93.5625,0.0,9.445619355638371,0.0,0.0,0.0,0.0,0,0,True,0.0
2025-02-03,60.0,2.474401235432747,0,0,0,16,0,0,0,0,0,0,0,0,0,0,0,0,0,0.0,0.0,0.0,0.18463456284153007,0.020385423221099208,-0.0,1.0,57.81639344262295,0,16,0.10062893081761007,219.5625,93.5625,0.0,9.445619355638371,0.0,0.0,0.0,0.0,0,0,True,0.0
2025-02-04,60.00000000000001,2.4744012354327465,0,0,0,16,0,0,0,0,0,0,0,0,0,0,0,0,0,0.0,0.0,0.0,0.18463456284153007,0.020385423221099652,1.4802973661668755e-14,1.0,57.81639344262295,0,16,0.10062893081761007,220.5625,93.5625,0.0,9.445619355638371,0.0,0.0,0.0,0.0,0,0,True,0.0
2025-02-05,60.00000000000001,2.4744012354327465,0,0,0,16,0,0,0,0,0,0,0,0,0,0,0,0,0,0.0,0.0,0.0,0.18463456284153007,0.020385423221099652,1.4802973661668755e-14,1.0,57.81639344262295,0,16,0.10062893081761007,221.5625,93.5625,0.0,9.445619355638371,0.0,0.0,0.0,0.0,0,0,True,0.0
2025-02-06,60.000000000000014,2.4744012354327474,0,0,0,16,0,0,0,0,0,0,0,0,0,0,0,0,0,0.0,0.0,0.0,0.18463456284153007,0.020385423221098764,1.4802973661668755e-14,1.0,57.81639344262295,0,16,0.10062893081761007,222.5625,93.5625,0.0,9.445619355638371,0.0,0.0,0.0,0.0,0,0,True,0.0
2025-02-07,60.00000000000003,2.474401235432749,0,0,0,16,0,0,0,0,0,0,0,0,0,0,0,0,0,0.0,0.0,0.0,0.18463456284153007,0.020385423221096988,0.0,1.0,57.81639344262295,0,16,0.10062893081761007,223.5625,93.5625,0.0,9.445619355638371,0.0,0.0,0.0,0.0,0,0,True,0.0
2025-02-08,60.000000000000064,2.474401235432749,0,0,0,16,0,0,0,0,0,0,0,0,0,0,0,0,0,0.0,0.0,0.0,0.18463456284153007,0.020385423221096988,-0.0,1.0,57.81639344262295,0,16,0.10062893081761007,224.5625,93.5625,0.0,9.445619355638371,0.0,0.0,0.0,0.0,0,0,True,0.0
2025-02-09,60.00000000000013,2.474401235432749,0,0,0,16,0,0,0,0,0,0,0,0,0,0,0,0,0,0.0,0.0,0.0,0.18463456284153007,0.020385423221096988,-0.0,1.0,57.81639344262295,0,16,0.10062893081761007,225.5625,93.5625,0.0,9.445619355638371,0.0,0.0,0.0,0.0,0,0,True,0.0
2025-02-10,60.00000000000025,2.474401235432752,0,0,0,16,0,0,0,0,0,0,0,0,0,0,0,0,0,0.0,0.0,0.0,0.18463456284153007,0.020385423221094323,0.0,1.0,57.81639344262295,0,16,0.10062893081761007,226.5625,93.5625,0.0,9.445619355638371,0.0,0.0,0.0,0.0,0,0,True,0.0
2025-02-11,60.0000000000005,2.474401235432757,0,0,0,16,0,0,0,0,0,0,0,0,0,0,0,0,0,0.0,0.0,0.0,0.18463456284153007,0.020385423221088994,0.0,1.0,57.81639344262295,0,16,0.10062893081761007,227.5625,93.5625,0.0,9.445619355638371,0.0,0.0,0.0,0.0,0,0,True,0.0
2025-02-12,60.00000000000097,2.4744012354327665,0,0,0,16,0,0,0,0,0,0,0,0,0,0,0,0,0,0.0,0.0,0.0,0.18463456284153007,0.020385423221079668,0.0,1.0,57.81639344262295,0,16,0.10062893081761007,228.5625,93.5625,0.0,9.445619355638371,0.0,0.0,0.0,0.0,0,0,True,0.0
2025-02-13,60.0000000000019,2.4744012354327842,0,0,0,16,0,0,0,0,0,0,0,0,0,0,0,0,0,0.0,0.0,0.0,0.18463456284153007,0.020385423221061905,0.0,1.0,57.81639344262295,0,16,0.10062893081761007,229.5625,93.5625,0.0,9.445619355638371,0.0,0.0,0.0,0.0,0,0,True,0.0
2025-02-14,60.00000000000369,2.4744012354328184,0,0,0,16,0,0,0,0,0,0,0,0,0,0,0,0,0,0.0,0.0,0.0,0.18463456284153007,0.02038542322102771,0.0,1.0,57.81639344262295,0,16,0.10062893081761007,230.5625,93.5625,0.0,9.445619355638371,0.0,0.0,0.0,0.0,0,0,True,0.0
2025-02-15,60.000000000007105,2.474401235432887,0,0,0,16,0,0,0,0,0,0,0,0,0,0,0,0,0,0.0,0.0,0.0,0.18463456284153007,0.02038542322095932,0.0,1.0,57.81639344262295,0,16,0.10062893081761007,231.5625,93.5625,0.0,9.445619355638371,0.0,0.0,0.0,0.0,0,0,True,0.0
2025-02-16,60.00000000001361,2.4744012354330174,0,0,0,16,0,0,0,0,0,0,0,0,0,0,0,0,0,0.0,0.0,0.0,0.18463456284153007,0.020385423220828758,0.0,1.0,57.81639344262295,0,16,0.10062893081761007,232.5625,93.5625,0.0,9.445619355638371,0.0,0.0,0.0,0.0,0,0,True,0.0
2025-02-17,60.000000000025864,2.4744012354332616,0,0,0,16,0,0,0,0,0,0,0,0,0,0,0,0,0,0.0,0.0,0.0,0.18463456284153007,0.02038542322058451,0.0,1.0,57.81639344262295,0,16,0.10062893081761007,233.5625,93.5625,0.0,9.445619355638371,0.0,0.0,0.0,0.0,0,0,True,0.0
2025-02-18,60.00000000004882,2.474401235433719,0,0,0,16,0,0,0,0,0,0,0,0,0,0,0,0,0,0.0,0.0,0.0,0.18463456284153007,0.020385423220127097,0.0,1.0,57.81639344262295,0,16,0.10062893081761007,234.5625,93.5625,0.0,9.445619355638371,0.0,0.0,0.0,0.0,0,0,True,0.0
2025-02-19,60.00000000009153,2.4744012354345712,0,0,0,16,0,0,0,0,0,0,0,0,0,0,0,0,0,0.0,0.0,0.0,0.18463456284153007,0.02038542321927489,0.0,1.0,57.81639344262295,0,16,0.10062893081761007,235.5625,93.5625,0.0,9.445619355638371,0.0,0.0,0.0,0.0,0,0,True,0.0
2025-02-20,60.00000000017041,2.474401235436145,0,0,0,16,0,0,0,0,0,0,0,0,0,0,0,0,0,0.0,0.0,0.0,0.18463456284153007,0.020385423217701037,0.0,1.0,57.81639344262295,0,16,0.10062893081761007,236.5625,93.5625,0.0,9.445619355638371,0.0,0.0,0.0,0.0,0,0,True,0.0
2025-02-21,60.00000000031506,2.4744012354390317,0,0,0,16,0,0,0,0,0,0,0,0,0,0,0,0,0,0.0,0.0,0.0,0.18463456284153007,0.020385423214814458,0.0,1.0,57.81639344262295,0,16,0.10062893081761007,237.5625,93.5625,0.0,9.445619355638371,0.0,0.0,0.0,0.0,0,0,True,0.0
2025-02-22,60.00000000057848,2.474401235444286,0,0,0,16,0,0,0,0,0,0,0,0,0,0,0,0,0,0.0,0.0,0.0,0.18463456284153007,0.020385423209559994,0.0,1.0,57.81639344262295,0,16,0.10062893081761007,238.5625,93.5625,0.0,9.445619355638371,0.0,0.0,0.0,0.0,0,0,True,0.0
2025-02-23,60.000000001054794,2.4744012354537874,0,0,0,16,0,0,0,0,0,0,0,0,0,0,0,0,0,0.0,0.0,0.0,0.18463456284153007,0.020385423200058705,0.0,1.0,57.81639344262295,0,16,0.10062893081761007,239.5625,93.5625,0.0,9.445619355638371,0.0,0.0,0.0,0.0,0,0,True,0.0
2025-02-24,60.00000000190999,2.474401235470848,0,0,0,16,0,0,0,0,0,0,0,0,0,0,0,0,0,0.0,0.0,0.0,0.18463456284153007,0.02038542318299813,0.0,1.0,57.81639344262295,0,16,0.10062893081761007,240.5625,93.5625,0.0,9.445619355638371,0.0,0.0,0.0,0.0,0,0,True,0.0
2025-02-25,60.0000000034346,2.474401235501263,0,0,0,16,0,0,0,0,0,0,0,0,0,0,0,0,0,0.0,0.0,0.0,0.18463456284153007,0.02038542315258335,0.0,1.0,57.81639344262295,0,16,0.10062893081761007,241.5625,93.5625,0.0,9.445619355638371,0.0,0.0,0.0,0.0,0,0,True,0.0
2025-02-26,60.00000000613348,2.4744012355551006,0,0,0,16,0,0,0,0,0,0,0,0,0,0,0,0,0,0.0,0.0,0.0,0.18463456284153007,0.020385423098745525,0.0,1.0,57.81639344262295,0,16,0.10062893081761007,242.5625,93.5625,0.0,9.445619355638371,0.0,0.0,0.0,0.0,0,0,True,0.0
2025-02-27,60.00000001087731,2.4744012356497316,0,0,0,16,0,0,0,0,0,0,0,0,0,0,0,0,0,0.0,0.0,0.0,0.18463456284153007,0.020385423004114556,0.0,1.0,57.81639344262295,0,16,0.10062893081761007,243.5625,93.5625,0.0,9.445619355638371,0.0,0.0,0.0,0.0,0,0,True,0.0
2025-02-28,60.00000001915667,2.4744012358148906,0,0,0,16,0,0,0,0,0,0,0,0,0,0,0,0,0,0.0,0.0,0.0,0.18463456284153007,0.020385422838955558,0.0,1.0,57.81639344262295,0,16,0.10062893081761007,244.5625,93.5625,0.0,9.445619355638371,0.0,0.0,0.0,0.0,0,0,True,0.0
2025-03-01,60.00000003350447,2.474401236101106,0,0,0,16,0,0,0,0,0,0,0,0,0,0,0,0,0,0.0,0.0,0.0,0.18463456284153007,0.020385422552740062,0.0,1.0,57.81639344262295,0,16,0.10062893081761007,245.5625,93.5625,0.0,9.445619355638371,0.0,0.0,0.0,0.0,0,0,True,0.0
2025-03-02,60.00000005819283,2.4744012365935997,0,0,0,16,0,0,0,0,0,0,0,0,0,0,0,0,0,0.0,0.0,0.0,0.18463456284153007,0.02038542206024646,0.0,1.0,57.81639344262295,0,16,0.10062893081761007,246.5625,93.5625,0.0,9.445619355638371,0.0,0.0,0.0,0.0,0,0,True,0.0
2025-03-03,60.00000010037379,2.4744012374350413,0,0,0,16,0,0,0,0,0,0,0,0,0,0,0,0,0,0.0,0.0,0.0,0.18463456284153007,0.020385421218804878,0.0,1.0,57.81639344262295,0,16,0.10062893081761007,247.5625,93.5625,0.0,9.445619355638371,0.0,0.0,0.0,0.0,0,0,True,0.0
2025-03-04,60.000000171931404,2.4744012388625,0,0,0,16,0,0,0,0,0,0,0,0,0,0,0,0,0,0.0,0.0,0.0,0.18463456284153007,0.020385419791346282,0.0,1.0,57.81639344262295,0,16,0.10062893081761007,248.5625,93.5625,0.0,9.445619355638371,0.0,0.0,0.0,0.0,0,0,True,0.0
2025-03-05,60.00000029246517,2.4744012412669534,0,0,0,16,0,0,0,0,0,0,0,0,0,0,0,0,0,0.0,0.0,0.0,0.18463456284153007,0.020385417386892757,0.0,1.0,57.81639344262295,0,16,0.10062893081761007,249.5625,93.5625,0.0,9.445619355638371,0.0,0.0,0.0,0.0,0,0,True,0.0
2025-03-06,60.00000049405712,2.474401245288386,0,0,0,16,0,0,0,0,0,0,0,0,0,0,0,0,0,0.0,0.0,0.0,0.18463456284153007,0.020385413365460237,0.0,1.0,57.81639344262295,0,16,0.10062893081761007,250.5625,93.5625,0.0,9.445619355638371,0.0,0.0,0.0,0.0,0,0,True,0.0
2025-03-07,60.00000082882766,2.474401251966515,0,0,0,16,0,0,0,0,0,0,0,0,0,0,0,0,0,0.0,0.0,0.0,0.18463456284153007,0.020385406687331076,0.0,1.0,57.81639344262295,0,16,0.10062893081761007,251.5625,93.5625,0.0,9.445619355638371,0.0,0.0,0.0,0.0,0,0,True,0.0
2025-03-08,60.00000138081462,2.4744012629777585,0,0,0,16,0,0,0,0,0,0,0,0,0,0,0,0,0,0.0,0.0,0.0,0.18463456284153007,0.020385395676087603,0.0,1.0,57.81639344262295,0,16,0.10062893081761007,252.5625,93.5625,0.0,9.445619355638371,0.0,0.0,0.0,0.0,0,0,True,0.0
2025-03-09,60.000002284496965,2.474401281004753,0,0,0,16,0,0,0,0,0,0,0,0,0,0,0,0,0,0.0,0.0,0.0,0.18463456284153007,0.02038537764909304,0.0,1.0,57.81639344262295,0,16,0.10062893081761007,253.5625,93.5625,0.0,9.445619355638371,0.0,0.0,0.0,0.0,0,0,True,0.0
2025-03-10,60.000003753443295,2.4744013103078393,0,0,0,16,0,0,0,0,0,0,0,0,0,0,0,0,0,0.0,0.0,0.0,0.18463456284153007,0.02038534834600686,0.0,1.0,57.81639344262295,0,16,0.10062893081761007,254.5625,93.5625,0.0,9.445619355638371,0.0,0.0,0.0,0.0,0,0,True,0.0
2025-03-11,60.000006124254064,2.4744013576016517,0,0,0,16,0,0,0,0,0,0,0,0,0,0,0,0,0,0.0,0.0,0.0,0.18463456284153007,0.020385301052194438,0.0,1.0,57.81639344262295,0,16,0.10062893081761007,255.5625,93.5625,0.0,9.445619355638371,0.0,0.0,0.0,0.0,0,0,True,0.0
2025-03-12,60.00000992340246,2.474401433388418,0,0,0,16,0,0,0,0,0,0,0,0,0,0,0,0,0,0.0,0.0,0.0,0.18463456284153007,0.020385225265428242,0.0,1.0,57.81639344262295,0,16,0.10062893081761007,256.5625,93.5625,0.0,9.445619355638371,0.0,0.0,0.0,0.0,0,0,True,0.0
2025-03-13,60.00001596805712,2.474401553969344,0,0,0,16,0,0,0,0,0,0,0,0,0,0,0,0,0,0.0,0.0,0.0,0.18463456284153007,0.02038510468450211,0.0,1.0,57.81639344262295,0,16,0.10062893081761007,257.5625,93.5625,0.0,9.445619355638371,0.0,0.0,0.0,0.0,0,0,True,0.0
2025-03-14,60.000025516882616,2.47440174445219,0,0,0,16,0,0,0,0,0,0,0,0,0,0,0,0,0,0.0,0.0,0.0,0.18463456284153007,0.020384914201656168,0.0,1.0,57.81639344262295,0,16,0.10062893081761007,258.5625,93.5625,0.0,9.445619355638371,0.0,0.0,0.0,0.0,0,0,True,0.0
2025-03-15,60.00004049367755,2.474402043213772,0,0,0,16,0,0,0,0,0,0,0,0,0,0,0,0,0,0.0,0.0,0.0,0.18463456284153007,0.020384615440074028,0.0,1.0,57.81639344262295,0,16,0.10062893081761007,259.5625,93.5625,0.0,9.445619355638371,0.0,0.0,0.0,0.0,0,0,True,0.0
2025-03-16,60.000063816192764,2.474402508458277,0,0,0,16,0,0,0,0,0,0,0,0,0,0,0,0,0,0.0,0.0,0.0,0.18463456284153007,0.02038415019556933,0.0,1.0,57.81639344262295,0,16,0.10062893081761007,260.5625,93.5625,0.0,9.445619355638371,0.0,0.0,0.0,0.0,0,0,True,0.0
2025-03-17,60.000099875422045,2.474403227773545,0,0,0,16,0,0,0,0,0,0,0,0,0,0,0,0,0,0.0,0.0,0.0,0.18463456284153007,0.02038343088030109,0.0,1.0,57.81639344262295,0,16,0.10062893081761007,261.5625,93.5625,0.0,9.445619355638371,0.0,0.0,0.0,0.0,0,0,True,0.0
2025-03-18,60.00015522813167,2.474404331958243,0,0,0,16,0,0,0,0,0,0,0,0,0,0,0,0,0,0.0,0.0,0.0,0.18463456284153007,0.020382326695603192,0.0,1.0,57.81639344262295,0,16,0.10062893081761007,262.5625,93.5625,0.0,9.445619355638371,0.0,0.0,0.0,0.0,0,0,True,0.0
2025-03-19,60.000239588682426,2.4744060147703637,0,0,0,16,0,0,0,0,0,0,0,0,0,0,0,0,0,0.0,0.0,0.0,0.18463456284153007,0.02038064388348243,0.0,1.0,57.81639344262295,0,16,0.10062893081761007,263.5625,93.5625,0.0,9.445619355638371,0.0,0.0,0.0,0.0,0,0,True,0.0
2025-03-20,60.00036723683363,2.474408561077306,0,0,0,16,0,0,0,0,0,0,0,0,0,0,0,0,0,0.0,0.0,0.0,0.18463456284153007,0.020378097576540244,0.0,1.0,57.81639344262295,0,16,0.10062893081761007,264.5625,93.5625,0.0,9.445619355638371,0.0,0.0,0.0,0.0,0,0,True,0.0
2025-03-21,60.00055899797581,2.4744123860872524,0,0,0,16,0,0,0,0,0,0,0,0,0,0,0,0,0,0.0,0.0,0.0,0.18463456284153007,0.020374272566593687,0.0,1.0,57.81639344262295,0,16,0.10062893081761007,265.5625,93.5625,0.0,9.445619355638371,0.0,0.0,0.0,0.0,0,0,True,0.0
2025-03-22,60.00084500310044,2.474418090957562,0,0,0,16,0,0,0,0,0,0,0,0,0,0,0,0,0,0.0,0.0,0.0,0.18463456284153007,0.0203685676962842,0.0,1.0,57.81639344262295,0,16,0.10062893081761007,266.5625,93.5625,0.0,9.445619355638371,0.0,0.0,0.0,0.0,0,0,True,0.0
2025-03-23,60.0012684998953,2.4744265383386863,0,0,0,16,0,0,0,0,0,0,0,0,0,0,0,0,0,0.0,0.0,0.0,0.18463456284153007,0.020360120315159824,0.0,1.0,57.81639344262295,0,16,0.10062893081761007,267.5625,93.5625,0.0,9.445619355638371,0.0,0.0,0.0,0.0,0,0,True,0.0
2025-03-24,60.001891065776555,2.4744389549839196,0,0,0,16,0,0,0,0,0,0,0,0,0,0,0,0,0,0.0,0.0,0.0,0.18463456284153007,0.020347703669926498,0.0,1.0,57.81639344262295,0,16,0.10062893081761007,268.5625,93.5625,0.0,9.445619355638371,0.0,0.0,0.0,0.0,0,0,True,0.0
2025-03-25,60.002799670367025,2.474457076473062,0,0,0,16,0,0,0,0,0,0,0,0,0,0,0,0,0,0.0,0.0,0.0,0.18463456284153007,0.020329582180784345,0.0,1.0,57.81639344262295,0,16,0.10062893081761007,269.5625,93.5625,0.0,9.445619355638371,0.0,0.0,0.0,0.0,0,0,True,0.0
2025-03-26,60.0041161503721,2.4744833265120905,0,0,0,16,0,0,0,0,0,0,0,0,0,0,0,0,0,0.0,0.0,0.0,0.18463456284153007,0.02030333214175567,0.0,1.0,57.81639344262295,0,16,0.10062893081761007,270.5625,93.5625,0.0,9.445619355638371,0.0,0.0,0.0,0.0,0,0,True,0.0
2025-03-27,60.00600979460894,2.4745210849550077,0,0,0,16,0,0,0,0,0,0,0,0,0,0,0,0,0,0.0,0.0,0.0,0.18463456284153007,0.020265573698838468,0.0,1.0,57.81639344262295,0,16,0.10062893081761007,271.5625,93.5625,0.0,9.445619355638371,0.0,0.0,0.0,0.0,0,0,True,0.0
2025-03-28,60.00871389040611,2.474574962573334,0,0,0,16,0,0,0,0,0,0,0,0,0,0,0,0,0,0.0,0.0,0.0,0.18463456284153007,0.020211696080512154,0.0,1.0,57.81639344262295,0,16,0.10062893081761007,272.5625,93.5625,0.0,9.445619355638371,0.0,0.0,0.0,0.0,0,0,True,0.0
2025-03-29,60.01254725208446,2.474651340191919,0,0,0,16,0,0,0,0,0,0,0,0,0,0,0,0,0,0.0,0.0,0.0,0.18463456284153007,0.020135318461927343,0.0,1.0,57.81639344262295,0,16,0.10062893081761007,273.5625,93.5625,0.0,9.445619355638371,0.0,0.0,0.0,0.0,0,0,True,0.0
2025-03-30,60.017941932537155,2.474758826226521,0,0,0,16,0,0,0,0,0,0,0,0,0,0,0,0,0,0.0,0.0,0.0,0.18463456284153007,0.020027832427325143,0.0,1.0,57.81639344262295,0,16,0.10062893081761007,274.5625,93.5625,0.0,9.445619355638371,0.0,0.0,0.0,0.0,0,0,True,0.0
2025-03-31,60.02547850148421,2.4749087616961023,0,0,0,16,0,0,0,0,0,0,0,0,0,0,0,0,0,0.0,0.0,0.0,0.18463456284153007,0.019877896957743835,0.0,1.0,57.81639344262295,0,16,0.10062893081761007,275.5625,93.5625,0.0,9.445619355638371,0.0,0.0,0.0,0.0,0,0,True,0.0
2025-04-01,5.0359304461239285,1.1507223771795911,0,0,0,16,0,0,0,0,0,0,0,0,0,0,0,16,0,0.0,24.0,24.0,0.1860735428051002,1.344064281474255,44.139546150550366,3.0,57.92131147540984,0,16,0.10062893081761007,276.5625,94.5625,0.0,9.673496914143069,0.0,0.0,0.0,0.0,0,0,True,0.0
2025-04-02,60.05031939418538,2.4754018336599946,0,0,0,15,1,0,1,1,0,0,0,1,0,0,0,0,0,0.0,0.0,0.0,0.18852580449301756,0.02070393557077465,44.139546150550366,3.0,58.10010928961749,1,15,0.09433962264150944,278.26666666666665,96.26666666666667,0.0,10.056952989925433,0.0,0.0,0.0,0.0,0,0,True,0.0
2025-04-03,60.06998295302586,2.4757914942141146,0,0,0,15,0,0,0,0,0,0,0,0,0,0,0,0,0,0.0,0.0,0.0,0.18996478445658774,0.020314275016654608,44.139546150550366,3.0,58.205027322404376,0,15,0.09433962264150944,279.26666666666665,97.26666666666667,0.0,10.29947716754317,0.0,0.0,0.0,0.0,0,0,True,0.0
2025-04-04,60.09665697308529,2.476320076731719,0,0,0,15,0,0,0,0,0,0,0,0,0,0,0,0,0,0.0,0.0,0.0,0.19140376442015786,0.01978569249905015,0.0,1.0,58.30994535519127,0,15,0.09433962264150944,280.26666666666665,98.26666666666667,0.0,10.547806321900435,0.0,0.0,0.0,0.0,0,0,True,0.0
2025-04-05,60.13257394604026,2.4770267789401763,0,0,0,15,0,0,0,0,0,0,0,0,0,0,0,0,0,0.0,0.0,0.0,0.19284274438372798,0.019078990290592894,0.0,1.0,58.414863387978144,0,15,0.09433962264150944,281.26666666666665,99.26666666666667,0.0,10.802077276293307,0.0,0.0,0.0,0.0,0,0,True,0.0
2025-04-06,60.18057899922423,2.4779713261642633,0,0,0,14,1,0,1,1,0,0,0,1,0,0,0,0,0,0.0,0.0,0.0,0.19492583918813425,0.019493188487751327,0.0,1.0,58.56674473067916,1,14,0.0880503144654088,282.7142857142857,100.71428571428572,0.0,11.174851454079464,0.0,0.0,0.0,0.0,0,0,True,0.0
2025-04-07,60.24426450723618,2.479210524125023,0,0,0,13,1,0,1,1,0,0,0,1,0,0,0,0,0,0.0,0.0,0.0,0.1969973378170099,0.01966151729509525,0.0,1.0,58.71778058007566,1,13,0.08176100628930817,284.15384615384613,102.15384615384615,0.0,11.558907526340302,0.0,0.0,0.0,0.0,0,0,True,0.0
2025-04-08,60.32812366772743,2.4808422627091335,0,0,0,13,0,0,0,0,0,0,0,0,0,0,0,0,0,0.0,0.0,0.0,0.19843631778058002,0.018029778710984774,0.0,1.0,58.822698612862546,0,13,0.08176100628930817,285.15384615384613,103.15384615384615,0.0,11.837353747533879,0.0,0.0,0.0,0.0,0,0,True,0.0
2025-04-09,60.43772244291014,2.482918672059499,0,0,0,12,1,0,1,1,0,0,0,1,0,0,0,0,0,0.0,0.0,0.0,0.20037340619307828,0.01742187281229594,0.0,1.0,58.963934426229514,1,12,0.07547169811320754,286.5,104.5,0.0,12.220406147797805,0.0,0.0,0.0,0.0,0,0,True,0.0
2025-04-10,60.57988802092092,2.4856120774829593,0,0,0,10,2,0,2,2,0,0,0,2,0,0,0,0,0,0.0,0.0,0.0,0.20281967213114757,0.01792157636319449,0.0,1.0,59.14229508196721,2,10,0.06289308176100629,288.2,106.2,0.0,12.721385889700153,0.0,0.0,0.0,0.0,0,0,True,0.0
2025-04-11,60.7629103846519,2.489079537285712,0,0,0,9,1,0,1,1,0,0,0,1,0,0,0,0,0,0.0,0.0,0.0,0.20477028941509817,0.01623563365445873,0.0,1.0,59.284517304189436,1,9,0.05660377358490566,289.55555555555554,107.55555555555556,0.0,13.13722743578098,0.0,0.0,0.0,0.0,0,0,True,0.0
2025-04-12,60.99675169241121,2.4933311581361868,0,0,0,7,2,0,2,2,0,0,0,2,0,0,0,0,0,0.0,0.0,0.0,0.20725995316159254,0.016181204501175803,0.0,1.0,59.46604215456675,2,7,0.0440251572327044,291.2857142857143,109.28571428571428,0.0,13.689255284246583,0.0,0.0,0.0,0.0,0,0,True,0.0
2025-04-13,61.29325600324493,2.4987220957864924,0,0,0,4,3,0,3,3,0,0,0,3,0,0,0,0,0,0.0,0.0,0.0,0.2111657559198543,0.021049538828892156,0.0,1.0,59.75081967213114,3,4,0.025157232704402517,294.0,112.0,0.0,14.600287583529774,0.0,0.0,0.0,0.0,0,0,True,0.0
2025-04-14,61.66634948073634,2.5023490447707464,0,0,0,2,2,0,2,2,0,0,0,2,0,0,0,0,0,0.0,0.0,0.0,0.2169216757741348,0.03719422446002274,0.0,1.0,60.17049180327869,2,2,0.012578616352201259,298.0,116.0,0.0,16.014763529422606,0.0,0.0,0.0,0.0,0,0,True,0.0
2025-04-15,62.13221868101055,2.5068778932354547,0,0,0,2,0,0,0,0,0,0,0,0,0,0,0,0,0,0.0,0.0,0.0,0.2183606557377049,0.03266537599531438,0.0,1.0,60.27540983606558,0,2,0.012578616352201259,299.0,117.0,0.0,16.39933708569272,0.0,0.0,0.0,0.0,0,0,True,0.0
2025-04-16,62.70945201296719,2.5119857369657823,0,0,0,2,0,0,0,0,0,0,0,0,0,0,0,0,0,0.0,0.0,0.0,0.21979963570127503,0.027557532264986806,0.0,1.0,60.38032786885246,0,2,0.012578616352201259,300.0,118.0,0.0,16.793036763301302,0.0,0.0,0.0,0.0,0,0,True,0.0
2025-04-17,63.41912713254185,2.5182655365016156,0,0,0,2,0,0,0,0,0,0,0,0,0,0,0,0,0,0.0,0.0,0.0,0.2212386156648452,0.021277732729153565,0.0,1.0,60.485245901639345,0,2,0.012578616352201259,301.0,119.0,0.0,17.1960738399433,0.0,0.0,0.0,0.0,0,0,True,0.0
2025-04-18,64.28482511768256,2.525918565946403,0,0,0,2,0,0,0,0,0,0,0,0,0,0,0,0,0,0.0,0.0,0.0,0.22267759562841533,0.013624703284366158,0.0,1.0,60.59016393442623,0,2,0.012578616352201259,302.0,120.0,0.0,17.608664227769296,0.0,0.0,0.0,0.0,0,0,True,0.0
2025-04-19,65.33255101721717,2.535013055999084,0,0,0,2,0,0,0,0,0,0,0,0,0,0,0,0,0,0.0,0.0,0.0,0.22411657559198545,0.004530213231684899,0.0,1.0,60.69508196721311,0,2,0.012578616352201259,303.0,121.0,0.0,18.031028562498427,0.0,0.0,0.0,0.0,0,0,True,0.0
2025-04-20,66.59054004351111,2.545932675998069,0,0,0,0,2,0,2,2,0,0,0,2,0,0,0,0,0,0.0,0.0,0.0,0.0,0.0,0.0,1.0,0.0,2,0,0.0,0.0,0.0,0.0,0.0,0.0,0.0,0.0,0.0,0,0,True,0.0
2025-04-21,68.08892955459343,2.5586501137652524,0,0,0,0,0,0,0,0,0,0,0,0,0,0,0,0,0,0.0,0.0,0.0,0.0,0.0,0.0,1.0,0.0,0,0,0.0,0.0,0.0,0.0,0.0,0.0,0.0,0.0,0.0,0,0,True,0.0
2025-04-22,69.85927929247957,2.5736757879649157,0,0,0,0,0,0,0,0,0,0,0,0,0,0,0,0,0,0.0,0.0,0.0,0.0,0.0,0.0,1.0,0.0,0,0,0.0,0.0,0.0,0.0,0.0,0.0,0.0,0.0,0.0,0,0,True,0.0
2025-04-23,71.93392630773415,2.59069886569373,0,0,0,0,0,0,0,0,0,0,0,0,0,0,0,0,0,0.0,0.0,0.0,0.0,0.0,0.0,1.0,0.0,0,0,0.0,0.0,0.0,0.0,0.0,0.0,0.0,0.0,0.0,0,0,True,0.0
2025-04-24,74.3451667248808,2.6104837894625135,0,0,0,0,0,0,0,0,0,0,0,0,0,0,0,0,0,0.0,0.0,0.0,0.0,0.0,0.0,1.0,0.0,0,0,0.0,0.0,0.0,0.0,0.0,0.0,0.0,0.0,0.0,0,0,True,0.0
2025-04-25,77.12426400145304,2.6328035602875968,0,0,0,0,0,0,0,0,0,0,0,0,0,0,0,0,0,0.0,0.0,0.0,0.0,0.0,0.0,1.0,0.0,0,0,0.0,0.0,0.0,0.0,0.0,0.0,0.0,0.0,0.0,0,0,True,0.0
2025-04-26,80.30029248549191,2.6576839467721114,0,0,0,0,0,0,0,0,0,0,0,0,0,0,0,0,0,0.0,0.0,0.0,0.0,0.0,0.0,1.0,0.0,0,0,0.0,0.0,0.0,0.0,0.0,0.0,0.0,0.0,0.0,0,0,True,0.0
2025-04-27,83.89883561088229,2.6858742303891683,0,0,0,0,0,0,0,0,0,0,0,0,0,0,0,0,0,0.0,0.0,0.0,0.0,0.0,0.0,1.0,0.0,0,0,0.0,0.0,0.0,0.0,0.0,0.0,0.0,0.0,0.0,0,0,True,0.0
2025-04-28,87.94056955465514,2.7160235497623226,0,0,0,0,0,0,0,0,0,0,0,0,0,0,0,0,0,0.0,0.0,0.0,0.0,0.0,0.0,1.0,0.0,0,0,0.0,0.0,0.0,0.0,0.0,0.0,0.0,0.0,0.0,0,0,True,0.0
2025-04-29,92.4397750244831,2.7495853785522364,0,0,0,0,0,0,0,0,0,0,0,0,0,0,0,0,0,0.0,0.0,0.0,0.0,0.0,0.0,1.0,0.0,0,0,0.0,0.0,0.0,0.0,0.0,0.0,0.0,0.0,0.0,0,0,True,0.0
2025-04-30,97.40283131659442,2.7847573653235274,0,0,0,0,0,0,0,0,0,0,0,0,0,0,0,0,0,0.0,0.0,0.0,0.0,0.0,0.0,1.0,0.0,0,0,0.0,0.0,0.0,0.0,0.0,0.0,0.0,0.0,0.0,0,0,True,0.0
2025-05-01,102.82675704574788,2.8231954229972787,0,0,0,0,0,0,0,0,0,0,0,0,0,0,0,0,0,0.0,0.0,0.0,0.0,0.0,0.0,1.0,0.0,0,0,0.0,0.0,0.0,0.0,0.0,0.0,0.0,0.0,0.0,0,0,True,0.0
2025-05-02,108.69787010375246,2.8624242617545623,0,0,0,0,0,0,0,0,0,0,0,0,0,0,0,0,0,0.0,0.0,0.0,0.0,0.0,0.0,1.0,0.0,0,0,0.0,0.0,0.0,0.0,0.0,0.0,0.0,0.0,0.0,0,0,True,0.0
2025-05-03,114.99064456105107,2.9041427563361117,0,0,0,0,0,0,0,0,0,0,0,0,0,0,0,0,0,0.0,0.0,0.0,0.0,0.0,0.0,1.0,0.0,0,0,0.0,0.0,0.0,0.0,0.0,0.0,0.0,0.0,0.0,0,0,True,0.0
2025-05-04,121.66684357607812,2.9484031973107148,0,0,0,0,0,0,0,0,0,0,0,0,0,0,0,0,0,0.0,0.0,0.0,0.0,0.0,0.0,1.0,0.0,0,0,0.0,0.0,0.0,0.0,0.0,0.0,0.0,0.0,0.0,0,0,True,0.0
2025-05-05,128.67500426574213,2.992042083121445,0,0,0,0,0,0,0,0,0,0,0,0,0,0,0,0,0,0.0,0.0,0.0,0.0,0.0,0.0,1.0,0.0,0,0,0.0,0.0,0.0,0.0,0.0,0.0,0.0,0.0,0.0,0,0,True,0.0
2025-05-06,135.9503424972151,3.0373446479992645,0,0,0,0,0,0,0,0,0,0,0,0,0,0,0,0,0,0.0,0.0,0.0,0.0,0.0,0.0,1.0,0.0,0,0,0.0,0.0,0.0,0.0,0.0,0.0,0.0,0.0,0.0,0,0,True,0.0
2025-05-07,143.4151325659813,3.081614039831458,0,0,0,0,0,0,0,0,0,0,0,0,0,0,0,0,0,0.0,0.0,0.0,0.0,0.0,0.0,1.0,0.0,0,0,0.0,0.0,0.0,0.0,0.0,0.0,0.0,0.0,0.0,0,0,True,0.0
2025-05-08,150.97959895689502,3.126474554805882,0,0,0,0,0,0,0,0,0,0,0,0,0,0,0,0,0,0.0,0.0,0.0,0.0,0.0,0.0,1.0,0.0,0,0,0.0,0.0,0.0,0.0,0.0,0.0,0.0,0.0,0.0,0,0,True,0.0
2025-05-09,158.5433354473903,3.1687634732825263,0,0,0,0,0,0,0,0,0,0,0,0,0,0,0,0,0,0.0,0.0,0.0,0.0,0.0,0.0,1.0,0.0,0,0,0.0,0.0,0.0,0.0,0.0,0.0,0.0,0.0,0.0,0,0,True,0.0
2025-05-10,165.99724167865742,3.2104383297959327,0,0,0,0,0,0,0,0,0,0,0,0,0,0,0,0,0,0.0,0.0,0.0,0.0,0.0,0.0,1.0,0.0,0,0,0.0,0.0,0.0,0.0,0.0,0.0,0.0,0.0,0.0,0,0,True,0.0
2025-05-11,173.2259402983511,3.2508540485355524,0,0,0,0,0,0,0,0,0,0,0,0,0,0,0,0,0,0.0,0.0,0.0,0.0,0.0,0.0,1.0,0.0,0,0,0.0,0.0,0.0,0.0,0.0,0.0,0.0,0.0,0.0,0,0,True,0.0
2025-05-12,180.1106104375212,3.287434987054917,0,0,0,0,0,0,0,0,0,0,0,0,0,0,0,0,0,0.0,0.0,0.0,0.0,0.0,0.0,1.0,0.0,0,0,0.0,0.0,0.0,0.0,0.0,0.0,0.0,0.0,0.0,0,0,True,0.0
2025-05-13,186.53214735963516,3.321555118099569,0,0,0,0,0,0,0,0,0,0,0,0,0,0,0,0,0,0.0,0.0,0.0,0.0,0.0,0.0,1.0,0.0,0,0,0.0,0.0,0.0,0.0,0.0,0.0,0.0,0.0,0.0,0,0,True,0.0
2025-05-14,192.3745353876893,3.351623543140437,0,0,0,0,0,0,0,0,0,0,0,0,0,0,0,0,0,0.0,0.0,0.0,0.0,0.0,0.0,1.0,0.0,0,0,0.0,0.0,0.0,0.0,0.0,0.0,0.0,0.0,0.0,0,0,True,0.0
2025-05-15,197.52830335980434,3.37814791728393,0,0,0,0,0,0,0,0,0,0,0,0,0,0,0,0,0,0.0,0.0,0.0,0.0,0.0,0.0,1.0,0.0,0,0,0.0,0.0,0.0,0.0,0.0,0.0,0.0,0.0,0.0,0,0,True,0.0
2025-05-16,201.89392033601482,3.4000290493622876,0,0,0,0,0,0,0,0,0,0,0,0,0,0,0,0,0,0.0,0.0,0.0,0.0,0.0,0.0,1.0,0.0,0,0,0.0,0.0,0.0,0.0,0.0,0.0,0.0,0.0,0.0,0,0,True,0.0
2025-05-17,205.38498517145163,3.417526793936437,0,0,0,0,0,0,0,0,0,0,0,0,0,0,0,0,0,0.0,0.0,0.0,0.0,0.0,0.0,1.0,0.0,0,0,0.0,0.0,0.0,0.0,0.0,0.0,0.0,0.0,0.0,0,0,True,0.0
2025-05-18,207.93106751158743,3.43028814342506,0,0,0,0,0,0,0,0,0,0,0,0,0,0,0,0,0,0.0,0.0,0.0,0.0,0.0,0.0,1.0,0.0,0,0,0.0,0.0,0.0,0.0,0.0,0.0,0.0,0.0,0.0,0,0,True,0.0
2025-05-19,209.48006984555536,3.4379371905208655,0,0,0,0,0,0,0,0,0,0,0,0,0,0,0,0,0,0.0,0.0,0.0,0.0,0.0,0.0,1.0,0.0,0,0,0.0,0.0,0.0,0.0,0.0,0.0,0.0,0.0,0.0,0,0,True,0.0
2025-05-20,210.0,3.4405046303178666,0,0,0,0,0,0,0,0,0,0,0,0,0,0,0,0,0,0.0,0.0,0.0,0.0,0.0,0.0,1.0,0.0,0,0,0.0,0.0,0.0,0.0,0.0,0.0,0.0,0.0,0.0,0,0,True,0.0
2025-05-21,209.48006984555536,3.4379371905208655,0,0,0,0,0,0,0,0,0,0,0,0,0,0,0,0,0,0.0,0.0,0.0,0.0,0.0,0.08558132656670085,1.0,0.0,0,0,0.0,0.0,0.0,0.0,0.0,0.0,0.0,0.0,0.0,0,0,True,0.0
2025-05-22,207.93106751158743,3.43028814342506,0,0,0,0,0,0,0,0,0,0,0,0,0,0,0,0,0,0.0,0.0,0.0,0.0,0.0,0.34054956309355805,1.0,0.0,0,0,0.0,0.0,0.0,0.0,0.0,0.0,0.0,0.0,0.0,0,0,True,0.0
2025-05-23,205.38498517145163,3.417526793936437,0,0,0,0,0,0,0,0,0,0,0,0,0,0,0,0,0,0.0,0.0,0.0,0.0,0.0,0.7659278793809824,1.0,0.0,0,0,0.0,0.0,0.0,0.0,0.0,0.0,0.0,0.0,0.0,0,0,True,0.0
2025-05-24,201.89392033601482,3.4000290493622876,0,0,0,0,0,0,0,0,0,0,0,0,0,0,0,0,0,0.0,0.0,0.0,0.0,0.0,1.263604705285933,1.0,0.0,0,0,0.0,0.0,0.0,0.0,0.0,0.0,0.0,0.0,0.0,0,0,True,0.0
2025-05-25,197.52830335980434,3.37814791728393,0,0,0,0,0,0,0,0,0,0,0,0,0,0,0,0,0,0.0,0.0,0.0,0.0,0.0,1.7380075380376632,1.0,0.0,0,0,0.0,0.0,0.0,0.0,0.0,0.0,0.0,0.0,0.0,0,0,True,0.0
2025-05-26,192.3745353876893,3.351623543140437,0,0,0,0,0,0,0,0,0,0,0,0,0,0,0,0,0,0.0,0.0,0.0,0.0,0.0,2.196775026533334,1.0,0.0,0,0,0.0,0.0,0.0,0.0,0.0,0.0,0.0,0.0,0.0,0,0,True,0.0
2025-05-27,186.53214735963516,3.321555118099569,0,0,0,0,0,0,0,0,0,0,0,0,0,0,0,0,0,0.0,0.0,0.0,0.0,0.0,2.6157977087572912,1.0,0.0,0,0,0.0,0.0,0.0,0.0,0.0,0.0,0.0,0.0,0.0,0,0,True,0.0
2025-05-28,180.1106104375212,3.287434987054917,0,0,0,0,0,0,0,0,0,0,0,0,0,0,0,0,0,0.0,0.0,0.0,0.0,0.0,3.0237643409670945,1.0,0.0,0,0,0.0,0.0,0.0,0.0,0.0,0.0,0.0,0.0,0.0,0,0,True,0.0
2025-05-29,173.2259402983511,3.2508540485355524,0,0,0,0,0,0,0,0,0,0,0,0,0,0,0,0,0,0.0,0.0,0.0,0.0,0.0,3.358983153496157,1.0,0.0,0,0,0.0,0.0,0.0,0.0,0.0,0.0,0.0,0.0,0.0,0,0,True,0.0
2025-05-30,165.99724167865742,3.2104383297959327,0,0,0,0,0,0,0,0,0,0,0,0,0,0,0,0,0,0.0,0.0,0.0,0.0,0.0,3.703892943454538,1.0,0.0,0,0,0.0,0.0,0.0,0.0,0.0,0.0,0.0,0.0,0.0,0,0,True,0.0
2025-05-31,158.5433354473903,3.1687634732825263,0,0,0,0,0,0,0,0,0,0,0,0,0,0,0,0,0,0.0,0.0,0.0,0.0,0.0,3.955717125746361,1.0,0.0,0,0,0.0,0.0,0.0,0.0,0.0,0.0,0.0,0.0,0.0,0,0,True,0.0
2025-06-01,150.97959895689502,3.126474554805882,2,0,2,0,0,0,0,0,0,0,0,0,0,0,0,0,0,0.0,0.0,0.0,0.05,0.015192111860784507,4.145983124322343,1.0,48.0,0,2,0.012578616352201259,0.0,0.0,1.0,1.0,0.0,0.0,0.0,0.0,0,0,True,0.0
2025-06-02,143.4151325659813,3.081614039831458,2,0,4,0,0,0,0,0,0,0,0,0,0,0,0,2,0,0.0,12.0,24.0,0.05071948998178507,0.04156304350187512,4.294142998815816,1.0,48.05245901639344,0,4,0.025157232704402517,0.5,0.5,1.5,1.01213652008498,0.0,0.0,0.0,0.0,0,0,True,0.0
2025-06-03,135.9503424972151,3.0373446479992645,2,0,6,0,0,0,0,0,0,0,0,0,0,0,0,4,0,0.0,24.0,48.0,0.05143897996357013,0.06734285200073538,4.380627509442059,1.0,48.104918032786884,0,6,0.03773584905660377,1.0,1.0,2.0,1.0244692904779635,0.0,0.0,0.0,0.0,0,0,True,0.0
2025-06-04,128.67500426574213,2.992042083121445,3,0,7,0,2,2,0,0,0,0,2,0,0,0,2,4,0,0.0,20.571428571428573,48.0,0.051233411397345816,0.06599363116426929,4.481082389481239,1.0,48.089929742388755,0,7,0.0440251572327044,0.8571428571428572,0.8571428571428572,1.857142857142857,1.0209736775525402,0.0,0.0,0.0,0.0,0,0,True,0.0
2025-06-05,121.66684357607812,2.9484031973107148,2,0,7,0,2,2,0,0,0,0,2,0,0,0,2,5,0,0.0,24.0,48.0,0.05143897996357013,0.07244158290906537,4.4403614173581145,1.0,48.104918032786884,0,7,0.0440251572327044,1.0,1.0,2.0,1.0244412547196773,0.0,0.0,0.0,0.0,0,0,True,0.0
2025-06-06,114.99064456105107,2.9041427563361117,3,0,8,0,2,2,0,0,0,0,2,0,0,0,2,5,0,0.0,24.0,48.0,0.05143897996357013,0.06919458340747797,4.440063055438426,1.0,48.104918032786884,0,8,0.050314465408805034,1.0,1.0,2.0,1.024493821766464,0.0,0.0,0.0,0.0,0,0,True,0.0
2025-06-07,108.69787010375246,2.8624242617545623,2,0,7,0,3,3,0,0,0,0,3,0,0,0,3,4,0,0.0,20.571428571428573,48.0,0.051438979963570115,0.06264441956411895,4.320594045562753,1.0,48.104918032786884,0,7,0.0440251572327044,1.0,1.0,2.0,1.0244412547196773,0.0,0.0,0.0,0.0,0,0,True,0.0
2025-06-08,102.82675704574788,2.8231954229972787,2,0,7,0,2,2,0,0,0,0,2,0,0,0,2,4,0,0.0,20.571428571428573,48.0,0.051644548529794436,0.062175456123600474,4.1735924771145365,1.0,48.11990632318501,0,7,0.0440251572327044,1.1428571428571428,1.1428571428571428,2.142857142857143,1.0279929391616733,0.0,0.0,0.0,0.0,0,0,True,0.0
2025-06-09,97.40283131659442,2.7847573653235274,1,0,6,0,2,2,0,0,0,0,2,0,0,0,2,4,0,0.0,24.0,48.0,0.052158469945355196,0.07113205775339575,3.979513033752813,1.0,48.157377049180326,0,6,0.03773584905660377,1.5,1.5,2.5,1.0369025625666897,0.0,0.0,0.0,0.0,0,0,True,0.0
2025-06-10,92.4397750244831,2.7495853785522364,2,0,6,0,2,2,0,0,0,0,2,0,0,0,2,4,0,0.0,24.0,48.0,0.051918639951426836,0.06676077529391744,3.7612961067441977,1.0,48.13989071038251,0,6,0.03773584905660377,1.3333333333333333,1.3333333333333333,2.3333333333333335,1.0328570558716965,0.0,0.0,0.0,0.0,0,0,True,0.0
2025-06-11,87.94056955465514,2.7160235497623226,2,0,6,0,2,2,0,0,0,0,2,0,0,0,2,4,0,0.0,24.0,48.0,0.05167880995749848,0.06077933485306194,3.5723957744985344,1.0,48.1224043715847,0,6,0.03773584905660377,1.1666666666666667,1.1666666666666667,2.1666666666666665,1.0287134240227012,0.0,0.0,0.0,0.0,0,0,True,0.0
2025-06-12,83.89883561088229,2.6858742303891683,2,0,6,0,2,2,0,0,0,0,2,0,0,0,2,3,0,0.0,20.0,48.0,0.05143897996357013,0.05138538499544709,3.296104497811969,1.0,48.104918032786884,0,6,0.03773584905660377,1.0,1.0,2.0,1.0244692904779635,0.0,0.0,0.0,0.0,0,0,True,0.0
2025-06-13,80.30029248549191,2.6576839467721114,1,0,5,0,2,2,0,0,0,0,2,0,0,0,2,2,0,0.0,14.4,48.0,0.05172677595628415,0.04880643784327328,3.0633810593375,1.0,48.125901639344264,0,5,0.031446540880503145,1.2,1.2,2.1999999999999997,1.0293631485735564,0.0,0.0,0.0,0.0,0,0,True,0.0
2025-06-14,77.12426400145304,2.6328035602875968,1,0,5,0,1,1,0,0,0,0,1,0,0,0,1,3,0,0.0,19.2,48.0,0.05230236794171221,0.05570605509701867,2.773999649157529,1.0,48.167868852459016,0,5,0.031446540880503145,1.5999999999999999,1.5999999999999999,2.6,1.0394284670460359,0.0,0.0,0.0,0.0,0,0,True,0.0
2025-06-15,74.3451667248808,2.6104837894625135,2,0,6,0,1,1,0,0,0,0,1,0,0,0,1,2,0,0.0,16.0,48.0,0.05215846994535519,0.04768928746056352,2.5130146975551604,1.0,48.157377049180326,0,6,0.03773584905660377,1.5,1.5,2.5,1.0371011894164341,0.0,0.0,0.0,0.0,0,0,True,0.0
2025-06-16,71.93392630773415,2.59069886569373,0,0,4,0,2,2,0,0,0,0,2,0,0,0,2,2,0,0.0,12.0,24.0,0.052518214936247726,0.047702576613962155,2.2328360359460397,1.0,48.18360655737705,0,4,0.025157232704402517,1.75,1.75,2.75,1.0430701360340517,0.0,0.0,0.0,0.0,0,0,True,0.0
2025-06-17,69.85927929247957,2.5736757879649157,2,0,6,0,0,0,0,0,0,0,0,0,0,0,0,2,0,0.0,16.0,48.0,0.05263812993321191,0.04495401972739196,1.970925744089369,1.0,48.19234972677595,0,6,0.03773584905660377,1.8333333333333333,1.8333333333333333,2.8333333333333335,1.0455918904334698,0.0,0.0,0.0,0.0,0,0,True,0.0
2025-06-18,68.08892955459343,2.5586501137652524,0,0,4,0,2,2,0,0,0,0,2,0,0,0,2,2,0,0.0,12.0,24.0,0.052877959927140256,0.040208059311670596,1.7277891899087017,1.0,48.20983606557377,0,4,0.025157232704402517,2.0,2.0,3.0,1.0494363363511585,0.0,0.0,0.0,0.0,0,0,True,0.0
2025-06-19,66.59054004351111,2.545932675998069,0,0,4,0,0,0,0,0,0,0,0,0,0,0,0,2,0,0.0,24.0,48.0,0.05431693989071039,0.052925497078853856,1.4922063231887013,1.0,48.31475409836065,0,4,0.025157232704402517,3.0,3.0,4.0,1.0749084394022657,0.0,0.0,0.0,0.0,0,0,True,0.0
2025-06-20,65.33255101721717,2.535013055999084,2,0,4,0,2,2,0,0,0,0,2,0,0,0,2,0,0,0.0,0.0,0.0,0.052158469945355196,0.024301847847069458,1.2887577321943826,1.0,48.157377049180326,0,4,0.025157232704402517,1.5,1.5,2.5,1.0372998162661784,0.0,0.0,0.0,0.0,0,0,True,0.0
2025-06-21,64.28482511768256,2.525918565946403,0,0,4,0,0,0,0,0,0,0,0,0,0,0,0,0,0,0.0,0.0,0.0,0.05359744990892532,0.03339633789975072,1.0910515939616487,1.0,48.26229508196721,0,4,0.025157232704402517,2.5,2.5,3.5,1.0624775438552803,0.0,0.0,0.0,0.0,0,0,True,0.0
2025-06-22,63.41912713254185,2.5182655365016156,0,0,4,0,0,0,0,0,0,0,0,0,0,0,0,2,0,0.0,12.0,24.0,0.05503642987249545,0.041049367344538124,0.9222379832151203,1.0,48.367213114754094,0,4,0.025157232704402517,3.5,3.5,4.5,1.0882659318480024,0.0,0.0,0.0,0.0,0,0,True,0.0
2025-06-23,62.70945201296719,2.5119857369657823,0,0,4,0,0,0,0,0,0,0,0,0,0,0,0,2,0,0.0,24.0,48.0,0.05647540983606558,0.047329166880371365,0.7675773011100636,1.0,48.472131147540985,0,4,0.025157232704402517,4.5,4.5,5.5,1.1146797684597631,0.0,0.0,0.0,0.0,0,0,True,0.0
2025-06-24,62.13221868101055,2.5068778932354547,0,0,2,0,2,2,0,0,0,0,2,0,0,0,2,0,0,0.0,0.0,0.0,0.055755919854280515,0.03266537599531438,0.6346890903649408,1.0,48.41967213114754,0,2,0.012578616352201259,4.0,4.0,5.0,1.1006820475406003,0.0,0.0,0.0,0.0,0,0,True,0.0
2025-06-25,61.66634948073634,2.5023490447707464,0,0,2,0,0,0,0,0,0,0,0,0,0,0,0,0,0,0.0,0.0,0.0,0.05719489981785064,0.03719422446002274,0.5305497243623059,1.0,48.52459016393443,0,2,0.012578616352201259,5.0,5.0,6.0,1.1273970324320737,0.0,0.0,0.0,0.0,0,0,True,0.0
2025-06-26,61.29325600324493,2.4987220957864924,2,0,4,0,0,0,0,0,0,0,0,0,0,0,0,0,0,0.0,0.0,0.0,0.05431693989071039,0.021049538828892156,0.44212137264299695,1.0,48.31475409836065,0,4,0.025157232704402517,3.0,3.0,4.0,1.077379952193585,0.0,0.0,0.0,0.0,0,0,True,0.0
2025-06-27,60.99675169241121,2.4933311581361868,3,0,7,0,0,0,0,0,0,0,0,0,0,0,0,0,0,0.0,0.0,0.0,0.053289097059588855,0.016181204501175803,0.4515578366422653,1.0,48.23981264637002,0,7,0.0440251572327044,2.2857142857142856,2.2857142857142856,3.285714285714286,1.0591598258435613,0.0,0.0,0.0,0.0,0,0,True,0.0
2025-06-28,60.7629103846519,2.489079537285712,2,0,9,0,0,0,0,0,0,0,0,0,0,0,0,0,0,0.0,0.0,0.0,0.053677393240234766,0.01623563365445873,0.44231691616780644,1.0,48.26812386156648,0,9,0.05660377358490566,2.555555555555556,2.555555555555556,3.5555555555555554,1.0660081837942128,0.0,0.0,0.0,0.0,0,0,True,0.0
2025-06-29,60.57988802092092,2.4856120774829593,1,0,10,0,0,0,0,0,0,0,0,0,0,0,0,0,0,0.0,0.0,0.0,0.05460473588342442,0.01792157636319449,0.43700061011776964,1.0,48.33573770491803,0,10,0.06289308176100629,3.1999999999999997,3.1999999999999997,4.2,1.082693906574867,0.0,0.0,0.0,0.0,0,0,True,0.0
2025-06-30,60.43772244291014,2.482918672059499,2,0,12,0,0,0,0,0,0,0,0,0,0,0,0,0,0,0.0,0.0,0.0,0.05503642987249544,0.01742187281229594,0.34708286922292925,1.0,48.367213114754094,0,12,0.07547169811320754,3.5,3.5,4.5,1.0908104301878894,0.0,0.0,0.0,0.0,0,0,True,0.0
2025-07-01,60.32812366772743,2.4808422627091335,1,0,13,0,0,0,0,0,0,0,0,0,0,0,0,0,0,0.0,0.0,0.0,0.05597730138713746,0.018029778710984774,0.2745758192192878,1.0,48.435813366960915,0,13,0.08176100628930817,4.153846153846154,4.153846153846154,5.153846153846154,1.1082638837762486,0.0,0.0,0.0,0.0,0,0,True,0.0
2025-07-02,60.24426450723618,2.479210524125023,0,0,13,0,0,0,0,0,0,0,0,0,0,0,0,0,0,0.0,0.0,0.0,0.05741628135070758,0.01966151729509525,0.21338511193120802,1.0,48.54073139974779,0,13,0.08176100628930817,5.153846153846154,5.153846153846154,6.153846153846153,1.1351626017138796,0.0,0.0,0.0,0.0,0,0,True,0.0
2025-07-03,60.18057899922423,2.4779713261642633,1,0,14,0,0,0,0,0,0,0,0,0,0,0,0,0,0,0.0,0.0,0.0,0.058222742648972155,0.019493188487751327,0.16491152984118665,1.0,48.599531615925066,0,14,0.0880503144654088,5.714285714285714,5.714285714285714,6.714285714285714,1.1510912449745025,0.0,0.0,0.0,0.0,0,0,True,0.0
2025-07-04,60.13257394604026,2.4770267789401763,1,0,15,0,0,0,0,0,0,0,0,0,0,0,0,0,0,0.0,0.0,0.0,0.059017607771706136,0.019078990290592894,0.12718279229857465,1.0,48.657486338797824,0,15,0.09433962264150944,6.266666666666667,6.266666666666667,7.266666666666667,1.1670933113198336,0.0,0.0,0.0,0.0,0,0,True,0.0
2025-07-05,60.09665697308529,2.476320076731719,0,0,15,0,0,0,0,0,0,0,0,0,0,0,0,0,0,0.0,0.0,0.0,0.06045658773527626,0.01978569249905015,0.09634824644346729,1.0,48.7624043715847,0,15,0.09433962264150944,7.266666666666667,7.266666666666667,8.266666666666667,1.195418637765289,0.0,0.0,0.0,0.0,0,0,True,0.0
2025-07-06,60.06998295302586,2.4757914942141146,0,0,15,0,0,0,0,0,0,0,0,0,0,0,0,0,0,0.0,0.0,0.0,0.06189556769884638,0.020314275016654608,0.07266106500495677,1.0,48.86732240437159,0,15,0.09433962264150944,8.266666666666667,8.266666666666667,9.266666666666667,1.2244308290398713,0.0,0.0,0.0,0.0,0,0,True,0.0
2025-07-07,60.05031939418538,2.4754018336599946,0,0,15,0,0,0,0,0,0,0,0,0,0,0,0,0,0,0.0,0.0,0.0,0.0633345476624165,0.02070393557077465,0.05416484267272518,1.0,48.97224043715847,0,15,0.09433962264150944,9.266666666666667,9.266666666666667,10.266666666666667,1.2541465120335877,0.0,0.0,0.0,0.0,0,0,True,0.0
2025-07-08,60.03593044612393,2.4751166967974196,0,0,15,0,0,0,0,0,0,0,0,0,0,0,0,0,0,0.0,0.0,0.0,0.06477352762598662,0.02098907243334957,0.04011266447664733,1.0,49.07715846994536,0,15,0.09433962264150944,10.266666666666667,10.266666666666667,11.266666666666666,1.2845827146982576,0.0,0.0,0.0,0.0,0,0,True,0.0
2025-07-09,60.02547850148421,2.4749087616961023,1,0,16,0,0,0,0,0,0,0,0,0,0,0,0,0,0,0.0,0.0,0.0,0.06519922586520947,0.019877896957743835,0.029424417267076564,1.0,49.10819672131147,0,16,0.10062893081761007,10.5625,10.5625,11.5625,1.296022070923422,0.0,0.0,0.0,0.0,0,0,True,0.0
2025-07-10,60.017941932537155,2.474758826226521,0,0,16,0,0,0,0,0,0,0,0,0,0,0,0,0,0,0.0,0.0,0.0,0.0666382058287796,0.020027832427325143,0.021433581115785454,1.0,49.213114754098356,0,16,0.10062893081761007,11.5625,11.5625,12.5625,1.3274734906432788,0.0,0.0,0.0,0.0,0,0,True,0.0
2025-07-11,60.01254725208446,2.474651340191919,0,0,16,0,0,0,0,0,0,0,0,0,0,0,0,0,0,0.0,0.0,0.0,0.06807718579234973,0.020135318461927343,0.015511886850028134,1.0,49.31803278688524,0,16,0.10062893081761007,12.5625,12.5625,13.5625,1.3596874326801573,0.0,0.0,0.0,0.0,0,0,True,0.0
2025-07-12,60.00871389040611,2.474574962573334,0,0,16,0,0,0,0,0,0,0,0,0,0,0,0,0,0,0.0,0.0,0.0,0.06951616575591985,0.020211696080512154,0.011126637425610634,1.0,49.42295081967213,0,16,0.10062893081761007,13.5625,13.5625,14.5625,1.3926823481108301,0.0,0.0,0.0,0.0,0,0,True,0.0
2025-07-13,60.00600979460894,2.4745210849550077,0,0,16,0,0,0,0,0,0,0,0,0,0,0,0,0,0,0.0,0.0,0.0,0.07095514571948999,0.020265573698838468,0.007924709050444179,1.0,49.527868852459015,0,16,0.10062893081761007,14.5625,14.5625,15.5625,1.4264771327194627,0.0,0.0,0.0,0.0,0,0,True,0.0
2025-07-14,60.0041161503721,2.4744833265120905,0,0,16,0,0,0,0,0,0,0,0,0,0,0,0,0,0,0.0,0.0,0.0,0.07239412568306011,0.02030333214175567,0.005600455994277572,1.0,49.632786885245906,0,16,0.10062893081761007,15.5625,15.5625,16.5625,1.461091137629403,0.0,0.0,0.0,0.0,0,0,True,0.0
2025-07-15,60.002799670367025,2.474457076473062,0,0,16,0,0,0,0,0,0,0,0,0,0,0,0,0,0,0.0,0.0,0.0,0.07383310564663023,0.020329582180784345,0.003929536675739698,1.0,49.73770491803279,0,16,0.10062893081761007,16.5625,16.5625,17.5625,1.4965441801848858,0.0,0.0,0.0,0.0,0,0,True,0.0
2025-07-16,60.001891065776555,2.4744389549839196,0,0,16,0,0,0,0,0,0,0,0,0,0,0,0,0,0,0.0,0.0,0.0,0.07527208561020036,0.020347703669926498,0.002737665702934322,1.0,49.842622950819674,0,16,0.10062893081761007,17.5625,17.5625,18.5625,1.5328565550883257,0.0,0.0,0.0,0.0,0,0,True,0.0
2025-07-17,60.0012684998953,2.4744265383386863,0,0,16,0,0,0,0,0,0,0,0,0,0,0,0,0,0,0.0,0.0,0.0,0.0767110655737705,0.020360120315159824,0.001892939113471807,1.0,49.94754098360656,0,16,0.10062893081761007,18.5625,18.5625,19.5625,1.5700490457989718,0.0,0.0,0.0,0.0,0,0,True,0.0
2025-07-18,60.00084500310044,2.474418090957562,0,0,16,0,0,0,0,0,0,0,0,0,0,0,0,0,0,0.0,0.0,0.0,0.07815004553734062,0.0203685676962842,0.0012995171833285468,1.0,50.05245901639344,0,16,0.10062893081761007,19.5625,19.5625,20.5625,1.6081429361988309,0.0,0.0,0.0,0.0,0,0,True,0.0
2025-07-19,60.00055899797581,2.4744123860872524,0,0,16,0,0,0,0,0,0,0,0,0,0,0,0,0,0,0.0,0.0,0.0,0.07958902550091075,0.020374272566593687,0.0008856298889063178,1.0,50.157377049180326,0,16,0.10062893081761007,20.5625,20.5625,21.5625,1.6471600225318808,0.0,0.0,0.0,0.0,0,0,True,0.0
2025-07-20,60.00036723683363,2.474408561077306,0,0,16,0,0,0,0,0,0,0,0,0,0,0,0,0,0,0.0,0.0,0.0,0.08102800546448088,0.020378097576540244,0.0005992420460139888,1.0,50.26229508196721,0,16,0.10062893081761007,21.5625,21.5625,22.5625,1.6871226256227203,0.0,0.0,0.0,0.0,0,0,True,0.0
2025-07-21,60.000239588682426,2.4744060147703637,0,0,16,0,0,0,0,0,0,0,0,0,0,0,0,0,0,0.0,0.0,0.0,0.082466985428051,0.02038064388348243,0.00040253957327429646,1.0,50.367213114754094,0,16,0.10062893081761007,22.5625,22.5625,23.5625,1.728053603380932,0.0,0.0,0.0,0.0,0,0,True,0.0
2025-07-22,60.00015522813167,2.474404331958243,0,0,16,0,0,0,0,0,0,0,0,0,0,0,0,0,0,0.0,0.0,0.0,0.08390596539162112,0.020382326695603192,0.00026847096698349543,1.0,50.47213114754098,0,16,0.10062893081761007,23.5625,23.5625,24.5625,1.7699763635975518,0.0,0.0,0.0,0.0,0,0,True,0.0
2025-07-23,60.000099875422045,2.474403227773545,0,0,16,0,0,0,0,0,0,0,0,0,0,0,0,0,0,0.0,0.0,0.0,0.08534494535519126,0.02038343088030109,0.00017777679202820215,1.0,50.57704918032787,0,16,0.10062893081761007,24.5625,24.5625,25.5625,1.8129148770401802,0.0,0.0,0.0,0.0,0,0,True,0.0
2025-07-24,60.000063816192764,2.474402508458277,0,0,16,0,0,0,0,0,0,0,0,0,0,0,0,0,0,0.0,0.0,0.0,0.08678392531876139,0.02038415019556933,0.00011687706956327777,1.0,50.68196721311475,0,16,0.10062893081761007,25.5625,25.5625,26.5625,1.8568936908533895,0.0,0.0,0.0,0.0,0,0,True,0.0
2025-07-25,60.00004049367755,2.474402043213772,0,0,16,0,0,0,0,0,0,0,0,0,0,0,0,0,0,0.0,0.0,0.0,0.08822290528233151,0.020384615440074028,7.629148236117562e-05,1.0,50.786885245901644,0,16,0.10062893081761007,26.5625,26.5625,27.5625,1.901937942271228,0.0,0.0,0.0,0.0,0,0,True,0.0
2025-07-26,60.000025516882616,2.47440174445219,0,0,16,0,0,0,0,0,0,0,0,0,0,0,0,0,0,0.0,0.0,0.0,0.08966188524590164,0.020384914201656168,4.9444045169266815e-05,1.0,50.89180327868853,0,16,0.10062893081761007,27.5625,27.5625,28.5625,1.9480733726487407,0.0,0.0,0.0,0.0,0,0,True,0.0
2025-07-27,60.00001596805712,2.474401553969344,0,0,16,0,0,0,0,0,0,0,0,0,0,0,0,0,0,0.0,0.0,0.0,0.09110086520947178,0.02038510468450211,3.181629775935354e-05,1.0,50.99672131147541,0,16,0.10062893081761007,28.5625,28.5625,29.5625,1.995326341819579,0.0,0.0,0.0,0.0,0,0,True,0.0
2025-07-28,60.00000992340246,2.474401433388418,0,0,16,0,0,0,0,0,0,0,0,0,0,0,0,0,0,0.0,0.0,0.0,0.0925398451730419,0.020385225265428242,2.0327511807138876e-05,1.0,51.101639344262296,0,16,0.10062893081761007,29.5625,29.5625,30.5625,2.0437238427868967,0.0,0.0,0.0,0.0,0,0,True,0.0
2025-07-29,60.000006124254064,2.4744013576016517,0,0,16,0,0,0,0,0,0,0,0,0,0,0,0,0,0,0.0,0.0,0.0,0.09397882513661202,0.020385301052194438,1.2895017942327058e-05,1.0,51.20655737704918,0,16,0.10062893081761007,30.5625,30.5625,31.5625,2.09329351675488,0.0,0.0,0.0,0.0,0,0,True,0.0
2025-07-30,60.000003753443295,2.4744013103078393,0,0,16,0,0,0,0,0,0,0,0,0,0,0,0,0,0,0.0,0.0,0.0,0.09541780510018215,0.02038534834600686,8.122050158358244e-06,1.0,51.31147540983606,0,16,0.10062893081761007,31.5625,31.5625,32.5625,2.1440636685083927,0.0,0.0,0.0,0.0,0,0,True,0.0
2025-07-31,60.000002284496965,2.474401281004753,0,0,16,0,0,0,0,0,0,0,0,0,0,0,0,0,0,0.0,0.0,0.0,0.09685678506375228,0.02038537764909304,5.079455493254652e-06,1.0,51.41639344262295,0,16,0.10062893081761007,32.5625,32.5625,33.5625,2.1960632821483745,0.0,0.0,0.0,0.0,0,0,True,0.0
2025-08-01,60.00000138081462,2.4744012629777585,0,0,16,0,0,0,0,0,0,0,0,0,0,0,0,0,0,0.0,0.0,0.0,0.0982957650273224,0.020385395676087603,3.154129772179696e-06,1.0,51.52131147540983,0,16,0.10062893081761007,33.5625,33.5625,34.5625,2.2493220371907543,0.0,0.0,0.0,0.0,0,0,True,0.0
2025-08-02,60.00000082882766,2.474401251966515,0,0,16,0,0,0,0,0,0,0,0,0,0,0,0,0,0,0.0,0.0,0.0,0.09973474499089253,0.020385406687331076,1.944710807203857e-06,1.0,51.626229508196715,0,16,0.10062893081761007,34.5625,34.5625,35.5625,2.3038703250368098,0.0,0.0,0.0,0.0,0,0,True,0.0
2025-08-03,60.00000049405712,2.474401245288386,0,0,16,0,0,0,0,0,0,0,0,0,0,0,0,0,0,0.0,0.0,0.0,0.10117372495446267,0.020385413365460237,1.1905455732375003e-06,1.0,51.731147540983606,0,16,0.10062893081761007,35.5625,35.5625,36.5625,2.359739265823043,0.0,0.0,0.0,0.0,0,0,True,0.0
2025-08-04,60.00000029246517,2.4744012412669534,0,0,16,0,0,0,0,0,0,0,0,0,0,0,0,0,0,0.0,0.0,0.0,0.10261270491803279,0.020385417386892757,7.236935051224691e-07,1.0,51.83606557377049,0,16,0.10062893081761007,36.5625,36.5625,37.5625,2.416960725658783,0.0,0.0,0.0,0.0,0,0,True,0.0
2025-08-05,60.000000171931404,2.4744012388625,0,0,16,0,0,0,0,0,0,0,0,0,0,0,0,0,0,0.0,0.0,0.0,0.10405168488160292,0.020385419791346282,4.368005068755565e-07,1.0,51.94098360655738,0,16,0.10062893081761007,37.5625,37.5625,38.5625,2.4755673342599036,0.0,0.0,0.0,0.0,0,0,True,0.0
2025-08-06,60.00000010037379,2.4744012374350413,0,0,16,0,0,0,0,0,0,0,0,0,0,0,0,0,0,0.0,0.0,0.0,0.10549066484517305,0.020385421218804878,2.617781547087361e-07,1.0,52.045901639344265,0,16,0.10062893081761007,38.5625,38.5625,39.5625,2.5355925029871615,0.0,0.0,0.0,0.0,0,0,True,0.0
2025-08-07,60.00000005819283,2.4744012365935997,0,0,16,0,0,0,0,0,0,0,0,0,0,0,0,0,0,0.0,0.0,0.0,0.10692964480874317,0.02038542206024646,1.5577845680070368e-07,1.0,52.15081967213115,0,16,0.10062893081761007,39.5625,39.5625,40.5625,2.5970704432978504,0.0,0.0,0.0,0.0,0,0,True,0.0
2025-08-08,60.00000003350447,2.474401236101106,0,0,16,0,0,0,0,0,0,0,0,0,0,0,0,0,0,0.0,0.0,0.0,0.1083686247723133,0.020385422552740062,9.204645934346445e-08,1.0,52.25573770491803,0,16,0.10062893081761007,40.5625,40.5625,41.5625,2.6600361856195924,0.0,0.0,0.0,0.0,0,0,True,0.0
2025-08-09,60.00000001915667,2.4744012358148906,0,0,16,0,0,0,0,0,0,0,0,0,0,0,0,0,0,0.0,0.0,0.0,0.10980760473588344,0.020385422838955558,5.400502267605134e-08,1.0,52.36065573770492,0,16,0.10062893081761007,41.5625,41.5625,42.5625,2.72452559865527,0.0,0.0,0.0,0.0,0,0,True,0.0
2025-08-10,60.00000001087731,2.4744012356497316,0,0,16,0,0,0,0,0,0,0,0,0,0,0,0,0,0,0.0,0.0,0.0,0.11124658469945356,0.020385423004114556,3.146226982645809e-08,1.0,52.4655737704918,0,16,0.10062893081761007,42.5625,42.5625,43.5625,2.7905754091282358,0.0,0.0,0.0,0.0,0,0,True,0.0
2025-08-11,60.00000000613348,2.4744012355551006,0,0,16,0,0,0,0,0,0,0,0,0,0,0,0,0,0,0.0,0.0,0.0,0.11268556466302368,0.020385423098745525,1.8200182102153423e-08,1.0,52.570491803278685,0,16,0.10062893081761007,43.5625,43.5625,44.5625,2.85822322197711,0.0,0.0,0.0,0.0,0,0,True,0.0
2025-08-12,60.0000000034346,2.474401235501263,0,0,16,0,0,0,0,0,0,0,0,0,0,0,0,0,0,0.0,0.0,0.0,0.11412454462659381,0.02038542315258335,1.0454259680159339e-08,1.0,52.67540983606557,0,16,0.10062893081761007,44.5625,44.5625,45.5625,2.92750754100964,0.0,0.0,0.0,0.0,0,0,True,0.0
2025-08-13,60.00000000190999,2.474401235470848,0,0,16,0,0,0,0,0,0,0,0,0,0,0,0,0,0,0.0,0.0,0.0,0.11556352459016395,0.02038542318299813,5.962785820656791e-09,1.0,52.78032786885245,0,16,0.10062893081761007,45.5625,45.5625,46.5625,2.9984677900252352,0.0,0.0,0.0,0.0,0,0,True,0.0
2025-08-14,60.000000001054794,2.4744012354537874,0,0,16,0,0,0,0,0,0,0,0,0,0,0,0,0,0,0.0,0.0,0.0,0.11700250455373407,0.020385423200058705,3.3771060022521246e-09,1.0,52.885245901639344,0,16,0.10062893081761007,46.5625,46.5625,47.5625,3.0711443344159743,0.0,0.0,0.0,0.0,0,0,True,0.0
2025-08-15,60.00000000057848,2.474401235444286,0,0,16,0,0,0,0,0,0,0,0,0,0,0,0,0,0,0.0,0.0,0.0,0.11844148451730419,0.020385423209559994,1.8992215207921013e-09,1.0,52.99016393442623,0,16,0.10062893081761007,47.5625,47.5625,48.5625,3.1455785032560306,0.0,0.0,0.0,0.0,0,0,True,0.0
2025-08-16,60.00000000031506,2.4744012354390317,0,0,16,0,0,0,0,0,0,0,0,0,0,0,0,0,0,0.0,0.0,0.0,0.11988046448087433,0.020385423214814458,1.0605442450165963e-09,1.0,53.09508196721312,0,16,0.10062893081761007,48.5625,48.5625,49.5625,3.221812611889618,0.0,0.0,0.0,0.0,0,0,True,0.0
2025-08-17,60.00000000017041,2.474401235436145,0,0,16,0,0,0,0,0,0,0,0,0,0,0,0,0,0,0.0,0.0,0.0,0.12131944444444445,0.020385423217701037,5.880777346571146e-10,1.0,53.2,0,16,0.10062893081761007,49.5625,49.5625,50.5625,3.299889985027743,0.0,0.0,0.0,0.0,0,0,True,0.0
2025-08-18,60.00000000009153,2.4744012354345712,0,0,16,0,0,0,0,0,0,0,0,0,0,0,0,0,0,0.0,0.0,0.0,0.12275842440801457,0.02038542321927489,3.2382985182266566e-10,1.0,53.30491803278689,0,16,0.10062893081761007,50.5625,50.5625,51.5625,3.379854980364177,0.0,0.0,0.0,0.0,0,0,True,0.0
2025-08-19,60.00000000004882,2.474401235433719,0,0,16,0,0,0,0,0,0,0,0,0,0,0,0,0,0,0.0,0.0,0.0,0.12419740437158469,0.020385423220127097,1.770879739145433e-10,1.0,53.40983606557377,0,16,0.10062893081761007,51.5625,51.5625,52.5625,3.4617530127212612,0.0,0.0,0.0,0.0,0,0,True,0.0
2025-08-20,60.000000000025864,2.4744012354332616,0,0,16,0,0,0,0,0,0,0,0,0,0,0,0,0,0,0.0,0.0,0.0,0.12563638433515484,0.02038542322058451,9.611570798521522e-11,1.0,53.514754098360655,0,16,0.10062893081761007,52.5625,52.5625,53.5625,3.5456305787362816,0.0,0.0,0.0,0.0,0,0,True,0.0
2025-08-21,60.00000000001361,2.4744012354330174,0,0,16,0,0,0,0,0,0,0,0,0,0,0,0,0,0,0.0,0.0,0.0,0.12707536429872496,0.020385423220828758,5.179560484217897e-11,1.0,53.61967213114754,0,16,0.10062893081761007,53.5625,53.5625,54.5625,3.6315352820993376,0.0,0.0,0.0,0.0,0,0,True,0.0
2025-08-22,60.000000000007105,2.474401235432887,0,0,16,0,0,0,0,0,0,0,0,0,0,0,0,0,0,0.0,0.0,0.0,0.12851434426229508,0.02038542322095932,2.7740772641967244e-11,1.0,53.72459016393442,0,16,0.10062893081761007,54.5625,54.5625,55.5625,3.7195158593537787,0.0,0.0,0.0,0.0,0,0,True,0.0
2025-08-23,60.00000000000369,2.4744012354328184,0,0,16,0,0,0,0,0,0,0,0,0,0,0,0,0,0,0.0,0.0,0.0,0.12995332422586522,0.02038542322102771,1.4773367714345415e-11,1.0,53.82950819672131,0,16,0.10062893081761007,55.5625,55.5625,56.5625,3.8096222062704364,0.0,0.0,0.0,0.0,0,0,True,0.0
2025-08-24,60.0000000000019,2.4744012354327842,0,0,16,0,0,0,0,0,0,0,0,0,0,0,0,0,0,0.0,0.0,0.0,0.13139230418943537,0.020385423221061905,7.771561172376096e-12,1.0,53.93442622950819,0,16,0.10062893081761007,56.5625,56.5625,57.5625,3.901905404807041,0.0,0.0,0.0,0.0,0,0,True,0.0
2025-08-25,60.00000000000097,2.4744012354327665,0,0,16,0,0,0,0,0,0,0,0,0,0,0,0,0,0,0.0,0.0,0.0,0.1328312841530055,0.020385423221079668,4.0116058623122326e-12,1.0,54.03934426229508,0,16,0.10062893081761007,57.5625,57.5625,58.5625,3.9964177506643694,0.0,0.0,0.0,0.0,0,0,True,0.0
2025-08-26,60.0000000000005,2.474401235432757,0,0,16,0,0,0,0,0,0,0,0,0,0,0,0,0,0,0.0,0.0,0.0,0.1342702641165756,0.020385423221088994,2.042810365310288e-12,1.0,54.144262295081965,0,16,0.10062893081761007,58.5625,58.5625,59.5625,4.093212781450819,0.0,0.0,0.0,0.0,0,0,True,0.0
2025-08-27,60.00000000000025,2.474401235432752,0,0,16,0,0,0,0,0,0,0,0,0,0,0,0,0,0,0.0,0.0,0.0,0.13570924408014573,0.020385423221094323,1.080617077301819e-12,1.0,54.24918032786886,0,16,0.10062893081761007,59.5625,59.5625,60.5625,4.192345305467252,0.0,0.0,0.0,0.0,0,0,True,0.0
2025-08-28,60.00000000000013,2.474401235432749,0,0,16,0,0,0,0,0,0,0,0,0,0,0,0,0,0,0.0,0.0,0.0,0.13714822404371585,0.020385423221096988,5.773159728050814e-13,1.0,54.35409836065574,0,16,0.10062893081761007,60.5625,60.5625,61.5625,4.293871431124117,0.0,0.0,0.0,0.0,0,0,True,0.0
2025-08-29,60.000000000000064,2.474401235432749,0,0,16,0,0,0,0,0,0,0,0,0,0,0,0,0,0,0.0,0.0,0.0,0.13858720400728597,0.020385423221096988,2.6645352591003757e-13,1.0,54.459016393442624,0,16,0.10062893081761007,61.5625,61.5625,62.5625,4.397848597002975,0.0,0.0,0.0,0.0,0,0,True,0.0
2025-08-30,60.00000000000003,2.474401235432749,0,0,16,0,0,0,0,0,0,0,0,0,0,0,0,0,0,0.0,0.0,0.0,0.14002618397085612,0.020385423221096988,8.881784197001252e-14,1.0,54.56393442622951,0,16,0.10062893081761007,62.5625,62.5625,63.5625,4.504335602574724,0.0,0.0,0.0,0.0,0,0,True,0.0
2025-08-31,60.000000000000014,2.4744012354327474,0,0,16,0,0,0,0,0,0,0,0,0,0,0,0,0,0,0.0,0.0,0.0,0.14146516393442626,0.020385423221098764,5.921189464667502e-14,1.0,54.66885245901639,0,16,0.10062893081761007,63.5625,63.5625,64.5625,4.61339263958695,0.0,0.0,0.0,0.0,0,0,True,0.0
2025-09-01,60.00000000000001,2.4744012354327465,0,0,16,0,0,0,0,0,0,0,0,0,0,0,0,0,0,0.0,0.0,0.0,0.14290414389799638,0.020385423221099652,8.881784197001252e-14,1.0,54.773770491803276,0,16,0.10062893081761007,64.5625,64.5625,65.5625,4.725081324132934,0.0,0.0,0.0,0.0,0,0,True,0.0
2025-09-02,60.00000000000001,2.4744012354327465,0,0,16,0,0,0,0,0,0,0,0,0,0,0,0,0,0,0.0,0.0,0.0,0.1443431238615665,0.020385423221099652,8.881784197001252e-14,1.0,54.87868852459016,0,16,0.10062893081761007,65.5625,65.5625,66.5625,4.839464729415049,0.0,0.0,0.0,0.0,0,0,True,0.0
2025-09-03,60.0,2.474401235432747,0,0,16,0,0,0,0,0,0,0,0,0,0,0,0,0,0,0.0,0.0,0.0,0.14578210382513662,0.020385423221099208,2.960594732333751e-14,1.0,54.983606557377044,0,16,0.10062893081761007,66.5625,66.5625,67.5625,4.956607419215306,0.0,0.0,0.0,0.0,0,0,True,0.0
2025-09-04,60.0,2.474401235432747,0,0,16,0,0,0,0,0,0,0,0,0,0,0,0,0,0,0.0,0.0,0.0,0.14722108378870674,0.020385423221099208,-0.0,1.0,55.08852459016393,0,16,0.10062893081761007,67.5625,67.5625,68.5625,5.076575482086024,0.0,0.0,0.0,0.0,0,0,True,0.0
2025-09-05,60.0,2.474401235432747,0,0,16,0,0,0,0,0,0,0,0,0,0,0,0,0,0,0.0,0.0,0.0,0.14866006375227686,0.020385423221099208,-0.0,1.0,55.19344262295082,0,16,0.10062893081761007,68.5625,68.5625,69.5625,5.1994365662736515,0.0,0.0,0.0,0.0,0,0,True,0.0
2025-09-06,60.0,2.474401235432747,0,0,16,0,0,0,0,0,0,0,0,0,0,0,0,0,0,0.0,0.0,0.0,0.150099043715847,0.020385423221099208,-0.0,1.0,55.2983606557377,0,16,0.10062893081761007,69.5625,69.5625,70.5625,5.325259915388887,0.0,0.0,0.0,0.0,0,0,True,0.0
2025-09-07,60.0,2.474401235432747,0,2,14,2,0,0,0,0,0,0,0,0,0,0,0,0,0,0.0,0.0,0.0,0.15153802367941716,0.020385423221099208,-0.0,1.0,55.403278688524594,0,16,0.10062893081761007,70.5625,70.5625,70.35714285714286,5.454116404836365,0.0,0.0,0.0,0.0,0,0,True,0.0
2025-09-08,60.0,2.474401235432747,0,0,14,2,0,0,0,0,0,0,0,0,0,0,0,0,0,0.0,0.0,0.0,0.15297700364298727,0.020385423221099208,-0.0,1.0,55.50819672131148,0,16,0.10062893081761007,71.5625,71.5625,71.35714285714286,5.5860785790172445,0.0,0.0,0.0,0.0,0,0,True,0.0
2025-09-09,60.0,2.474401235432747,0,0,14,2,0,0,0,0,0,0,0,0,0,0,0,0,0,0.0,0.0,0.0,0.1544159836065574,0.020385423221099208,-0.0,1.0,55.61311475409836,0,16,0.10062893081761007,72.5625,72.5625,72.35714285714286,5.721220689318134,0.0,0.0,0.0,0.0,0,0,True,0.0
2025-09-10,60.0,2.474401235432747,0,0,14,2,0,0,0,0,0,0,0,0,0,0,0,0,0,0.0,0.0,0.0,0.1558549635701275,0.020385423221099208,-0.0,1.0,55.718032786885246,0,16,0.10062893081761007,73.5625,73.5625,73.35714285714286,5.859618732899858,0.0,0.0,0.0,0.0,0,0,True,0.0
2025-09-11,60.0,2.474401235432747,0,0,14,2,0,0,0,0,0,0,0,0,0,0,0,0,0,0.0,0.0,0.0,0.15729394353369763,0.020385423221099208,-0.0,1.0,55.82295081967213,0,16,0.10062893081761007,74.5625,74.5625,74.35714285714286,6.00135049229964,0.0,0.0,0.0,0.0,0,0,True,0.0
2025-09-12,60.0,2.474401235432747,0,0,14,2,0,0,0,0,0,0,0,0,0,0,0,0,0,0.0,0.0,0.0,0.15873292349726778,0.020385423221099208,-0.0,1.0,55.927868852459014,0,16,0.10062893081761007,75.5625,75.5625,75.35714285714286,6.146495575860307,0.0,0.0,0.0,0.0,0,0,True,0.0
2025-09-13,60.0,2.474401235432747,0,2,12,4,0,0,0,0,0,0,0,0,0,0,0,0,0,0.0,0.0,0.0,0.16017190346083793,0.020385423221099208,-0.0,1.0,56.0327868852459,0,16,0.10062893081761007,76.5625,76.5625,75.75,6.295135459000232,0.0,0.0,0.0,0.0,0,0,True,0.0
2025-09-14,60.0,2.474401235432747,0,3,9,7,0,0,0,0,0,0,0,0,0,0,0,0,0,0.0,0.0,0.0,0.16161088342440805,0.020385423221099208,-0.0,1.0,56.13770491803278,0,16,0.10062893081761007,77.5625,77.5625,75.66666666666667,6.447353526337664,0.0,0.0,0.0,0.0,0,0,True,0.0
2025-09-15,60.0,2.474401235432747,0,2,7,9,0,0,0,0,0,0,0,0,0,0,0,0,0,0.0,0.0,0.0,0.16304986338797817,0.020385423221099208,-0.0,1.0,56.242622950819666,0,16,0.10062893081761007,78.5625,78.5625,75.71428571428571,6.603235114683205,0.0,0.0,0.0,0.0,0,0,True,0.0
2025-09-16,60.0,2.474401235432747,0,1,6,10,0,0,0,0,0,0,0,0,0,0,0,0,0,0.0,0.0,0.0,0.1644888433515483,0.020385423221099208,-0.0,1.0,56.34754098360656,0,16,0.10062893081761007,79.5625,79.5625,76.16666666666667,6.762867556914153,0.0,0.0,0.0,0.0,0,0,True,0.0
2025-09-17,60.0,2.474401235432747,0,2,4,12,0,0,0,0,0,0,0,0,0,0,0,0,0,0.0,0.0,0.0,0.1659278233151184,0.020385423221099208,-0.0,1.0,56.45245901639344,0,16,0.10062893081761007,80.5625,80.5625,75.75,6.926340226744422,0.0,0.0,0.0,0.0,0,0,True,0.0
2025-09-18,60.0,2.474401235432747,0,1,3,13,0,0,0,0,0,0,0,0,0,0,0,0,0,0.0,0.0,0.0,0.16736680327868853,0.020385423221099208,-0.0,1.0,56.55737704918033,0,16,0.10062893081761007,81.5625,81.5625,75.66666666666667,7.093744584403742,0.0,0.0,0.0,0.0,0,0,True,0.0
2025-09-19,60.0,2.474401235432747,0,0,3,13,0,0,0,0,0,0,0,0,0,0,0,0,0,0.0,0.0,0.0,0.16880578324225867,0.020385423221099208,-0.0,1.0,56.662295081967216,0,16,0.10062893081761007,82.5625,82.5625,76.66666666666667,7.2651742232397964,0.0,0.0,0.0,0.0,0,0,True,0.0
2025-09-20,60.0,2.474401235432747,0,1,2,14,0,0,0,0,0,0,0,0,0,0,0,0,0,0.0,0.0,0.0,0.17024476320582882,0.020385423221099208,-0.0,1.0,56.7672131147541,0,16,0.10062893081761007,83.5625,83.5625,76.5,7.440724917256878,0.0,0.0,0.0,0.0,0,0,True,0.0
2025-09-21,60.0,2.474401235432747,0,1,1,15,0,0,0,0,0,0,0,0,0,0,0,0,0,0.0,0.0,0.0,0.17168374316939894,0.020385423221099208,-0.0,1.0,56.87213114754098,0,16,0.10062893081761007,84.5625,84.5625,75.0,7.620494669604591,0.0,0.0,0.0,0.0,0,0,True,0.0
2025-09-22,60.0,2.474401235432747,0,0,1,15,0,0,0,0,0,0,0,0,0,0,0,0,0,0.0,0.0,0.0,0.17312272313296906,0.020385423221099208,-0.0,1.0,56.97704918032787,0,16,0.10062893081761007,85.5625,85.5625,76.0,7.804583762030026,0.0,0.0,0.0,0.0,0,0,True,0.0
2025-09-23,60.0,2.474401235432747,0,0,1,15,0,0,0,0,0,0,0,0,0,0,0,0,0,0.0,0.0,0.0,0.17456170309653918,0.020385423221099208,-0.0,1.0,57.08196721311475,0,16,0.10062893081761007,86.5625,86.5625,77.0,7.993094805306681,0.0,0.0,0.0,0.0,0,0,True,0.0
2025-09-24,60.0,2.474401235432747,0,0,1,15,0,0,0,0,0,0,0,0,0,0,0,0,0,0.0,0.0,0.0,0.1760006830601093,0.020385423221099208,-0.0,1.0,57.186885245901635,0,16,0.10062893081761007,87.5625,87.5625,78.0,8.186132790653318,0.0,0.0,0.0,0.0,0,0,True,0.0
2025-09-25,60.0,2.474401235432747,0,0,1,15,0,0,0,0,0,0,0,0,0,0,0,0,0,0.0,0.0,0.0,0.17743966302367942,0.020385423221099208,-0.0,1.0,57.29180327868852,0,16,0.10062893081761007,88.5625,88.5625,79.0,8.383805142155715,0.0,0.0,0.0,0.0,0,0,True,0.0
2025-09-26,60.0,2.474401235432747,0,1,0,16,0,0,0,0,0,0,0,0,0,0,0,0,0,0.0,0.0,0.0,0.1788786429872496,0.020385423221099208,-0.0,1.0,57.3967213114754,0,16,0.10062893081761007,89.5625,89.5625,0.0,8.586221770204155,0.0,0.0,0.0,0.0,0,0,True,0.0
2025-09-27,60.0,2.474401235432747,0,0,0,16,0,0,0,0,0,0,0,0,0,0,0,0,0,0.0,0.0,0.0,0.1803176229508197,0.020385423221099208,-0.0,1.0,57.501639344262294,0,16,0.10062893081761007,90.5625,90.5625,0.0,8.79349512595919,0.0,0.0,0.0,0.0,0,0,True,0.0
2025-09-28,60.0,2.474401235432747,0,0,0,16,0,0,0,0,0,0,0,0,0,0,0,0,0,0.0,0.0,0.0,0.18175660291438983,0.020385423221099208,-0.0,1.0,57.60655737704918,0,16,0.10062893081761007,91.5625,91.5625,0.0,9.005740256858033,0.0,0.0,0.0,0.0,0,0,True,0.0
2025-09-29,60.0,2.474401235432747,0,0,0,16,0,0,0,0,0,0,0,0,0,0,0,0,0,0.0,0.0,0.0,0.18319558287795995,0.020385423221099208,-0.0,1.0,57.71147540983607,0,16,0.10062893081761007,92.5625,92.5625,0.0,9.223074863173672,0.0,0.0,0.0,0.0,0,0,True,0.0
2025-09-30,60.0,2.474401235432747,0,0,0,16,0,0,0,0,0,0,0,0,0,0,0,0,0,0.0,0.0,0.0,0.18463456284153007,0.020385423221099208,-0.0,1.0,57.81639344262295,0,16,0.10062893081761007,93.5625,93.5625,0.0,9.445619355638371,0.0,0.0,0.0,0.0,0,0,True,0.0
2025-10-01,60.0,2.474401235432747,0,0,0,16,0,0,0,0,0,0,0,0,0,0,0,0,0,0.0,0.0,0.0,0.18463456284153007,0.020385423221099208,-0.0,1.0,57.81639344262295,0,16,0.10062893081761007,94.5625,93.5625,0.0,9.445619355638371,0.0,0.0,0.0,0.0,0,0,True,0.0
2025-10-02,60.0,2.474401235432747,0,0,0,16,0,0,0,0,0,0,0,0,0,0,0,0,0,0.0,0.0,0.0,0.18463456284153007,0.020385423221099208,-0.0,1.0,57.81639344262295,0,16,0.10062893081761007,95.5625,93.5625,0.0,9.445619355638371,0.0,0.0,0.0,0.0,0,0,True,0.0
2025-10-03,60.0,2.474401235432747,0,0,0,16,0,0,0,0,0,0,0,0,0,0,0,0,0,0.0,0.0,0.0,0.18463456284153007,0.020385423221099208,-0.0,1.0,57.81639344262295,0,16,0.10062893081761007,96.5625,93.5625,0.0,9.445619355638371,0.0,0.0,0.0,0.0,0,0,True,0.0
2025-10-04,60.0,2.474401235432747,0,0,0,16,0,0,0,0,0,0,0,0,0,0,0,0,0,0.0,0.0,0.0,0.18463456284153007,0.020385423221099208,-0.0,1.0,57.81639344262295,0,16,0.10062893081761007,97.5625,93.5625,0.0,9.445619355638371,0.0,0.0,0.0,0.0,0,0,True,0.0
2025-10-05,60.0,2.474401235432747,0,0,0,16,0,0,0,0,0,0,0,0,0,0,0,0,0,0.0,0.0,0.0,0.18463456284153007,0.020385423221099208,-0.0,1.0,57.81639344262295,0,16,0.10062893081761007,98.5625,93.5625,0.0,9.445619355638371,0.0,0.0,0.0,0.0,0,0,True,0.0
2025-10-06,60.0,2.474401235432747,0,0,0,16,0,0,0,0,0,0,0,0,0,0,0,0,0,0.0,0.0,0.0,0.18463456284153007,0.020385423221099208,-0.0,1.0,57.81639344262295,0,16,0.10062893081761007,99.5625,93.5625,0.0,9.445619355638371,0.0,0.0,0.0,0.0,0,0,True,0.0
2025-10-07,60.0,2.474401235432747,0,0,0,16,0,0,0,0,0,0,0,0,0,0,0,0,0,0.0,0.0,0.0,0.18463456284153007,0.020385423221099208,-0.0,1.0,57.81639344262295,0,16,0.10062893081761007,100.5625,93.5625,0.0,9.445619355638371,0.0,0.0,0.0,0.0,0,0,True,0.0
2025-10-08,60.0,2.474401235432747,0,0,0,16,0,0,0,0,0,0,0,0,0,0,0,0,0,0.0,0.0,0.0,0.18463456284153007,0.020385423221099208,-0.0,1.0,57.81639344262295,0,16,0.10062893081761007,101.5625,93.5625,0.0,9.445619355638371,0.0,0.0,0.0,0.0,0,0,True,0.0
2025-10-09,60.0,2.474401235432747,0,0,0,16,0,0,0,0,0,0,0,0,0,0,0,0,0,0.0,0.0,0.0,0.18463456284153007,0.020385423221099208,-0.0,1.0,57.81639344262295,0,16,0.10062893081761007,102.5625,93.5625,0.0,9.445619355638371,0.0,0.0,0.0,0.0,0,0,True,0.0
2025-10-10,60.0,2.474401235432747,0,0,0,16,0,0,0,0,0,0,0,0,0,0,0,0,0,0.0,0.0,0.0,0.18463456284153007,0.020385423221099208,-0.0,1.0,57.81639344262295,0,16,0.10062893081761007,103.5625,93.5625,0.0,9.445619355638371,0.0,0.0,0.0,0.0,0,0,True,0.0
2025-10-11,60.0,2.474401235432747,0,0,0,16,0,0,0,0,0,0,0,0,0,0,0,0,0,0.0,0.0,0.0,0.18463456284153007,0.020385423221099208,-0.0,1.0,57.81639344262295,0,16,0.10062893081761007,104.5625,93.5625,0.0,9.445619355638371,0.0,0.0,0.0,0.0,0,0,True,0.0
2025-10-12,60.0,2.474401235432747,0,0,0,16,0,0,0,0,0,0,0,0,0,0,0,0,0,0.0,0.0,0.0,0.18463456284153007,0.020385423221099208,-0.0,1.0,57.81639344262295,0,16,0.10062893081761007,105.5625,93.5625,0.0,9.445619355638371,0.0,0.0,0.0,0.0,0,0,True,0.0
2025-10-13,60.0,2.474401235432747,0,0,0,16,0,0,0,0,0,0,0,0,0,0,0,0,0,0.0,0.0,0.0,0.18463456284153007,0.020385423221099208,-0.0,1.0,57.81639344262295,0,16,0.10062893081761007,106.5625,93.5625,0.0,9.445619355638371,0.0,0.0,0.0,0.0,0,0,True,0.0
2025-10-14,60.0,2.474401235432747,0,0,0,16,0,0,0,0,0,0,0,0,0,0,0,0,0,0.0,0.0,0.0,0.18463456284153007,0.020385423221099208,-0.0,1.0,57.81639344262295,0,16,0.10062893081761007,107.5625,93.5625,0.0,9.445619355638371,0.0,0.0,0.0,0.0,0,0,True,0.0
2025-10-15,60.0,2.474401235432747,0,0,0,16,0,0,0,0,0,0,0,0,0,0,0,0,0,0.0,0.0,0.0,0.18463456284153007,0.020385423221099208,-0.0,1.0,57.81639344262295,0,16,0.10062893081761007,108.5625,93.5625,0.0,9.445619355638371,0.0,0.0,0.0,0.0,0,0,True,0.0
2025-10-16,60.0,2.474401235432747,0,0,0,16,0,0,0,0,0,0,0,0,0,0,0,0,0,0.0,0.0,0.0,0.18463456284153007,0.020385423221099208,-0.0,1.0,57.81639344262295,0,16,0.10062893081761007,109.5625,93.5625,0.0,9.445619355638371,0.0,0.0,0.0,0.0,0,0,True,0.0
2025-10-17,60.0,2.474401235432747,0,0,0,16,0,0,0,0,0,0,0,0,0,0,0,0,0,0.0,0.0,0.0,0.18463456284153007,0.020385423221099208,-0.0,1.0,57.81639344262295,0,16,0.10062893081761007,110.5625,93.5625,0.0,9.445619355638371,0.0,0.0,0.0,0.0,0,0,True,0.0
2025-10-18,60.0,2.474401235432747,0,0,0,16,0,0,0,0,0,0,0,0,0,0,0,0,0,0.0,0.0,0.0,0.18463456284153007,0.020385423221099208,-0.0,1.0,57.81639344262295,0,16,0.10062893081761007,111.5625,93.5625,0.0,9.445619355638371,0.0,0.0,0.0,0.0,0,0,True,0.0
2025-10-19,60.0,2.474401235432747,0,0,0,16,0,0,0,0,0,0,0,0,0,0,0,0,0,0.0,0.0,0.0,0.18463456284153007,0.020385423221099208,-0.0,1.0,57.81639344262295,0,16,0.10062893081761007,112.5625,93.5625,0.0,9.445619355638371,0.0,0.0,0.0,0.0,0,0,True,0.0
2025-10-20,60.0,2.474401235432747,0,0,0,16,0,0,0,0,0,0,0,0,0,0,0,0,0,0.0,0.0,0.0,0.18463456284153007,0.020385423221099208,-0.0,1.0,57.81639344262295,0,16,0.10062893081761007,113.5625,93.5625,0.0,9.445619355638371,0.0,0.0,0.0,0.0,0,0,True,0.0
2025-10-21,60.0,2.474401235432747,0,0,0,16,0,0,0,0,0,0,0,0,0,0,0,0,0,0.0,0.0,0.0,0.18463456284153007,0.020385423221099208,-0.0,1.0,57.81639344262295,0,16,0.10062893081761007,114.5625,93.5625,0.0,9.445619355638371,0.0,0.0,0.0,0.0,0,0,True,0.0
2025-10-22,60.0,2.474401235432747,0,0,0,16,0,0,0,0,0,0,0,0,0,0,0,0,0,0.0,0.0,0.0,0.18463456284153007,0.020385423221099208,-0.0,1.0,57.81639344262295,0,16,0.10062893081761007,115.5625,93.5625,0.0,9.445619355638371,0.0,0.0,0.0,0.0,0,0,True,0.0
2025-10-23,60.0,2.474401235432747,0,0,0,16,0,0,0,0,0,0,0,0,0,0,0,0,0,0.0,0.0,0.0,0.18463456284153007,0.020385423221099208,-0.0,1.0,57.81639344262295,0,16,0.10062893081761007,116.5625,93.5625,0.0,9.445619355638371,0.0,0.0,0.0,0.0,0,0,True,0.0
2025-10-24,60.0,2.474401235432747,0,0,0,16,0,0,0,0,0,0,0,0,0,0,0,0,0,0.0,0.0,0.0,0.18463456284153007,0.020385423221099208,-0.0,1.0,57.81639344262295,0,16,0.10062893081761007,117.5625,93.5625,0.0,9.445619355638371,0.0,0.0,0.0,0.0,0,0,True,0.0
2025-10-25,60.0,2.474401235432747,0,0,0,16,0,0,0,0,0,0,0,0,0,0,0,0,0,0.0,0.0,0.0,0.18463456284153007,0.020385423221099208,-0.0,1.0,57.81639344262295,0,16,0.10062893081761007,118.5625,93.5625,0.0,9.445619355638371,0.0,0.0,0.0,0.0,0,0,True,0.0
2025-10-26,60.0,2.474401235432747,0,0,0,16,0,0,0,0,0,0,0,0,0,0,0,0,0,0.0,0.0,0.0,0.18463456284153007,0.020385423221099208,-0.0,1.0,57.81639344262295,0,16,0.10062893081761007,119.5625,93.5625,0.0,9.445619355638371,0.0,0.0,0.0,0.0,0,0,True,0.0
2025-10-27,60.0,2.474401235432747,0,0,0,16,0,0,0,0,0,0,0,0,0,0,0,0,0,0.0,0.0,0.0,0.18463456284153007,0.020385423221099208,-0.0,1.0,57.81639344262295,0,16,0.10062893081761007,120.5625,93.5625,0.0,9.445619355638371,0.0,0.0,0.0,0.0,0,0,True,0.0
2025-10-28,60.0,2.474401235432747,0,0,0,16,0,0,0,0,0,0,0,0,0,0,0,0,0,0.0,0.0,0.0,0.18463456284153007,0.020385423221099208,-0.0,1.0,57.81639344262295,0,16,0.10062893081761007,121.5625,93.5625,0.0,9.445619355638371,0.0,0.0,0.0,0.0,0,0,True,0.0
2025-10-29,60.0,2.474401235432747,0,0,0,16,0,0,0,0,0,0,0,0,0,0,0,0,0,0.0,0.0,0.0,0.18463456284153007,0.020385423221099208,-0.0,1.0,57.81639344262295,0,16,0.10062893081761007,122.5625,93.5625,0.0,9.445619355638371,0.0,0.0,0.0,0.0,0,0,True,0.0
2025-10-30,60.0,2.474401235432747,0,0,0,16,0,0,0,0,0,0,0,0,0,0,0,0,0,0.0,0.0,0.0,0.18463456284153007,0.020385423221099208,-0.0,1.0,57.81639344262295,0,16,0.10062893081761007,123.5625,93.5625,0.0,9.445619355638371,0.0,0.0,0.0,0.0,0,0,True,0.0
2025-10-31,60.0,2.474401235432747,0,0,0,16,0,0,0,0,0,0,0,0,0,0,0,0,0,0.0,0.0,0.0,0.18463456284153007,0.020385423221099208,-0.0,1.0,57.81639344262295,0,16,0.10062893081761007,124.5625,93.5625,0.0,9.445619355638371,0.0,0.0,0.0,0.0,0,0,True,0.0
2025-11-01,60.0,2.474401235432747,0,0,0,16,0,0,0,0,0,0,0,0,0,0,0,0,0,0.0,0.0,0.0,0.18463456284153007,0.020385423221099208,-0.0,1.0,57.81639344262295,0,16,0.10062893081761007,125.5625,93.5625,0.0,9.445619355638371,0.0,0.0,0.0,0.0,0,0,True,0.0
2025-11-02,60.0,2.474401235432747,0,0,0,16,0,0,0,0,0,0,0,0,0,0,0,0,0,0.0,0.0,0.0,0.18463456284153007,0.020385423221099208,-0.0,1.0,57.81639344262295,0,16,0.10062893081761007,126.5625,93.5625,0.0,9.445619355638371,0.0,0.0,0.0,0.0,0,0,True,0.0
2025-11-03,60.0,2.474401235432747,0,0,0,16,0,0,0,0,0,0,0,0,0,0,0,0,0,0.0,0.0,0.0,0.18463456284153007,0.020385423221099208,-0.0,1.0,57.81639344262295,0,16,0.10062893081761007,127.5625,93.5625,0.0,9.445619355638371,0.0,0.0,0.0,0.0,0,0,True,0.0
2025-11-04,60.0,2.474401235432747,0,0,0,16,0,0,0,0,0,0,0,0,0,0,0,0,0,0.0,0.0,0.0,0.18463456284153007,0.020385423221099208,-0.0,1.0,57.81639344262295,0,16,0.10062893081761007,128.5625,93.5625,0.0,9.445619355638371,0.0,0.0,0.0,0.0,0,0,True,0.0
2025-11-05,60.0,2.474401235432747,0,0,0,16,0,0,0,0,0,0,0,0,0,0,0,0,0,0.0,0.0,0.0,0.18463456284153007,0.020385423221099208,-0.0,1.0,57.81639344262295,0,16,0.10062893081761007,129.5625,93.5625,0.0,9.445619355638371,0.0,0.0,0.0,0.0,0,0,True,0.0
2025-11-06,60.0,2.474401235432747,0,0,0,16,0,0,0,0,0,0,0,0,0,0,0,0,0,0.0,0.0,0.0,0.18463456284153007,0.020385423221099208,-0.0,1.0,57.81639344262295,0,16,0.10062893081761007,130.5625,93.5625,0.0,9.445619355638371,0.0,0.0,0.0,0.0,0,0,True,0.0
2025-11-07,60.0,2.474401235432747,0,0,0,16,0,0,0,0,0,0,0,0,0,0,0,0,0,0.0,0.0,0.0,0.18463456284153007,0.020385423221099208,-0.0,1.0,57.81639344262295,0,16,0.10062893081761007,131.5625,93.5625,0.0,9.445619355638371,0.0,0.0,0.0,0.0,0,0,True,0.0
2025-11-08,60.0,2.474401235432747,0,0,0,16,0,0,0,0,0,0,0,0,0,0,0,0,0,0.0,0.0,0.0,0.18463456284153007,0.020385423221099208,-0.0,1.0,57.81639344262295,0,16,0.10062893081761007,132.5625,93.5625,0.0,9.445619355638371,0.0,0.0,0.0,0.0,0,0,True,0.0
2025-11-09,60.0,2.474401235432747,0,0,0,16,0,0,0,0,0,0,0,0,0,0,0,0,0,0.0,0.0,0.0,0.18463456284153007,0.020385423221099208,-0.0,1.0,57.81639344262295,0,16,0.10062893081761007,133.5625,93.5625,0.0,9.445619355638371,0.0,0.0,0.0,0.0,0,0,True,0.0
2025-11-10,60.0,2.474401235432747,0,0,0,16,0,0,0,0,0,0,0,0,0,0,0,0,0,0.0,0.0,0.0,0.18463456284153007,0.020385423221099208,-0.0,1.0,57.81639344262295,0,16,0.10062893081761007,134.5625,93.5625,0.0,9.445619355638371,0.0,0.0,0.0,0.0,0,0,True,0.0
2025-11-11,60.0,2.474401235432747,0,0,0,16,0,0,0,0,0,0,0,0,0,0,0,0,0,0.0,0.0,0.0,0.18463456284153007,0.020385423221099208,-0.0,1.0,57.81639344262295,0,16,0.10062893081761007,135.5625,93.5625,0.0,9.445619355638371,0.0,0.0,0.0,0.0,0,0,True,0.0
2025-11-12,60.0,2.474401235432747,0,0,0,16,0,0,0,0,0,0,0,0,0,0,0,0,0,0.0,0.0,0.0,0.18463456284153007,0.020385423221099208,-0.0,1.0,57.81639344262295,0,16,0.10062893081761007,136.5625,93.5625,0.0,9.445619355638371,0.0,0.0,0.0,0.0,0,0,True,0.0
2025-11-13,60.0,2.474401235432747,0,0,0,16,0,0,0,0,0,0,0,0,0,0,0,0,0,0.0,0.0,0.0,0.18463456284153007,0.020385423221099208,-0.0,1.0,57.81639344262295,0,16,0.10062893081761007,137.5625,93.5625,0.0,9.445619355638371,0.0,0.0,0.0,0.0,0,0,True,0.0
2025-11-14,60.0,2.474401235432747,0,0,0,16,0,0,0,0,0,0,0,0,0,0,0,0,0,0.0,0.0,0.0,0.18463456284153007,0.020385423221099208,-0.0,1.0,57.81639344262295,0,16,0.10062893081761007,138.5625,93.5625,0.0,9.445619355638371,0.0,0.0,0.0,0.0,0,0,True,0.0
2025-11-15,60.0,2.474401235432747,0,0,0,16,0,0,0,0,0,0,0,0,0,0,0,0,0,0.0,0.0,0.0,0.18463456284153007,0.020385423221099208,-0.0,1.0,57.81639344262295,0,16,0.10062893081761007,139.5625,93.5625,0.0,9.445619355638371,0.0,0.0,0.0,0.0,0,0,True,0.0
2025-11-16,60.0,2.474401235432747,0,0,0,16,0,0,0,0,0,0,0,0,0,0,0,0,0,0.0,0.0,0.0,0.18463456284153007,0.020385423221099208,-0.0,1.0,57.81639344262295,0,16,0.10062893081761007,140.5625,93.5625,0.0,9.445619355638371,0.0,0.0,0.0,0.0,0,0,True,0.0
2025-11-17,60.0,2.474401235432747,0,0,0,16,0,0,0,0,0,0,0,0,0,0,0,0,0,0.0,0.0,0.0,0.18463456284153007,0.020385423221099208,-0.0,1.0,57.81639344262295,0,16,0.10062893081761007,141.5625,93.5625,0.0,9.445619355638371,0.0,0.0,0.0,0.0,0,0,True,0.0
2025-11-18,60.0,2.474401235432747,0,0,0,16,0,0,0,0,0,0,0,0,0,0,0,0,0,0.0,0.0,0.0,0.18463456284153007,0.020385423221099208,-0.0,1.0,57.81639344262295,0,16,0.10062893081761007,142.5625,93.5625,0.0,9.445619355638371,0.0,0.0,0.0,0.0,0,0,True,0.0
2025-11-19,60.0,2.474401235432747,0,0,0,16,0,0,0,0,0,0,0,0,0,0,0,0,0,0.0,0.0,0.0,0.18463456284153007,0.020385423221099208,-0.0,1.0,57.81639344262295,0,16,0.10062893081761007,143.5625,93.5625,0.0,9.445619355638371,0.0,0.0,0.0,0.0,0,0,True,0.0
2025-11-20,60.0,2.474401235432747,0,0,0,16,0,0,0,0,0,0,0,0,0,0,0,0,0,0.0,0.0,0.0,0.18463456284153007,0.020385423221099208,-0.0,1.0,57.81639344262295,0,16,0.10062893081761007,144.5625,93.5625,0.0,9.445619355638371,0.0,0.0,0.0,0.0,0,0,True,0.0
2025-11-21,60.0,2.474401235432747,0,0,0,16,0,0,0,0,0,0,0,0,0,0,0,0,0,0.0,0.0,0.0,0.18463456284153007,0.020385423221099208,-0.0,1.0,57.81639344262295,0,16,0.10062893081761007,145.5625,93.5625,0.0,9.445619355638371,0.0,0.0,0.0,0.0,0,0,True,0.0
2025-11-22,60.0,2.474401235432747,0,0,0,16,0,0,0,0,0,0,0,0,0,0,0,0,0,0.0,0.0,0.0,0.18463456284153007,0.020385423221099208,-0.0,1.0,57.81639344262295,0,16,0.10062893081761007,146.5625,93.5625,0.0,9.445619355638371,0.0,0.0,0.0,0.0,0,0,True,0.0
2025-11-23,60.0,2.474401235432747,0,0,0,16,0,0,0,0,0,0,0,0,0,0,0,0,0,0.0,0.0,0.0,0.18463456284153007,0.020385423221099208,-0.0,1.0,57.81639344262295,0,16,0.10062893081761007,147.5625,93.5625,0.0,9.445619355638371,0.0,0.0,0.0,0.0,0,0,True,0.0
2025-11-24,60.0,2.474401235432747,0,0,0,16,0,0,0,0,0,0,0,0,0,0,0,0,0,0.0,0.0,0.0,0.18463456284153007,0.020385423221099208,-0.0,1.0,57.81639344262295,0,16,0.10062893081761007,148.5625,93.5625,0.0,9.445619355638371,0.0,0.0,0.0,0.0,0,0,True,0.0
2025-11-25,60.0,2.474401235432747,0,0,0,16,0,0,0,0,0,0,0,0,0,0,0,0,0,0.0,0.0,0.0,0.18463456284153007,0.020385423221099208,-0.0,1.0,57.81639344262295,0,16,0.10062893081761007,149.5625,93.5625,0.0,9.445619355638371,0.0,0.0,0.0,0.0,0,0,True,0.0
2025-11-26,60.0,2.474401235432747,0,0,0,16,0,0,0,0,0,0,0,0,0,0,0,0,0,0.0,0.0,0.0,0.18463456284153007,0.020385423221099208,-0.0,1.0,57.81639344262295,0,16,0.10062893081761007,150.5625,93.5625,0.0,9.445619355638371,0.0,0.0,0.0,0.0,0,0,True,0.0
2025-11-27,60.0,2.474401235432747,0,0,0,16,0,0,0,0,0,0,0,0,0,0,0,0,0,0.0,0.0,0.0,0.18463456284153007,0.020385423221099208,-0.0,1.0,57.81639344262295,0,16,0.10062893081761007,151.5625,93.5625,0.0,9.445619355638371,0.0,0.0,0.0,0.0,0,0,True,0.0
2025-11-28,60.0,2.474401235432747,0,0,0,16,0,0,0,0,0,0,0,0,0,0,0,0,0,0.0,0.0,0.0,0.18463456284153007,0.020385423221099208,-0.0,1.0,57.81639344262295,0,16,0.10062893081761007,152.5625,93.5625,0.0,9.445619355638371,0.0,0.0,0.0,0.0,0,0,True,0.0
2025-11-29,60.0,2.474401235432747,0,0,0,16,0,0,0,0,0,0,0,0,0,0,0,0,0,0.0,0.0,0.0,0.18463456284153007,0.020385423221099208,-0.0,1.0,57.81639344262295,0,16,0.10062893081761007,153.5625,93.5625,0.0,9.445619355638371,0.0,0.0,0.0,0.0,0,0,True,0.0
2025-11-30,60.0,2.474401235432747,0,0,0,16,0,0,0,0,0,0,0,0,0,0,0,0,0,0.0,0.0,0.0,0.18463456284153007,0.020385423221099208,-0.0,1.0,57.81639344262295,0,16,0.10062893081761007,154.5625,93.5625,0.0,9.445619355638371,0.0,0.0,0.0,0.0,0,0,True,0.0
2025-12-01,60.0,2.474401235432747,0,0,0,16,0,0,0,0,0,0,0,0,0,0,0,0,0,0.0,0.0,0.0,0.18463456284153007,0.020385423221099208,-0.0,1.0,57.81639344262295,0,16,0.10062893081761007,155.5625,93.5625,0.0,9.445619355638371,0.0,0.0,0.0,0.0,0,0,True,0.0
2025-12-02,60.0,2.474401235432747,0,0,0,16,0,0,0,0,0,0,0,0,0,0,0,0,0,0.0,0.0,0.0,0.18463456284153007,0.020385423221099208,-0.0,1.0,57.81639344262295,0,16,0.10062893081761007,156.5625,93.5625,0.0,9.445619355638371,0.0,0.0,0.0,0.0,0,0,True,0.0
2025-12-03,60.0,2.474401235432747,0,0,0,16,0,0,0,0,0,0,0,0,0,0,0,0,0,0.0,0.0,0.0,0.18463456284153007,0.020385423221099208,-0.0,1.0,57.81639344262295,0,16,0.10062893081761007,157.5625,93.5625,0.0,9.445619355638371,0.0,0.0,0.0,0.0,0,0,True,0.0
2025-12-04,60.0,2.474401235432747,0,0,0,16,0,0,0,0,0,0,0,0,0,0,0,0,0,0.0,0.0,0.0,0.18463456284153007,0.020385423221099208,-0.0,1.0,57.81639344262295,0,16,0.10062893081761007,158.5625,93.5625,0.0,9.445619355638371,0.0,0.0,0.0,0.0,0,0,True,0.0
2025-12-05,60.0,2.474401235432747,0,0,0,16,0,0,0,0,0,0,0,0,0,0,0,0,0,0.0,0.0,0.0,0.18463456284153007,0.020385423221099208,-0.0,1.0,57.81639344262295,0,16,0.10062893081761007,159.5625,93.5625,0.0,9.445619355638371,0.0,0.0,0.0,0.0,0,0,True,0.0
2025-12-06,60.0,2.474401235432747,0,0,0,16,0,0,0,0,0,0,0,0,0,0,0,0,0,0.0,0.0,0.0,0.18463456284153007,0.020385423221099208,-0.0,1.0,57.81639344262295,0,16,0.10062893081761007,160.5625,93.5625,0.0,9.445619355638371,0.0,0.0,0.0,0.0,0,0,True,0.0
2025-12-07,60.0,2.474401235432747,0,0,0,16,0,0,0,0,0,0,0,0,0,0,0,0,0,0.0,0.0,0.0,0.18463456284153007,0.020385423221099208,-0.0,1.0,57.81639344262295,0,16,0.10062893081761007,161.5625,93.5625,0.0,9.445619355638371,0.0,0.0,0.0,0.0,0,0,True,0.0
2025-12-08,60.0,2.474401235432747,0,0,0,16,0,0,0,0,0,0,0,0,0,0,0,0,0,0.0,0.0,0.0,0.18463456284153007,0.020385423221099208,-0.0,1.0,57.81639344262295,0,16,0.10062893081761007,162.5625,93.5625,0.0,9.445619355638371,0.0,0.0,0.0,0.0,0,0,True,0.0
2025-12-09,60.0,2.474401235432747,0,0,0,16,0,0,0,0,0,0,0,0,0,0,0,0,0,0.0,0.0,0.0,0.18463456284153007,0.020385423221099208,-0.0,1.0,57.81639344262295,0,16,0.10062893081761007,163.5625,93.5625,0.0,9.445619355638371,0.0,0.0,0.0,0.0,0,0,True,0.0
2025-12-10,60.0,2.474401235432747,0,0,0,16,0,0,0,0,0,0,0,0,0,0,0,0,0,0.0,0.0,0.0,0.18463456284153007,0.020385423221099208,-0.0,1.0,57.81639344262295,0,16,0.10062893081761007,164.5625,93.5625,0.0,9.445619355638371,0.0,0.0,0.0,0.0,0,0,True,0.0
2025-12-11,60.0,2.474401235432747,0,0,0,16,0,0,0,0,0,0,0,0,0,0,0,0,0,0.0,0.0,0.0,0.18463456284153007,0.020385423221099208,-0.0,1.0,57.81639344262295,0,16,0.10062893081761007,165.5625,93.5625,0.0,9.445619355638371,0.0,0.0,0.0,0.0,0,0,True,0.0
2025-12-12,60.0,2.474401235432747,0,0,0,16,0,0,0,0,0,0,0,0,0,0,0,0,0,0.0,0.0,0.0,0.18463456284153007,0.020385423221099208,-0.0,1.0,57.81639344262295,0,16,0.10062893081761007,166.5625,93.5625,0.0,9.445619355638371,0.0,0.0,0.0,0.0,0,0,True,0.0
2025-12-13,60.0,2.474401235432747,0,0,0,16,0,0,0,0,0,0,0,0,0,0,0,0,0,0.0,0.0,0.0,0.18463456284153007,0.020385423221099208,-0.0,1.0,57.81639344262295,0,16,0.10062893081761007,167.5625,93.5625,0.0,9.445619355638371,0.0,0.0,0.0,0.0,0,0,True,0.0
2025-12-14,60.0,2.474401235432747,0,0,0,16,0,0,0,0,0,0,0,0,0,0,0,0,0,0.0,0.0,0.0,0.18463456284153007,0.020385423221099208,-0.0,1.0,57.81639344262295,0,16,0.10062893081761007,168.5625,93.5625,0.0,9.445619355638371,0.0,0.0,0.0,0.0,0,0,True,0.0
2025-12-15,60.0,2.474401235432747,0,0,0,16,0,0,0,0,0,0,0,0,0,0,0,0,0,0.0,0.0,0.0,0.18463456284153007,0.020385423221099208,-0.0,1.0,57.81639344262295,0,16,0.10062893081761007,169.5625,93.5625,0.0,9.445619355638371,0.0,0.0,0.0,0.0,0,0,True,0.0
2025-12-16,60.0,2.474401235432747,0,0,0,16,0,0,0,0,0,0,0,0,0,0,0,0,0,0.0,0.0,0.0,0.18463456284153007,0.020385423221099208,-0.0,1.0,57.81639344262295,0,16,0.10062893081761007,170.5625,93.5625,0.0,9.445619355638371,0.0,0.0,0.0,0.0,0,0,True,0.0
2025-12-17,60.0,2.474401235432747,0,0,0,16,0,0,0,0,0,0,0,0,0,0,0,0,0,0.0,0.0,0.0,0.18463456284153007,0.020385423221099208,-0.0,1.0,57.81639344262295,0,16,0.10062893081761007,171.5625,93.5625,0.0,9.445619355638371,0.0,0.0,0.0,0.0,0,0,True,0.0
2025-12-18,60.0,2.474401235432747,0,0,0,16,0,0,0,0,0,0,0,0,0,0,0,0,0,0.0,0.0,0.0,0.18463456284153007,0.020385423221099208,-0.0,1.0,57.81639344262295,0,16,0.10062893081761007,172.5625,93.5625,0.0,9.445619355638371,0.0,0.0,0.0,0.0,0,0,True,0.0
2025-12-19,60.0,2.474401235432747,0,0,0,16,0,0,0,0,0,0,0,0,0,0,0,0,0,0.0,0.0,0.0,0.18463456284153007,0.020385423221099208,-0.0,1.0,57.81639344262295,0,16,0.10062893081761007,173.5625,93.5625,0.0,9.445619355638371,0.0,0.0,0.0,0.0,0,0,True,0.0
2025-12-20,60.0,2.474401235432747,0,0,0,16,0,0,0,0,0,0,0,0,0,0,0,0,0,0.0,0.0,0.0,0.18463456284153007,0.020385423221099208,-0.0,1.0,57.81639344262295,0,16,0.10062893081761007,174.5625,93.5625,0.0,9.445619355638371,0.0,0.0,0.0,0.0,0,0,True,0.0
2025-12-21,60.0,2.474401235432747,0,0,0,16,0,0,0,0,0,0,0,0,0,0,0,0,0,0.0,0.0,0.0,0.18463456284153007,0.020385423221099208,-0.0,1.0,57.81639344262295,0,16,0.10062893081761007,175.5625,93.5625,0.0,9.445619355638371,0.0,0.0,0.0,0.0,0,0,True,0.0
2025-12-22,60.0,2.474401235432747,0,0,0,16,0,0,0,0,0,0,0,0,0,0,0,0,0,0.0,0.0,0.0,0.18463456284153007,0.020385423221099208,-0.0,1.0,57.81639344262295,0,16,0.10062893081761007,176.5625,93.5625,0.0,9.445619355638371,0.0,0.0,0.0,0.0,0,0,True,0.0
2025-12-23,60.0,2.474401235432747,0,0,0,16,0,0,0,0,0,0,0,0,0,0,0,0,0,0.0,0.0,0.0,0.18463456284153007,0.020385423221099208,-0.0,1.0,57.81639344262295,0,16,0.10062893081761007,177.5625,93.5625,0.0,9.445619355638371,0.0,0.0,0.0,0.0,0,0,True,0.0
2025-12-24,60.0,2.474401235432747,0,0,0,16,0,0,0,0,0,0,0,0,0,0,0,0,0,0.0,0.0,0.0,0.18463456284153007,0.020385423221099208,-0.0,1.0,57.81639344262295,0,16,0.10062893081761007,178.5625,93.5625,0.0,9.445619355638371,0.0,0.0,0.0,0.0,0,0,True,0.0
2025-12-25,60.0,2.474401235432747,0,0,0,16,0,0,0,0,0,0,0,0,0,0,0,0,0,0.0,0.0,0.0,0.18463456284153007,0.020385423221099208,-0.0,1.0,57.81639344262295,0,16,0.10062893081761007,179.5625,93.5625,0.0,9.445619355638371,0.0,0.0,0.0,0.0,0,0,True,0.0
2025-12-26,60.0,2.474401235432747,0,0,0,16,0,0,0,0,0,0,0,0,0,0,0,0,0,0.0,0.0,0.0,0.18463456284153007,0.020385423221099208,-0.0,1.0,57.81639344262295,0,16,0.10062893081761007,180.5625,93.5625,0.0,9.445619355638371,0.0,0.0,0.0,0.0,0,0,True,0.0
2025-12-27,60.0,2.474401235432747,0,0,0,16,0,0,0,0,0,0,0,0,0,0,0,0,0,0.0,0.0,0.0,0.18463456284153007,0.020385423221099208,-0.0,1.0,57.81639344262295,0,16,0.10062893081761007,181.5625,93.5625,0.0,9.445619355638371,0.0,0.0,0.0,0.0,0,0,True,0.0
2025-12-28,60.0,2.474401235432747,0,0,0,16,0,0,0,0,0,0,0,0,0,0,0,0,0,0.0,0.0,0.0,0.18463456284153007,0.020385423221099208,-0.0,1.0,57.81639344262295,0,16,0.10062893081761007,182.5625,93.5625,0.0,9.445619355638371,0.0,0.0,0.0,0.0,0,0,True,0.0
2025-12-29,60.0,2.474401235432747,0,0,0,16,0,0,0,0,0,0,0,0,0,0,0,0,0,0.0,0.0,0.0,0.18463456284153007,0.020385423221099208,-0.0,1.0,57.81639344262295,0,16,0.10062893081761007,183.5625,93.5625,0.0,9.445619355638371,0.0,0.0,0.0,0.0,0,0,True,0.0
2025-12-30,60.0,2.474401235432747,0,0,0,16,0,0,0,0,0,0,0,0,0,0,0,0,0,0.0,0.0,0.0,0.18463456284153007,0.020385423221099208,-0.0,1.0,57.81639344262295,0,16,0.10062893081761007,184.5625,93.5625,0.0,9.445619355638371,0.0,0.0,0.0,0.0,0,0,True,0.0
2025-12-31,60.0,2.474401235432747,0,0,0,16,0,0,0,0,0,0,0,0,0,0,0,0,0,0.0,0.0,0.0,0.18463456284153007,0.020385423221099208,-0.0,1.0,57.81639344262295,0,16,0.10062893081761007,185.5625,93.5625,0.0,9.445619355638371,0.0,0.0,0.0,0.0,0,0,True,0.0
